{"type": "FeatureCollection", "name": "BioClima bioclimatic zones (Finland, PCI-based)", "metadata": {"computed_at": "2026-05-15T13:16:32Z", "derivedFrom": "ogc.bioclima.indicator.pci", "downsample": 4, "thresholds": {"strong_advance": {"min": -1000000000.0, "max": -0.5}, "mild_advance": {"min": -0.5, "max": -0.2}, "stable": {"min": -0.2, "max": 0.2}, "delay": {"min": 0.2, "max": 1000000000.0}}}, "features": [{"type": "Feature", "id": "zone-00000", "geometry": {"type": "Polygon", "coordinates": [[[27.928471679822355, 58.788018925823664], [27.995109295903244, 58.788018925823664], [27.995109295903244, 58.854777477532465], [27.928471679822355, 58.854777477532465], [27.928471679822355, 58.788018925823664]]]}, "properties": {"category": "https://maytetoscano.github.io/Bioclima_OGC/def/indicator/zone-stable", "categoryKey": "stable", "categoryLabel": {"en": "Stable phenology zone", "es": "Zona de fenolog\u00eda estable", "zh": "\u7269\u5019\u7a33\u5b9a\u533a", "ro": "Zon\u0103 cu fenologie stabil\u0103"}, "pci_value": -0.08461228013038635, "policyRelevance": ["https://maytetoscano.github.io/Bioclima_OGC/def/policy/kmgbf-target-1", "https://maytetoscano.github.io/Bioclima_OGC/def/policy/kmgbf-target-8"]}}, {"type": "Feature", "id": "zone-00001", "geometry": {"type": "Polygon", "coordinates": [[[26.329168893880972, 59.0550531326589], [26.39580650996186, 59.0550531326589], [26.39580650996186, 59.121811684367714], [26.329168893880972, 59.121811684367714], [26.329168893880972, 59.0550531326589]]]}, "properties": {"category": "https://maytetoscano.github.io/Bioclima_OGC/def/indicator/zone-stable", "categoryKey": "stable", "categoryLabel": {"en": "Stable phenology zone", "es": "Zona de fenolog\u00eda estable", "zh": "\u7269\u5019\u7a33\u5b9a\u533a", "ro": "Zon\u0103 cu fenologie stabil\u0103"}, "pci_value": -0.05032336339354515, "policyRelevance": ["https://maytetoscano.github.io/Bioclima_OGC/def/policy/kmgbf-target-1", "https://maytetoscano.github.io/Bioclima_OGC/def/policy/kmgbf-target-8"]}}, {"type": "Feature", "id": "zone-00002", "geometry": {"type": "Polygon", "coordinates": [[[26.595719358204537, 59.0550531326589], [26.662356974285427, 59.0550531326589], [26.662356974285427, 59.121811684367714], [26.595719358204537, 59.121811684367714], [26.595719358204537, 59.0550531326589]]]}, "properties": {"category": "https://maytetoscano.github.io/Bioclima_OGC/def/indicator/zone-mild-advance", "categoryKey": "mild_advance", "categoryLabel": {"en": "Mild phenological advance", "es": "Adelanto fenol\u00f3gico leve", "zh": "\u7269\u5019\u8f7b\u5fae\u63d0\u524d", "ro": "Avans fenologic u\u0219or"}, "pci_value": -0.26318076252937317, "policyRelevance": ["https://maytetoscano.github.io/Bioclima_OGC/def/policy/kmgbf-target-1", "https://maytetoscano.github.io/Bioclima_OGC/def/policy/kmgbf-target-8"]}}, {"type": "Feature", "id": "zone-00003", "geometry": {"type": "Polygon", "coordinates": [[[26.862269822528102, 59.0550531326589], [26.92890743860899, 59.0550531326589], [26.92890743860899, 59.121811684367714], [26.862269822528102, 59.121811684367714], [26.862269822528102, 59.0550531326589]]]}, "properties": {"category": "https://maytetoscano.github.io/Bioclima_OGC/def/indicator/zone-delay", "categoryKey": "delay", "categoryLabel": {"en": "Phenological delay zone", "es": "Zona de retraso fenol\u00f3gico", "zh": "\u7269\u5019\u5ef6\u8fdf\u533a", "ro": "Zon\u0103 cu \u00eent\u00e2rziere fenologic\u0103"}, "pci_value": 0.20141422748565674, "policyRelevance": ["https://maytetoscano.github.io/Bioclima_OGC/def/policy/kmgbf-target-1", "https://maytetoscano.github.io/Bioclima_OGC/def/policy/kmgbf-target-8"]}}, {"type": "Feature", "id": "zone-00004", "geometry": {"type": "Polygon", "coordinates": [[[27.128820286851663, 59.0550531326589], [27.195457902932553, 59.0550531326589], [27.195457902932553, 59.121811684367714], [27.128820286851663, 59.121811684367714], [27.128820286851663, 59.0550531326589]]]}, "properties": {"category": "https://maytetoscano.github.io/Bioclima_OGC/def/indicator/zone-delay", "categoryKey": "delay", "categoryLabel": {"en": "Phenological delay zone", "es": "Zona de retraso fenol\u00f3gico", "zh": "\u7269\u5019\u5ef6\u8fdf\u533a", "ro": "Zon\u0103 cu \u00eent\u00e2rziere fenologic\u0103"}, "pci_value": 0.6571624279022217, "policyRelevance": ["https://maytetoscano.github.io/Bioclima_OGC/def/policy/kmgbf-target-1", "https://maytetoscano.github.io/Bioclima_OGC/def/policy/kmgbf-target-8"]}}, {"type": "Feature", "id": "zone-00005", "geometry": {"type": "Polygon", "coordinates": [[[27.395370751175225, 59.0550531326589], [27.462008367256114, 59.0550531326589], [27.462008367256114, 59.121811684367714], [27.395370751175225, 59.121811684367714], [27.395370751175225, 59.0550531326589]]]}, "properties": {"category": "https://maytetoscano.github.io/Bioclima_OGC/def/indicator/zone-delay", "categoryKey": "delay", "categoryLabel": {"en": "Phenological delay zone", "es": "Zona de retraso fenol\u00f3gico", "zh": "\u7269\u5019\u5ef6\u8fdf\u533a", "ro": "Zon\u0103 cu \u00eent\u00e2rziere fenologic\u0103"}, "pci_value": 0.24840328097343445, "policyRelevance": ["https://maytetoscano.github.io/Bioclima_OGC/def/policy/kmgbf-target-1", "https://maytetoscano.github.io/Bioclima_OGC/def/policy/kmgbf-target-8"]}}, {"type": "Feature", "id": "zone-00006", "geometry": {"type": "Polygon", "coordinates": [[[27.66192121549879, 59.0550531326589], [27.72855883157968, 59.0550531326589], [27.72855883157968, 59.121811684367714], [27.66192121549879, 59.121811684367714], [27.66192121549879, 59.0550531326589]]]}, "properties": {"category": "https://maytetoscano.github.io/Bioclima_OGC/def/indicator/zone-stable", "categoryKey": "stable", "categoryLabel": {"en": "Stable phenology zone", "es": "Zona de fenolog\u00eda estable", "zh": "\u7269\u5019\u7a33\u5b9a\u533a", "ro": "Zon\u0103 cu fenologie stabil\u0103"}, "pci_value": -0.1822132170200348, "policyRelevance": ["https://maytetoscano.github.io/Bioclima_OGC/def/policy/kmgbf-target-1", "https://maytetoscano.github.io/Bioclima_OGC/def/policy/kmgbf-target-8"]}}, {"type": "Feature", "id": "zone-00007", "geometry": {"type": "Polygon", "coordinates": [[[27.928471679822355, 59.0550531326589], [27.995109295903244, 59.0550531326589], [27.995109295903244, 59.121811684367714], [27.928471679822355, 59.121811684367714], [27.928471679822355, 59.0550531326589]]]}, "properties": {"category": "https://maytetoscano.github.io/Bioclima_OGC/def/indicator/zone-mild-advance", "categoryKey": "mild_advance", "categoryLabel": {"en": "Mild phenological advance", "es": "Adelanto fenol\u00f3gico leve", "zh": "\u7269\u5019\u8f7b\u5fae\u63d0\u524d", "ro": "Avans fenologic u\u0219or"}, "pci_value": -0.21697565913200378, "policyRelevance": ["https://maytetoscano.github.io/Bioclima_OGC/def/policy/kmgbf-target-1", "https://maytetoscano.github.io/Bioclima_OGC/def/policy/kmgbf-target-8"]}}, {"type": "Feature", "id": "zone-00008", "geometry": {"type": "Polygon", "coordinates": [[[28.19502214414592, 59.0550531326589], [28.26165976022681, 59.0550531326589], [28.26165976022681, 59.121811684367714], [28.19502214414592, 59.121811684367714], [28.19502214414592, 59.0550531326589]]]}, "properties": {"category": "https://maytetoscano.github.io/Bioclima_OGC/def/indicator/zone-mild-advance", "categoryKey": "mild_advance", "categoryLabel": {"en": "Mild phenological advance", "es": "Adelanto fenol\u00f3gico leve", "zh": "\u7269\u5019\u8f7b\u5fae\u63d0\u524d", "ro": "Avans fenologic u\u0219or"}, "pci_value": -0.25874999165534973, "policyRelevance": ["https://maytetoscano.github.io/Bioclima_OGC/def/policy/kmgbf-target-1", "https://maytetoscano.github.io/Bioclima_OGC/def/policy/kmgbf-target-8"]}}, {"type": "Feature", "id": "zone-00009", "geometry": {"type": "Polygon", "coordinates": [[[28.46157260846948, 59.0550531326589], [28.52821022455037, 59.0550531326589], [28.52821022455037, 59.121811684367714], [28.46157260846948, 59.121811684367714], [28.46157260846948, 59.0550531326589]]]}, "properties": {"category": "https://maytetoscano.github.io/Bioclima_OGC/def/indicator/zone-stable", "categoryKey": "stable", "categoryLabel": {"en": "Stable phenology zone", "es": "Zona de fenolog\u00eda estable", "zh": "\u7269\u5019\u7a33\u5b9a\u533a", "ro": "Zon\u0103 cu fenologie stabil\u0103"}, "pci_value": -0.09385862946510315, "policyRelevance": ["https://maytetoscano.github.io/Bioclima_OGC/def/policy/kmgbf-target-1", "https://maytetoscano.github.io/Bioclima_OGC/def/policy/kmgbf-target-8"]}}, {"type": "Feature", "id": "zone-00010", "geometry": {"type": "Polygon", "coordinates": [[[26.06261842955741, 59.322087339494146], [26.1292560456383, 59.322087339494146], [26.1292560456383, 59.38884589120296], [26.06261842955741, 59.38884589120296], [26.06261842955741, 59.322087339494146]]]}, "properties": {"category": "https://maytetoscano.github.io/Bioclima_OGC/def/indicator/zone-stable", "categoryKey": "stable", "categoryLabel": {"en": "Stable phenology zone", "es": "Zona de fenolog\u00eda estable", "zh": "\u7269\u5019\u7a33\u5b9a\u533a", "ro": "Zon\u0103 cu fenologie stabil\u0103"}, "pci_value": -0.02274044044315815, "policyRelevance": ["https://maytetoscano.github.io/Bioclima_OGC/def/policy/kmgbf-target-1", "https://maytetoscano.github.io/Bioclima_OGC/def/policy/kmgbf-target-8"]}}, {"type": "Feature", "id": "zone-00011", "geometry": {"type": "Polygon", "coordinates": [[[26.329168893880972, 59.322087339494146], [26.39580650996186, 59.322087339494146], [26.39580650996186, 59.38884589120296], [26.329168893880972, 59.38884589120296], [26.329168893880972, 59.322087339494146]]]}, "properties": {"category": "https://maytetoscano.github.io/Bioclima_OGC/def/indicator/zone-stable", "categoryKey": "stable", "categoryLabel": {"en": "Stable phenology zone", "es": "Zona de fenolog\u00eda estable", "zh": "\u7269\u5019\u7a33\u5b9a\u533a", "ro": "Zon\u0103 cu fenologie stabil\u0103"}, "pci_value": -0.10066627711057663, "policyRelevance": ["https://maytetoscano.github.io/Bioclima_OGC/def/policy/kmgbf-target-1", "https://maytetoscano.github.io/Bioclima_OGC/def/policy/kmgbf-target-8"]}}, {"type": "Feature", "id": "zone-00012", "geometry": {"type": "Polygon", "coordinates": [[[26.595719358204537, 59.322087339494146], [26.662356974285427, 59.322087339494146], [26.662356974285427, 59.38884589120296], [26.595719358204537, 59.38884589120296], [26.595719358204537, 59.322087339494146]]]}, "properties": {"category": "https://maytetoscano.github.io/Bioclima_OGC/def/indicator/zone-delay", "categoryKey": "delay", "categoryLabel": {"en": "Phenological delay zone", "es": "Zona de retraso fenol\u00f3gico", "zh": "\u7269\u5019\u5ef6\u8fdf\u533a", "ro": "Zon\u0103 cu \u00eent\u00e2rziere fenologic\u0103"}, "pci_value": 0.4532630145549774, "policyRelevance": ["https://maytetoscano.github.io/Bioclima_OGC/def/policy/kmgbf-target-1", "https://maytetoscano.github.io/Bioclima_OGC/def/policy/kmgbf-target-8"]}}, {"type": "Feature", "id": "zone-00013", "geometry": {"type": "Polygon", "coordinates": [[[26.862269822528102, 59.322087339494146], [26.92890743860899, 59.322087339494146], [26.92890743860899, 59.38884589120296], [26.862269822528102, 59.38884589120296], [26.862269822528102, 59.322087339494146]]]}, "properties": {"category": "https://maytetoscano.github.io/Bioclima_OGC/def/indicator/zone-stable", "categoryKey": "stable", "categoryLabel": {"en": "Stable phenology zone", "es": "Zona de fenolog\u00eda estable", "zh": "\u7269\u5019\u7a33\u5b9a\u533a", "ro": "Zon\u0103 cu fenologie stabil\u0103"}, "pci_value": 0.1885426938533783, "policyRelevance": ["https://maytetoscano.github.io/Bioclima_OGC/def/policy/kmgbf-target-1", "https://maytetoscano.github.io/Bioclima_OGC/def/policy/kmgbf-target-8"]}}, {"type": "Feature", "id": "zone-00014", "geometry": {"type": "Polygon", "coordinates": [[[27.128820286851663, 59.322087339494146], [27.195457902932553, 59.322087339494146], [27.195457902932553, 59.38884589120296], [27.128820286851663, 59.38884589120296], [27.128820286851663, 59.322087339494146]]]}, "properties": {"category": "https://maytetoscano.github.io/Bioclima_OGC/def/indicator/zone-stable", "categoryKey": "stable", "categoryLabel": {"en": "Stable phenology zone", "es": "Zona de fenolog\u00eda estable", "zh": "\u7269\u5019\u7a33\u5b9a\u533a", "ro": "Zon\u0103 cu fenologie stabil\u0103"}, "pci_value": 0.12728102505207062, "policyRelevance": ["https://maytetoscano.github.io/Bioclima_OGC/def/policy/kmgbf-target-1", "https://maytetoscano.github.io/Bioclima_OGC/def/policy/kmgbf-target-8"]}}, {"type": "Feature", "id": "zone-00015", "geometry": {"type": "Polygon", "coordinates": [[[27.395370751175225, 59.322087339494146], [27.462008367256114, 59.322087339494146], [27.462008367256114, 59.38884589120296], [27.395370751175225, 59.38884589120296], [27.395370751175225, 59.322087339494146]]]}, "properties": {"category": "https://maytetoscano.github.io/Bioclima_OGC/def/indicator/zone-delay", "categoryKey": "delay", "categoryLabel": {"en": "Phenological delay zone", "es": "Zona de retraso fenol\u00f3gico", "zh": "\u7269\u5019\u5ef6\u8fdf\u533a", "ro": "Zon\u0103 cu \u00eent\u00e2rziere fenologic\u0103"}, "pci_value": 0.24520985782146454, "policyRelevance": ["https://maytetoscano.github.io/Bioclima_OGC/def/policy/kmgbf-target-1", "https://maytetoscano.github.io/Bioclima_OGC/def/policy/kmgbf-target-8"]}}, {"type": "Feature", "id": "zone-00016", "geometry": {"type": "Polygon", "coordinates": [[[27.66192121549879, 59.322087339494146], [27.72855883157968, 59.322087339494146], [27.72855883157968, 59.38884589120296], [27.66192121549879, 59.38884589120296], [27.66192121549879, 59.322087339494146]]]}, "properties": {"category": "https://maytetoscano.github.io/Bioclima_OGC/def/indicator/zone-delay", "categoryKey": "delay", "categoryLabel": {"en": "Phenological delay zone", "es": "Zona de retraso fenol\u00f3gico", "zh": "\u7269\u5019\u5ef6\u8fdf\u533a", "ro": "Zon\u0103 cu \u00eent\u00e2rziere fenologic\u0103"}, "pci_value": 0.2681054472923279, "policyRelevance": ["https://maytetoscano.github.io/Bioclima_OGC/def/policy/kmgbf-target-1", "https://maytetoscano.github.io/Bioclima_OGC/def/policy/kmgbf-target-8"]}}, {"type": "Feature", "id": "zone-00017", "geometry": {"type": "Polygon", "coordinates": [[[27.928471679822355, 59.322087339494146], [27.995109295903244, 59.322087339494146], [27.995109295903244, 59.38884589120296], [27.928471679822355, 59.38884589120296], [27.928471679822355, 59.322087339494146]]]}, "properties": {"category": "https://maytetoscano.github.io/Bioclima_OGC/def/indicator/zone-stable", "categoryKey": "stable", "categoryLabel": {"en": "Stable phenology zone", "es": "Zona de fenolog\u00eda estable", "zh": "\u7269\u5019\u7a33\u5b9a\u533a", "ro": "Zon\u0103 cu fenologie stabil\u0103"}, "pci_value": 0.048585765063762665, "policyRelevance": ["https://maytetoscano.github.io/Bioclima_OGC/def/policy/kmgbf-target-1", "https://maytetoscano.github.io/Bioclima_OGC/def/policy/kmgbf-target-8"]}}, {"type": "Feature", "id": "zone-00018", "geometry": {"type": "Polygon", "coordinates": [[[28.19502214414592, 59.322087339494146], [28.26165976022681, 59.322087339494146], [28.26165976022681, 59.38884589120296], [28.19502214414592, 59.38884589120296], [28.19502214414592, 59.322087339494146]]]}, "properties": {"category": "https://maytetoscano.github.io/Bioclima_OGC/def/indicator/zone-delay", "categoryKey": "delay", "categoryLabel": {"en": "Phenological delay zone", "es": "Zona de retraso fenol\u00f3gico", "zh": "\u7269\u5019\u5ef6\u8fdf\u533a", "ro": "Zon\u0103 cu \u00eent\u00e2rziere fenologic\u0103"}, "pci_value": 0.20597627758979797, "policyRelevance": ["https://maytetoscano.github.io/Bioclima_OGC/def/policy/kmgbf-target-1", "https://maytetoscano.github.io/Bioclima_OGC/def/policy/kmgbf-target-8"]}}, {"type": "Feature", "id": "zone-00019", "geometry": {"type": "Polygon", "coordinates": [[[28.46157260846948, 59.322087339494146], [28.52821022455037, 59.322087339494146], [28.52821022455037, 59.38884589120296], [28.46157260846948, 59.38884589120296], [28.46157260846948, 59.322087339494146]]]}, "properties": {"category": "https://maytetoscano.github.io/Bioclima_OGC/def/indicator/zone-stable", "categoryKey": "stable", "categoryLabel": {"en": "Stable phenology zone", "es": "Zona de fenolog\u00eda estable", "zh": "\u7269\u5019\u7a33\u5b9a\u533a", "ro": "Zon\u0103 cu fenologie stabil\u0103"}, "pci_value": 0.10867065191268921, "policyRelevance": ["https://maytetoscano.github.io/Bioclima_OGC/def/policy/kmgbf-target-1", "https://maytetoscano.github.io/Bioclima_OGC/def/policy/kmgbf-target-8"]}}, {"type": "Feature", "id": "zone-00020", "geometry": {"type": "Polygon", "coordinates": [[[28.728123072793043, 59.322087339494146], [28.794760688873932, 59.322087339494146], [28.794760688873932, 59.38884589120296], [28.728123072793043, 59.38884589120296], [28.728123072793043, 59.322087339494146]]]}, "properties": {"category": "https://maytetoscano.github.io/Bioclima_OGC/def/indicator/zone-stable", "categoryKey": "stable", "categoryLabel": {"en": "Stable phenology zone", "es": "Zona de fenolog\u00eda estable", "zh": "\u7269\u5019\u7a33\u5b9a\u533a", "ro": "Zon\u0103 cu fenologie stabil\u0103"}, "pci_value": 0.07085633277893066, "policyRelevance": ["https://maytetoscano.github.io/Bioclima_OGC/def/policy/kmgbf-target-1", "https://maytetoscano.github.io/Bioclima_OGC/def/policy/kmgbf-target-8"]}}, {"type": "Feature", "id": "zone-00021", "geometry": {"type": "Polygon", "coordinates": [[[28.994673537116608, 59.322087339494146], [29.061311153197497, 59.322087339494146], [29.061311153197497, 59.38884589120296], [28.994673537116608, 59.38884589120296], [28.994673537116608, 59.322087339494146]]]}, "properties": {"category": "https://maytetoscano.github.io/Bioclima_OGC/def/indicator/zone-stable", "categoryKey": "stable", "categoryLabel": {"en": "Stable phenology zone", "es": "Zona de fenolog\u00eda estable", "zh": "\u7269\u5019\u7a33\u5b9a\u533a", "ro": "Zon\u0103 cu fenologie stabil\u0103"}, "pci_value": 0.0861332044005394, "policyRelevance": ["https://maytetoscano.github.io/Bioclima_OGC/def/policy/kmgbf-target-1", "https://maytetoscano.github.io/Bioclima_OGC/def/policy/kmgbf-target-8"]}}, {"type": "Feature", "id": "zone-00022", "geometry": {"type": "Polygon", "coordinates": [[[21.26471007173327, 59.589121546329395], [21.33134768781416, 59.589121546329395], [21.33134768781416, 59.655880098038196], [21.26471007173327, 59.655880098038196], [21.26471007173327, 59.589121546329395]]]}, "properties": {"category": "https://maytetoscano.github.io/Bioclima_OGC/def/indicator/zone-mild-advance", "categoryKey": "mild_advance", "categoryLabel": {"en": "Mild phenological advance", "es": "Adelanto fenol\u00f3gico leve", "zh": "\u7269\u5019\u8f7b\u5fae\u63d0\u524d", "ro": "Avans fenologic u\u0219or"}, "pci_value": -0.3119419515132904, "policyRelevance": ["https://maytetoscano.github.io/Bioclima_OGC/def/policy/kmgbf-target-1", "https://maytetoscano.github.io/Bioclima_OGC/def/policy/kmgbf-target-8"]}}, {"type": "Feature", "id": "zone-00023", "geometry": {"type": "Polygon", "coordinates": [[[21.53126053605683, 59.589121546329395], [21.59789815213772, 59.589121546329395], [21.59789815213772, 59.655880098038196], [21.53126053605683, 59.655880098038196], [21.53126053605683, 59.589121546329395]]]}, "properties": {"category": "https://maytetoscano.github.io/Bioclima_OGC/def/indicator/zone-delay", "categoryKey": "delay", "categoryLabel": {"en": "Phenological delay zone", "es": "Zona de retraso fenol\u00f3gico", "zh": "\u7269\u5019\u5ef6\u8fdf\u533a", "ro": "Zon\u0103 cu \u00eent\u00e2rziere fenologic\u0103"}, "pci_value": 0.8128620982170105, "policyRelevance": ["https://maytetoscano.github.io/Bioclima_OGC/def/policy/kmgbf-target-1", "https://maytetoscano.github.io/Bioclima_OGC/def/policy/kmgbf-target-8"]}}, {"type": "Feature", "id": "zone-00024", "geometry": {"type": "Polygon", "coordinates": [[[25.79606796523385, 59.589121546329395], [25.86270558131474, 59.589121546329395], [25.86270558131474, 59.655880098038196], [25.79606796523385, 59.655880098038196], [25.79606796523385, 59.589121546329395]]]}, "properties": {"category": "https://maytetoscano.github.io/Bioclima_OGC/def/indicator/zone-stable", "categoryKey": "stable", "categoryLabel": {"en": "Stable phenology zone", "es": "Zona de fenolog\u00eda estable", "zh": "\u7269\u5019\u7a33\u5b9a\u533a", "ro": "Zon\u0103 cu fenologie stabil\u0103"}, "pci_value": -0.0022810217924416065, "policyRelevance": ["https://maytetoscano.github.io/Bioclima_OGC/def/policy/kmgbf-target-1", "https://maytetoscano.github.io/Bioclima_OGC/def/policy/kmgbf-target-8"]}}, {"type": "Feature", "id": "zone-00025", "geometry": {"type": "Polygon", "coordinates": [[[26.06261842955741, 59.589121546329395], [26.1292560456383, 59.589121546329395], [26.1292560456383, 59.655880098038196], [26.06261842955741, 59.655880098038196], [26.06261842955741, 59.589121546329395]]]}, "properties": {"category": "https://maytetoscano.github.io/Bioclima_OGC/def/indicator/zone-delay", "categoryKey": "delay", "categoryLabel": {"en": "Phenological delay zone", "es": "Zona de retraso fenol\u00f3gico", "zh": "\u7269\u5019\u5ef6\u8fdf\u533a", "ro": "Zon\u0103 cu \u00eent\u00e2rziere fenologic\u0103"}, "pci_value": 0.21738138794898987, "policyRelevance": ["https://maytetoscano.github.io/Bioclima_OGC/def/policy/kmgbf-target-1", "https://maytetoscano.github.io/Bioclima_OGC/def/policy/kmgbf-target-8"]}}, {"type": "Feature", "id": "zone-00026", "geometry": {"type": "Polygon", "coordinates": [[[26.329168893880972, 59.589121546329395], [26.39580650996186, 59.589121546329395], [26.39580650996186, 59.655880098038196], [26.329168893880972, 59.655880098038196], [26.329168893880972, 59.589121546329395]]]}, "properties": {"category": "https://maytetoscano.github.io/Bioclima_OGC/def/indicator/zone-stable", "categoryKey": "stable", "categoryLabel": {"en": "Stable phenology zone", "es": "Zona de fenolog\u00eda estable", "zh": "\u7269\u5019\u7a33\u5b9a\u533a", "ro": "Zon\u0103 cu fenologie stabil\u0103"}, "pci_value": 0.14142335951328278, "policyRelevance": ["https://maytetoscano.github.io/Bioclima_OGC/def/policy/kmgbf-target-1", "https://maytetoscano.github.io/Bioclima_OGC/def/policy/kmgbf-target-8"]}}, {"type": "Feature", "id": "zone-00027", "geometry": {"type": "Polygon", "coordinates": [[[26.595719358204537, 59.589121546329395], [26.662356974285427, 59.589121546329395], [26.662356974285427, 59.655880098038196], [26.595719358204537, 59.655880098038196], [26.595719358204537, 59.589121546329395]]]}, "properties": {"category": "https://maytetoscano.github.io/Bioclima_OGC/def/indicator/zone-delay", "categoryKey": "delay", "categoryLabel": {"en": "Phenological delay zone", "es": "Zona de retraso fenol\u00f3gico", "zh": "\u7269\u5019\u5ef6\u8fdf\u533a", "ro": "Zon\u0103 cu \u00eent\u00e2rziere fenologic\u0103"}, "pci_value": 0.2660793960094452, "policyRelevance": ["https://maytetoscano.github.io/Bioclima_OGC/def/policy/kmgbf-target-1", "https://maytetoscano.github.io/Bioclima_OGC/def/policy/kmgbf-target-8"]}}, {"type": "Feature", "id": "zone-00028", "geometry": {"type": "Polygon", "coordinates": [[[26.862269822528102, 59.589121546329395], [26.92890743860899, 59.589121546329395], [26.92890743860899, 59.655880098038196], [26.862269822528102, 59.655880098038196], [26.862269822528102, 59.589121546329395]]]}, "properties": {"category": "https://maytetoscano.github.io/Bioclima_OGC/def/indicator/zone-stable", "categoryKey": "stable", "categoryLabel": {"en": "Stable phenology zone", "es": "Zona de fenolog\u00eda estable", "zh": "\u7269\u5019\u7a33\u5b9a\u533a", "ro": "Zon\u0103 cu fenologie stabil\u0103"}, "pci_value": 0.07299269735813141, "policyRelevance": ["https://maytetoscano.github.io/Bioclima_OGC/def/policy/kmgbf-target-1", "https://maytetoscano.github.io/Bioclima_OGC/def/policy/kmgbf-target-8"]}}, {"type": "Feature", "id": "zone-00029", "geometry": {"type": "Polygon", "coordinates": [[[27.128820286851663, 59.589121546329395], [27.195457902932553, 59.589121546329395], [27.195457902932553, 59.655880098038196], [27.128820286851663, 59.655880098038196], [27.128820286851663, 59.589121546329395]]]}, "properties": {"category": "https://maytetoscano.github.io/Bioclima_OGC/def/indicator/zone-stable", "categoryKey": "stable", "categoryLabel": {"en": "Stable phenology zone", "es": "Zona de fenolog\u00eda estable", "zh": "\u7269\u5019\u7a33\u5b9a\u533a", "ro": "Zon\u0103 cu fenologie stabil\u0103"}, "pci_value": 0.030565693974494934, "policyRelevance": ["https://maytetoscano.github.io/Bioclima_OGC/def/policy/kmgbf-target-1", "https://maytetoscano.github.io/Bioclima_OGC/def/policy/kmgbf-target-8"]}}, {"type": "Feature", "id": "zone-00030", "geometry": {"type": "Polygon", "coordinates": [[[27.395370751175225, 59.589121546329395], [27.462008367256114, 59.589121546329395], [27.462008367256114, 59.655880098038196], [27.395370751175225, 59.655880098038196], [27.395370751175225, 59.589121546329395]]]}, "properties": {"category": "https://maytetoscano.github.io/Bioclima_OGC/def/indicator/zone-delay", "categoryKey": "delay", "categoryLabel": {"en": "Phenological delay zone", "es": "Zona de retraso fenol\u00f3gico", "zh": "\u7269\u5019\u5ef6\u8fdf\u533a", "ro": "Zon\u0103 cu \u00eent\u00e2rziere fenologic\u0103"}, "pci_value": 0.2264881432056427, "policyRelevance": ["https://maytetoscano.github.io/Bioclima_OGC/def/policy/kmgbf-target-1", "https://maytetoscano.github.io/Bioclima_OGC/def/policy/kmgbf-target-8"]}}, {"type": "Feature", "id": "zone-00031", "geometry": {"type": "Polygon", "coordinates": [[[27.66192121549879, 59.589121546329395], [27.72855883157968, 59.589121546329395], [27.72855883157968, 59.655880098038196], [27.66192121549879, 59.655880098038196], [27.66192121549879, 59.589121546329395]]]}, "properties": {"category": "https://maytetoscano.github.io/Bioclima_OGC/def/indicator/zone-delay", "categoryKey": "delay", "categoryLabel": {"en": "Phenological delay zone", "es": "Zona de retraso fenol\u00f3gico", "zh": "\u7269\u5019\u5ef6\u8fdf\u533a", "ro": "Zon\u0103 cu \u00eent\u00e2rziere fenologic\u0103"}, "pci_value": 0.21821638941764832, "policyRelevance": ["https://maytetoscano.github.io/Bioclima_OGC/def/policy/kmgbf-target-1", "https://maytetoscano.github.io/Bioclima_OGC/def/policy/kmgbf-target-8"]}}, {"type": "Feature", "id": "zone-00032", "geometry": {"type": "Polygon", "coordinates": [[[27.928471679822355, 59.589121546329395], [27.995109295903244, 59.589121546329395], [27.995109295903244, 59.655880098038196], [27.928471679822355, 59.655880098038196], [27.928471679822355, 59.589121546329395]]]}, "properties": {"category": "https://maytetoscano.github.io/Bioclima_OGC/def/indicator/zone-delay", "categoryKey": "delay", "categoryLabel": {"en": "Phenological delay zone", "es": "Zona de retraso fenol\u00f3gico", "zh": "\u7269\u5019\u5ef6\u8fdf\u533a", "ro": "Zon\u0103 cu \u00eent\u00e2rziere fenologic\u0103"}, "pci_value": 0.3020874559879303, "policyRelevance": ["https://maytetoscano.github.io/Bioclima_OGC/def/policy/kmgbf-target-1", "https://maytetoscano.github.io/Bioclima_OGC/def/policy/kmgbf-target-8"]}}, {"type": "Feature", "id": "zone-00033", "geometry": {"type": "Polygon", "coordinates": [[[28.19502214414592, 59.589121546329395], [28.26165976022681, 59.589121546329395], [28.26165976022681, 59.655880098038196], [28.19502214414592, 59.655880098038196], [28.19502214414592, 59.589121546329395]]]}, "properties": {"category": "https://maytetoscano.github.io/Bioclima_OGC/def/indicator/zone-stable", "categoryKey": "stable", "categoryLabel": {"en": "Stable phenology zone", "es": "Zona de fenolog\u00eda estable", "zh": "\u7269\u5019\u7a33\u5b9a\u533a", "ro": "Zon\u0103 cu fenologie stabil\u0103"}, "pci_value": 0.050946854054927826, "policyRelevance": ["https://maytetoscano.github.io/Bioclima_OGC/def/policy/kmgbf-target-1", "https://maytetoscano.github.io/Bioclima_OGC/def/policy/kmgbf-target-8"]}}, {"type": "Feature", "id": "zone-00034", "geometry": {"type": "Polygon", "coordinates": [[[28.46157260846948, 59.589121546329395], [28.52821022455037, 59.589121546329395], [28.52821022455037, 59.655880098038196], [28.46157260846948, 59.655880098038196], [28.46157260846948, 59.589121546329395]]]}, "properties": {"category": "https://maytetoscano.github.io/Bioclima_OGC/def/indicator/zone-stable", "categoryKey": "stable", "categoryLabel": {"en": "Stable phenology zone", "es": "Zona de fenolog\u00eda estable", "zh": "\u7269\u5019\u7a33\u5b9a\u533a", "ro": "Zon\u0103 cu fenologie stabil\u0103"}, "pci_value": 0.15838636457920074, "policyRelevance": ["https://maytetoscano.github.io/Bioclima_OGC/def/policy/kmgbf-target-1", "https://maytetoscano.github.io/Bioclima_OGC/def/policy/kmgbf-target-8"]}}, {"type": "Feature", "id": "zone-00035", "geometry": {"type": "Polygon", "coordinates": [[[28.728123072793043, 59.589121546329395], [28.794760688873932, 59.589121546329395], [28.794760688873932, 59.655880098038196], [28.728123072793043, 59.655880098038196], [28.728123072793043, 59.589121546329395]]]}, "properties": {"category": "https://maytetoscano.github.io/Bioclima_OGC/def/indicator/zone-delay", "categoryKey": "delay", "categoryLabel": {"en": "Phenological delay zone", "es": "Zona de retraso fenol\u00f3gico", "zh": "\u7269\u5019\u5ef6\u8fdf\u533a", "ro": "Zon\u0103 cu \u00eent\u00e2rziere fenologic\u0103"}, "pci_value": 0.2074195295572281, "policyRelevance": ["https://maytetoscano.github.io/Bioclima_OGC/def/policy/kmgbf-target-1", "https://maytetoscano.github.io/Bioclima_OGC/def/policy/kmgbf-target-8"]}}, {"type": "Feature", "id": "zone-00036", "geometry": {"type": "Polygon", "coordinates": [[[20.998159607409704, 59.85615575316463], [21.064797223490594, 59.85615575316463], [21.064797223490594, 59.922914304873444], [20.998159607409704, 59.922914304873444], [20.998159607409704, 59.85615575316463]]]}, "properties": {"category": "https://maytetoscano.github.io/Bioclima_OGC/def/indicator/zone-mild-advance", "categoryKey": "mild_advance", "categoryLabel": {"en": "Mild phenological advance", "es": "Adelanto fenol\u00f3gico leve", "zh": "\u7269\u5019\u8f7b\u5fae\u63d0\u524d", "ro": "Avans fenologic u\u0219or"}, "pci_value": -0.2382676750421524, "policyRelevance": ["https://maytetoscano.github.io/Bioclima_OGC/def/policy/kmgbf-target-1", "https://maytetoscano.github.io/Bioclima_OGC/def/policy/kmgbf-target-8"]}}, {"type": "Feature", "id": "zone-00037", "geometry": {"type": "Polygon", "coordinates": [[[21.26471007173327, 59.85615575316463], [21.33134768781416, 59.85615575316463], [21.33134768781416, 59.922914304873444], [21.26471007173327, 59.922914304873444], [21.26471007173327, 59.85615575316463]]]}, "properties": {"category": "https://maytetoscano.github.io/Bioclima_OGC/def/indicator/zone-delay", "categoryKey": "delay", "categoryLabel": {"en": "Phenological delay zone", "es": "Zona de retraso fenol\u00f3gico", "zh": "\u7269\u5019\u5ef6\u8fdf\u533a", "ro": "Zon\u0103 cu \u00eent\u00e2rziere fenologic\u0103"}, "pci_value": 0.5485225915908813, "policyRelevance": ["https://maytetoscano.github.io/Bioclima_OGC/def/policy/kmgbf-target-1", "https://maytetoscano.github.io/Bioclima_OGC/def/policy/kmgbf-target-8"]}}, {"type": "Feature", "id": "zone-00038", "geometry": {"type": "Polygon", "coordinates": [[[21.53126053605683, 59.85615575316463], [21.59789815213772, 59.85615575316463], [21.59789815213772, 59.922914304873444], [21.53126053605683, 59.922914304873444], [21.53126053605683, 59.85615575316463]]]}, "properties": {"category": "https://maytetoscano.github.io/Bioclima_OGC/def/indicator/zone-delay", "categoryKey": "delay", "categoryLabel": {"en": "Phenological delay zone", "es": "Zona de retraso fenol\u00f3gico", "zh": "\u7269\u5019\u5ef6\u8fdf\u533a", "ro": "Zon\u0103 cu \u00eent\u00e2rziere fenologic\u0103"}, "pci_value": 0.46842411160469055, "policyRelevance": ["https://maytetoscano.github.io/Bioclima_OGC/def/policy/kmgbf-target-1", "https://maytetoscano.github.io/Bioclima_OGC/def/policy/kmgbf-target-8"]}}, {"type": "Feature", "id": "zone-00039", "geometry": {"type": "Polygon", "coordinates": [[[21.797811000380396, 59.85615575316463], [21.864448616461285, 59.85615575316463], [21.864448616461285, 59.922914304873444], [21.797811000380396, 59.922914304873444], [21.797811000380396, 59.85615575316463]]]}, "properties": {"category": "https://maytetoscano.github.io/Bioclima_OGC/def/indicator/zone-stable", "categoryKey": "stable", "categoryLabel": {"en": "Stable phenology zone", "es": "Zona de fenolog\u00eda estable", "zh": "\u7269\u5019\u7a33\u5b9a\u533a", "ro": "Zon\u0103 cu fenologie stabil\u0103"}, "pci_value": -0.13325607776641846, "policyRelevance": ["https://maytetoscano.github.io/Bioclima_OGC/def/policy/kmgbf-target-1", "https://maytetoscano.github.io/Bioclima_OGC/def/policy/kmgbf-target-8"]}}, {"type": "Feature", "id": "zone-00040", "geometry": {"type": "Polygon", "coordinates": [[[25.79606796523385, 59.85615575316463], [25.86270558131474, 59.85615575316463], [25.86270558131474, 59.922914304873444], [25.79606796523385, 59.922914304873444], [25.79606796523385, 59.85615575316463]]]}, "properties": {"category": "https://maytetoscano.github.io/Bioclima_OGC/def/indicator/zone-delay", "categoryKey": "delay", "categoryLabel": {"en": "Phenological delay zone", "es": "Zona de retraso fenol\u00f3gico", "zh": "\u7269\u5019\u5ef6\u8fdf\u533a", "ro": "Zon\u0103 cu \u00eent\u00e2rziere fenologic\u0103"}, "pci_value": 0.28750890493392944, "policyRelevance": ["https://maytetoscano.github.io/Bioclima_OGC/def/policy/kmgbf-target-1", "https://maytetoscano.github.io/Bioclima_OGC/def/policy/kmgbf-target-8"]}}, {"type": "Feature", "id": "zone-00041", "geometry": {"type": "Polygon", "coordinates": [[[26.06261842955741, 59.85615575316463], [26.1292560456383, 59.85615575316463], [26.1292560456383, 59.922914304873444], [26.06261842955741, 59.922914304873444], [26.06261842955741, 59.85615575316463]]]}, "properties": {"category": "https://maytetoscano.github.io/Bioclima_OGC/def/indicator/zone-delay", "categoryKey": "delay", "categoryLabel": {"en": "Phenological delay zone", "es": "Zona de retraso fenol\u00f3gico", "zh": "\u7269\u5019\u5ef6\u8fdf\u533a", "ro": "Zon\u0103 cu \u00eent\u00e2rziere fenologic\u0103"}, "pci_value": 0.3430967628955841, "policyRelevance": ["https://maytetoscano.github.io/Bioclima_OGC/def/policy/kmgbf-target-1", "https://maytetoscano.github.io/Bioclima_OGC/def/policy/kmgbf-target-8"]}}, {"type": "Feature", "id": "zone-00042", "geometry": {"type": "Polygon", "coordinates": [[[26.329168893880972, 59.85615575316463], [26.39580650996186, 59.85615575316463], [26.39580650996186, 59.922914304873444], [26.329168893880972, 59.922914304873444], [26.329168893880972, 59.85615575316463]]]}, "properties": {"category": "https://maytetoscano.github.io/Bioclima_OGC/def/indicator/zone-delay", "categoryKey": "delay", "categoryLabel": {"en": "Phenological delay zone", "es": "Zona de retraso fenol\u00f3gico", "zh": "\u7269\u5019\u5ef6\u8fdf\u533a", "ro": "Zon\u0103 cu \u00eent\u00e2rziere fenologic\u0103"}, "pci_value": 0.2761833667755127, "policyRelevance": ["https://maytetoscano.github.io/Bioclima_OGC/def/policy/kmgbf-target-1", "https://maytetoscano.github.io/Bioclima_OGC/def/policy/kmgbf-target-8"]}}, {"type": "Feature", "id": "zone-00043", "geometry": {"type": "Polygon", "coordinates": [[[26.595719358204537, 59.85615575316463], [26.662356974285427, 59.85615575316463], [26.662356974285427, 59.922914304873444], [26.595719358204537, 59.922914304873444], [26.595719358204537, 59.85615575316463]]]}, "properties": {"category": "https://maytetoscano.github.io/Bioclima_OGC/def/indicator/zone-stable", "categoryKey": "stable", "categoryLabel": {"en": "Stable phenology zone", "es": "Zona de fenolog\u00eda estable", "zh": "\u7269\u5019\u7a33\u5b9a\u533a", "ro": "Zon\u0103 cu fenologie stabil\u0103"}, "pci_value": 0.1413341611623764, "policyRelevance": ["https://maytetoscano.github.io/Bioclima_OGC/def/policy/kmgbf-target-1", "https://maytetoscano.github.io/Bioclima_OGC/def/policy/kmgbf-target-8"]}}, {"type": "Feature", "id": "zone-00044", "geometry": {"type": "Polygon", "coordinates": [[[26.862269822528102, 59.85615575316463], [26.92890743860899, 59.85615575316463], [26.92890743860899, 59.922914304873444], [26.862269822528102, 59.922914304873444], [26.862269822528102, 59.85615575316463]]]}, "properties": {"category": "https://maytetoscano.github.io/Bioclima_OGC/def/indicator/zone-stable", "categoryKey": "stable", "categoryLabel": {"en": "Stable phenology zone", "es": "Zona de fenolog\u00eda estable", "zh": "\u7269\u5019\u7a33\u5b9a\u533a", "ro": "Zon\u0103 cu fenologie stabil\u0103"}, "pci_value": -0.011240055784583092, "policyRelevance": ["https://maytetoscano.github.io/Bioclima_OGC/def/policy/kmgbf-target-1", "https://maytetoscano.github.io/Bioclima_OGC/def/policy/kmgbf-target-8"]}}, {"type": "Feature", "id": "zone-00045", "geometry": {"type": "Polygon", "coordinates": [[[27.128820286851663, 59.85615575316463], [27.195457902932553, 59.85615575316463], [27.195457902932553, 59.922914304873444], [27.128820286851663, 59.922914304873444], [27.128820286851663, 59.85615575316463]]]}, "properties": {"category": "https://maytetoscano.github.io/Bioclima_OGC/def/indicator/zone-stable", "categoryKey": "stable", "categoryLabel": {"en": "Stable phenology zone", "es": "Zona de fenolog\u00eda estable", "zh": "\u7269\u5019\u7a33\u5b9a\u533a", "ro": "Zon\u0103 cu fenologie stabil\u0103"}, "pci_value": 0.11825637519359589, "policyRelevance": ["https://maytetoscano.github.io/Bioclima_OGC/def/policy/kmgbf-target-1", "https://maytetoscano.github.io/Bioclima_OGC/def/policy/kmgbf-target-8"]}}, {"type": "Feature", "id": "zone-00046", "geometry": {"type": "Polygon", "coordinates": [[[27.395370751175225, 59.85615575316463], [27.462008367256114, 59.85615575316463], [27.462008367256114, 59.922914304873444], [27.395370751175225, 59.922914304873444], [27.395370751175225, 59.85615575316463]]]}, "properties": {"category": "https://maytetoscano.github.io/Bioclima_OGC/def/indicator/zone-stable", "categoryKey": "stable", "categoryLabel": {"en": "Stable phenology zone", "es": "Zona de fenolog\u00eda estable", "zh": "\u7269\u5019\u7a33\u5b9a\u533a", "ro": "Zon\u0103 cu fenologie stabil\u0103"}, "pci_value": 0.08945686370134354, "policyRelevance": ["https://maytetoscano.github.io/Bioclima_OGC/def/policy/kmgbf-target-1", "https://maytetoscano.github.io/Bioclima_OGC/def/policy/kmgbf-target-8"]}}, {"type": "Feature", "id": "zone-00047", "geometry": {"type": "Polygon", "coordinates": [[[28.19502214414592, 59.85615575316463], [28.26165976022681, 59.85615575316463], [28.26165976022681, 59.922914304873444], [28.19502214414592, 59.922914304873444], [28.19502214414592, 59.85615575316463]]]}, "properties": {"category": "https://maytetoscano.github.io/Bioclima_OGC/def/indicator/zone-delay", "categoryKey": "delay", "categoryLabel": {"en": "Phenological delay zone", "es": "Zona de retraso fenol\u00f3gico", "zh": "\u7269\u5019\u5ef6\u8fdf\u533a", "ro": "Zon\u0103 cu \u00eent\u00e2rziere fenologic\u0103"}, "pci_value": 0.3667911887168884, "policyRelevance": ["https://maytetoscano.github.io/Bioclima_OGC/def/policy/kmgbf-target-1", "https://maytetoscano.github.io/Bioclima_OGC/def/policy/kmgbf-target-8"]}}, {"type": "Feature", "id": "zone-00048", "geometry": {"type": "Polygon", "coordinates": [[[28.46157260846948, 59.85615575316463], [28.52821022455037, 59.85615575316463], [28.52821022455037, 59.922914304873444], [28.46157260846948, 59.922914304873444], [28.46157260846948, 59.85615575316463]]]}, "properties": {"category": "https://maytetoscano.github.io/Bioclima_OGC/def/indicator/zone-stable", "categoryKey": "stable", "categoryLabel": {"en": "Stable phenology zone", "es": "Zona de fenolog\u00eda estable", "zh": "\u7269\u5019\u7a33\u5b9a\u533a", "ro": "Zon\u0103 cu fenologie stabil\u0103"}, "pci_value": 0.05902823433279991, "policyRelevance": ["https://maytetoscano.github.io/Bioclima_OGC/def/policy/kmgbf-target-1", "https://maytetoscano.github.io/Bioclima_OGC/def/policy/kmgbf-target-8"]}}, {"type": "Feature", "id": "zone-00049", "geometry": {"type": "Polygon", "coordinates": [[[28.728123072793043, 59.85615575316463], [28.794760688873932, 59.85615575316463], [28.794760688873932, 59.922914304873444], [28.728123072793043, 59.922914304873444], [28.728123072793043, 59.85615575316463]]]}, "properties": {"category": "https://maytetoscano.github.io/Bioclima_OGC/def/indicator/zone-delay", "categoryKey": "delay", "categoryLabel": {"en": "Phenological delay zone", "es": "Zona de retraso fenol\u00f3gico", "zh": "\u7269\u5019\u5ef6\u8fdf\u533a", "ro": "Zon\u0103 cu \u00eent\u00e2rziere fenologic\u0103"}, "pci_value": 0.34349197149276733, "policyRelevance": ["https://maytetoscano.github.io/Bioclima_OGC/def/policy/kmgbf-target-1", "https://maytetoscano.github.io/Bioclima_OGC/def/policy/kmgbf-target-8"]}}, {"type": "Feature", "id": "zone-00050", "geometry": {"type": "Polygon", "coordinates": [[[21.53126053605683, 60.12318995999988], [21.59789815213772, 60.12318995999988], [21.59789815213772, 60.18994851170868], [21.53126053605683, 60.18994851170868], [21.53126053605683, 60.12318995999988]]]}, "properties": {"category": "https://maytetoscano.github.io/Bioclima_OGC/def/indicator/zone-stable", "categoryKey": "stable", "categoryLabel": {"en": "Stable phenology zone", "es": "Zona de fenolog\u00eda estable", "zh": "\u7269\u5019\u7a33\u5b9a\u533a", "ro": "Zon\u0103 cu fenologie stabil\u0103"}, "pci_value": -0.053604014217853546, "policyRelevance": ["https://maytetoscano.github.io/Bioclima_OGC/def/policy/kmgbf-target-1", "https://maytetoscano.github.io/Bioclima_OGC/def/policy/kmgbf-target-8"]}}, {"type": "Feature", "id": "zone-00051", "geometry": {"type": "Polygon", "coordinates": [[[21.797811000380396, 60.12318995999988], [21.864448616461285, 60.12318995999988], [21.864448616461285, 60.18994851170868], [21.797811000380396, 60.18994851170868], [21.797811000380396, 60.12318995999988]]]}, "properties": {"category": "https://maytetoscano.github.io/Bioclima_OGC/def/indicator/zone-stable", "categoryKey": "stable", "categoryLabel": {"en": "Stable phenology zone", "es": "Zona de fenolog\u00eda estable", "zh": "\u7269\u5019\u7a33\u5b9a\u533a", "ro": "Zon\u0103 cu fenologie stabil\u0103"}, "pci_value": 0.16104014217853546, "policyRelevance": ["https://maytetoscano.github.io/Bioclima_OGC/def/policy/kmgbf-target-1", "https://maytetoscano.github.io/Bioclima_OGC/def/policy/kmgbf-target-8"]}}, {"type": "Feature", "id": "zone-00052", "geometry": {"type": "Polygon", "coordinates": [[[22.06436146470396, 60.12318995999988], [22.13099908078485, 60.12318995999988], [22.13099908078485, 60.18994851170868], [22.06436146470396, 60.18994851170868], [22.06436146470396, 60.12318995999988]]]}, "properties": {"category": "https://maytetoscano.github.io/Bioclima_OGC/def/indicator/zone-delay", "categoryKey": "delay", "categoryLabel": {"en": "Phenological delay zone", "es": "Zona de retraso fenol\u00f3gico", "zh": "\u7269\u5019\u5ef6\u8fdf\u533a", "ro": "Zon\u0103 cu \u00eent\u00e2rziere fenologic\u0103"}, "pci_value": 0.2334047108888626, "policyRelevance": ["https://maytetoscano.github.io/Bioclima_OGC/def/policy/kmgbf-target-1", "https://maytetoscano.github.io/Bioclima_OGC/def/policy/kmgbf-target-8"]}}, {"type": "Feature", "id": "zone-00053", "geometry": {"type": "Polygon", "coordinates": [[[23.9302147149689, 60.12318995999988], [23.99685233104979, 60.12318995999988], [23.99685233104979, 60.18994851170868], [23.9302147149689, 60.18994851170868], [23.9302147149689, 60.12318995999988]]]}, "properties": {"category": "https://maytetoscano.github.io/Bioclima_OGC/def/indicator/zone-stable", "categoryKey": "stable", "categoryLabel": {"en": "Stable phenology zone", "es": "Zona de fenolog\u00eda estable", "zh": "\u7269\u5019\u7a33\u5b9a\u533a", "ro": "Zon\u0103 cu fenologie stabil\u0103"}, "pci_value": 0.07937955856323242, "policyRelevance": ["https://maytetoscano.github.io/Bioclima_OGC/def/policy/kmgbf-target-1", "https://maytetoscano.github.io/Bioclima_OGC/def/policy/kmgbf-target-8"]}}, {"type": "Feature", "id": "zone-00054", "geometry": {"type": "Polygon", "coordinates": [[[25.26296703658672, 60.12318995999988], [25.32960465266761, 60.12318995999988], [25.32960465266761, 60.18994851170868], [25.26296703658672, 60.18994851170868], [25.26296703658672, 60.12318995999988]]]}, "properties": {"category": "https://maytetoscano.github.io/Bioclima_OGC/def/indicator/zone-delay", "categoryKey": "delay", "categoryLabel": {"en": "Phenological delay zone", "es": "Zona de retraso fenol\u00f3gico", "zh": "\u7269\u5019\u5ef6\u8fdf\u533a", "ro": "Zon\u0103 cu \u00eent\u00e2rziere fenologic\u0103"}, "pci_value": 0.25171735882759094, "policyRelevance": ["https://maytetoscano.github.io/Bioclima_OGC/def/policy/kmgbf-target-1", "https://maytetoscano.github.io/Bioclima_OGC/def/policy/kmgbf-target-8"]}}, {"type": "Feature", "id": "zone-00055", "geometry": {"type": "Polygon", "coordinates": [[[25.529517500910284, 60.12318995999988], [25.596155116991174, 60.12318995999988], [25.596155116991174, 60.18994851170868], [25.529517500910284, 60.18994851170868], [25.529517500910284, 60.12318995999988]]]}, "properties": {"category": "https://maytetoscano.github.io/Bioclima_OGC/def/indicator/zone-delay", "categoryKey": "delay", "categoryLabel": {"en": "Phenological delay zone", "es": "Zona de retraso fenol\u00f3gico", "zh": "\u7269\u5019\u5ef6\u8fdf\u533a", "ro": "Zon\u0103 cu \u00eent\u00e2rziere fenologic\u0103"}, "pci_value": 0.2982647716999054, "policyRelevance": ["https://maytetoscano.github.io/Bioclima_OGC/def/policy/kmgbf-target-1", "https://maytetoscano.github.io/Bioclima_OGC/def/policy/kmgbf-target-8"]}}, {"type": "Feature", "id": "zone-00056", "geometry": {"type": "Polygon", "coordinates": [[[25.79606796523385, 60.12318995999988], [25.86270558131474, 60.12318995999988], [25.86270558131474, 60.18994851170868], [25.79606796523385, 60.18994851170868], [25.79606796523385, 60.12318995999988]]]}, "properties": {"category": "https://maytetoscano.github.io/Bioclima_OGC/def/indicator/zone-delay", "categoryKey": "delay", "categoryLabel": {"en": "Phenological delay zone", "es": "Zona de retraso fenol\u00f3gico", "zh": "\u7269\u5019\u5ef6\u8fdf\u533a", "ro": "Zon\u0103 cu \u00eent\u00e2rziere fenologic\u0103"}, "pci_value": 0.5424014925956726, "policyRelevance": ["https://maytetoscano.github.io/Bioclima_OGC/def/policy/kmgbf-target-1", "https://maytetoscano.github.io/Bioclima_OGC/def/policy/kmgbf-target-8"]}}, {"type": "Feature", "id": "zone-00057", "geometry": {"type": "Polygon", "coordinates": [[[26.06261842955741, 60.12318995999988], [26.1292560456383, 60.12318995999988], [26.1292560456383, 60.18994851170868], [26.06261842955741, 60.18994851170868], [26.06261842955741, 60.12318995999988]]]}, "properties": {"category": "https://maytetoscano.github.io/Bioclima_OGC/def/indicator/zone-delay", "categoryKey": "delay", "categoryLabel": {"en": "Phenological delay zone", "es": "Zona de retraso fenol\u00f3gico", "zh": "\u7269\u5019\u5ef6\u8fdf\u533a", "ro": "Zon\u0103 cu \u00eent\u00e2rziere fenologic\u0103"}, "pci_value": 0.25706973671913147, "policyRelevance": ["https://maytetoscano.github.io/Bioclima_OGC/def/policy/kmgbf-target-1", "https://maytetoscano.github.io/Bioclima_OGC/def/policy/kmgbf-target-8"]}}, {"type": "Feature", "id": "zone-00058", "geometry": {"type": "Polygon", "coordinates": [[[26.329168893880972, 60.12318995999988], [26.39580650996186, 60.12318995999988], [26.39580650996186, 60.18994851170868], [26.329168893880972, 60.18994851170868], [26.329168893880972, 60.12318995999988]]]}, "properties": {"category": "https://maytetoscano.github.io/Bioclima_OGC/def/indicator/zone-stable", "categoryKey": "stable", "categoryLabel": {"en": "Stable phenology zone", "es": "Zona de fenolog\u00eda estable", "zh": "\u7269\u5019\u7a33\u5b9a\u533a", "ro": "Zon\u0103 cu fenologie stabil\u0103"}, "pci_value": -0.017198290675878525, "policyRelevance": ["https://maytetoscano.github.io/Bioclima_OGC/def/policy/kmgbf-target-1", "https://maytetoscano.github.io/Bioclima_OGC/def/policy/kmgbf-target-8"]}}, {"type": "Feature", "id": "zone-00059", "geometry": {"type": "Polygon", "coordinates": [[[26.595719358204537, 60.12318995999988], [26.662356974285427, 60.12318995999988], [26.662356974285427, 60.18994851170868], [26.595719358204537, 60.18994851170868], [26.595719358204537, 60.12318995999988]]]}, "properties": {"category": "https://maytetoscano.github.io/Bioclima_OGC/def/indicator/zone-stable", "categoryKey": "stable", "categoryLabel": {"en": "Stable phenology zone", "es": "Zona de fenolog\u00eda estable", "zh": "\u7269\u5019\u7a33\u5b9a\u533a", "ro": "Zon\u0103 cu fenologie stabil\u0103"}, "pci_value": 0.08685525506734848, "policyRelevance": ["https://maytetoscano.github.io/Bioclima_OGC/def/policy/kmgbf-target-1", "https://maytetoscano.github.io/Bioclima_OGC/def/policy/kmgbf-target-8"]}}, {"type": "Feature", "id": "zone-00060", "geometry": {"type": "Polygon", "coordinates": [[[26.862269822528102, 60.12318995999988], [26.92890743860899, 60.12318995999988], [26.92890743860899, 60.18994851170868], [26.862269822528102, 60.18994851170868], [26.862269822528102, 60.12318995999988]]]}, "properties": {"category": "https://maytetoscano.github.io/Bioclima_OGC/def/indicator/zone-stable", "categoryKey": "stable", "categoryLabel": {"en": "Stable phenology zone", "es": "Zona de fenolog\u00eda estable", "zh": "\u7269\u5019\u7a33\u5b9a\u533a", "ro": "Zon\u0103 cu fenologie stabil\u0103"}, "pci_value": 0.16458337008953094, "policyRelevance": ["https://maytetoscano.github.io/Bioclima_OGC/def/policy/kmgbf-target-1", "https://maytetoscano.github.io/Bioclima_OGC/def/policy/kmgbf-target-8"]}}, {"type": "Feature", "id": "zone-00061", "geometry": {"type": "Polygon", "coordinates": [[[27.128820286851663, 60.12318995999988], [27.195457902932553, 60.12318995999988], [27.195457902932553, 60.18994851170868], [27.128820286851663, 60.18994851170868], [27.128820286851663, 60.12318995999988]]]}, "properties": {"category": "https://maytetoscano.github.io/Bioclima_OGC/def/indicator/zone-delay", "categoryKey": "delay", "categoryLabel": {"en": "Phenological delay zone", "es": "Zona de retraso fenol\u00f3gico", "zh": "\u7269\u5019\u5ef6\u8fdf\u533a", "ro": "Zon\u0103 cu \u00eent\u00e2rziere fenologic\u0103"}, "pci_value": 0.20463985204696655, "policyRelevance": ["https://maytetoscano.github.io/Bioclima_OGC/def/policy/kmgbf-target-1", "https://maytetoscano.github.io/Bioclima_OGC/def/policy/kmgbf-target-8"]}}, {"type": "Feature", "id": "zone-00062", "geometry": {"type": "Polygon", "coordinates": [[[27.395370751175225, 60.12318995999988], [27.462008367256114, 60.12318995999988], [27.462008367256114, 60.18994851170868], [27.395370751175225, 60.18994851170868], [27.395370751175225, 60.12318995999988]]]}, "properties": {"category": "https://maytetoscano.github.io/Bioclima_OGC/def/indicator/zone-delay", "categoryKey": "delay", "categoryLabel": {"en": "Phenological delay zone", "es": "Zona de retraso fenol\u00f3gico", "zh": "\u7269\u5019\u5ef6\u8fdf\u533a", "ro": "Zon\u0103 cu \u00eent\u00e2rziere fenologic\u0103"}, "pci_value": 0.22697018086910248, "policyRelevance": ["https://maytetoscano.github.io/Bioclima_OGC/def/policy/kmgbf-target-1", "https://maytetoscano.github.io/Bioclima_OGC/def/policy/kmgbf-target-8"]}}, {"type": "Feature", "id": "zone-00063", "geometry": {"type": "Polygon", "coordinates": [[[27.66192121549879, 60.12318995999988], [27.72855883157968, 60.12318995999988], [27.72855883157968, 60.18994851170868], [27.66192121549879, 60.18994851170868], [27.66192121549879, 60.12318995999988]]]}, "properties": {"category": "https://maytetoscano.github.io/Bioclima_OGC/def/indicator/zone-delay", "categoryKey": "delay", "categoryLabel": {"en": "Phenological delay zone", "es": "Zona de retraso fenol\u00f3gico", "zh": "\u7269\u5019\u5ef6\u8fdf\u533a", "ro": "Zon\u0103 cu \u00eent\u00e2rziere fenologic\u0103"}, "pci_value": 0.254458487033844, "policyRelevance": ["https://maytetoscano.github.io/Bioclima_OGC/def/policy/kmgbf-target-1", "https://maytetoscano.github.io/Bioclima_OGC/def/policy/kmgbf-target-8"]}}, {"type": "Feature", "id": "zone-00064", "geometry": {"type": "Polygon", "coordinates": [[[27.928471679822355, 60.12318995999988], [27.995109295903244, 60.12318995999988], [27.995109295903244, 60.18994851170868], [27.928471679822355, 60.18994851170868], [27.928471679822355, 60.12318995999988]]]}, "properties": {"category": "https://maytetoscano.github.io/Bioclima_OGC/def/indicator/zone-delay", "categoryKey": "delay", "categoryLabel": {"en": "Phenological delay zone", "es": "Zona de retraso fenol\u00f3gico", "zh": "\u7269\u5019\u5ef6\u8fdf\u533a", "ro": "Zon\u0103 cu \u00eent\u00e2rziere fenologic\u0103"}, "pci_value": 0.2555341422557831, "policyRelevance": ["https://maytetoscano.github.io/Bioclima_OGC/def/policy/kmgbf-target-1", "https://maytetoscano.github.io/Bioclima_OGC/def/policy/kmgbf-target-8"]}}, {"type": "Feature", "id": "zone-00065", "geometry": {"type": "Polygon", "coordinates": [[[28.19502214414592, 60.12318995999988], [28.26165976022681, 60.12318995999988], [28.26165976022681, 60.18994851170868], [28.19502214414592, 60.18994851170868], [28.19502214414592, 60.12318995999988]]]}, "properties": {"category": "https://maytetoscano.github.io/Bioclima_OGC/def/indicator/zone-stable", "categoryKey": "stable", "categoryLabel": {"en": "Stable phenology zone", "es": "Zona de fenolog\u00eda estable", "zh": "\u7269\u5019\u7a33\u5b9a\u533a", "ro": "Zon\u0103 cu fenologie stabil\u0103"}, "pci_value": -0.1841251105070114, "policyRelevance": ["https://maytetoscano.github.io/Bioclima_OGC/def/policy/kmgbf-target-1", "https://maytetoscano.github.io/Bioclima_OGC/def/policy/kmgbf-target-8"]}}, {"type": "Feature", "id": "zone-00066", "geometry": {"type": "Polygon", "coordinates": [[[28.46157260846948, 60.12318995999988], [28.52821022455037, 60.12318995999988], [28.52821022455037, 60.18994851170868], [28.46157260846948, 60.18994851170868], [28.46157260846948, 60.12318995999988]]]}, "properties": {"category": "https://maytetoscano.github.io/Bioclima_OGC/def/indicator/zone-stable", "categoryKey": "stable", "categoryLabel": {"en": "Stable phenology zone", "es": "Zona de fenolog\u00eda estable", "zh": "\u7269\u5019\u7a33\u5b9a\u533a", "ro": "Zon\u0103 cu fenologie stabil\u0103"}, "pci_value": 0.1872769147157669, "policyRelevance": ["https://maytetoscano.github.io/Bioclima_OGC/def/policy/kmgbf-target-1", "https://maytetoscano.github.io/Bioclima_OGC/def/policy/kmgbf-target-8"]}}, {"type": "Feature", "id": "zone-00067", "geometry": {"type": "Polygon", "coordinates": [[[22.330911929027522, 60.39022416683511], [22.39754954510841, 60.39022416683511], [22.39754954510841, 60.45698271854393], [22.330911929027522, 60.45698271854393], [22.330911929027522, 60.39022416683511]]]}, "properties": {"category": "https://maytetoscano.github.io/Bioclima_OGC/def/indicator/zone-delay", "categoryKey": "delay", "categoryLabel": {"en": "Phenological delay zone", "es": "Zona de retraso fenol\u00f3gico", "zh": "\u7269\u5019\u5ef6\u8fdf\u533a", "ro": "Zon\u0103 cu \u00eent\u00e2rziere fenologic\u0103"}, "pci_value": 0.2502281069755554, "policyRelevance": ["https://maytetoscano.github.io/Bioclima_OGC/def/policy/kmgbf-target-1", "https://maytetoscano.github.io/Bioclima_OGC/def/policy/kmgbf-target-8"]}}, {"type": "Feature", "id": "zone-00068", "geometry": {"type": "Polygon", "coordinates": [[[22.597462393351083, 60.39022416683511], [22.664100009431973, 60.39022416683511], [22.664100009431973, 60.45698271854393], [22.597462393351083, 60.45698271854393], [22.597462393351083, 60.39022416683511]]]}, "properties": {"category": "https://maytetoscano.github.io/Bioclima_OGC/def/indicator/zone-delay", "categoryKey": "delay", "categoryLabel": {"en": "Phenological delay zone", "es": "Zona de retraso fenol\u00f3gico", "zh": "\u7269\u5019\u5ef6\u8fdf\u533a", "ro": "Zon\u0103 cu \u00eent\u00e2rziere fenologic\u0103"}, "pci_value": 0.30793794989585876, "policyRelevance": ["https://maytetoscano.github.io/Bioclima_OGC/def/policy/kmgbf-target-1", "https://maytetoscano.github.io/Bioclima_OGC/def/policy/kmgbf-target-8"]}}, {"type": "Feature", "id": "zone-00069", "geometry": {"type": "Polygon", "coordinates": [[[22.86401285767465, 60.39022416683511], [22.930650473755538, 60.39022416683511], [22.930650473755538, 60.45698271854393], [22.86401285767465, 60.45698271854393], [22.86401285767465, 60.39022416683511]]]}, "properties": {"category": "https://maytetoscano.github.io/Bioclima_OGC/def/indicator/zone-delay", "categoryKey": "delay", "categoryLabel": {"en": "Phenological delay zone", "es": "Zona de retraso fenol\u00f3gico", "zh": "\u7269\u5019\u5ef6\u8fdf\u533a", "ro": "Zon\u0103 cu \u00eent\u00e2rziere fenologic\u0103"}, "pci_value": 0.24612225592136383, "policyRelevance": ["https://maytetoscano.github.io/Bioclima_OGC/def/policy/kmgbf-target-1", "https://maytetoscano.github.io/Bioclima_OGC/def/policy/kmgbf-target-8"]}}, {"type": "Feature", "id": "zone-00070", "geometry": {"type": "Polygon", "coordinates": [[[23.130563321998213, 60.39022416683511], [23.197200938079103, 60.39022416683511], [23.197200938079103, 60.45698271854393], [23.130563321998213, 60.45698271854393], [23.130563321998213, 60.39022416683511]]]}, "properties": {"category": "https://maytetoscano.github.io/Bioclima_OGC/def/indicator/zone-delay", "categoryKey": "delay", "categoryLabel": {"en": "Phenological delay zone", "es": "Zona de retraso fenol\u00f3gico", "zh": "\u7269\u5019\u5ef6\u8fdf\u533a", "ro": "Zon\u0103 cu \u00eent\u00e2rziere fenologic\u0103"}, "pci_value": 0.29927006363868713, "policyRelevance": ["https://maytetoscano.github.io/Bioclima_OGC/def/policy/kmgbf-target-1", "https://maytetoscano.github.io/Bioclima_OGC/def/policy/kmgbf-target-8"]}}, {"type": "Feature", "id": "zone-00071", "geometry": {"type": "Polygon", "coordinates": [[[23.397113786321775, 60.39022416683511], [23.463751402402664, 60.39022416683511], [23.463751402402664, 60.45698271854393], [23.397113786321775, 60.45698271854393], [23.397113786321775, 60.39022416683511]]]}, "properties": {"category": "https://maytetoscano.github.io/Bioclima_OGC/def/indicator/zone-stable", "categoryKey": "stable", "categoryLabel": {"en": "Stable phenology zone", "es": "Zona de fenolog\u00eda estable", "zh": "\u7269\u5019\u7a33\u5b9a\u533a", "ro": "Zon\u0103 cu fenologie stabil\u0103"}, "pci_value": 0.1957116723060608, "policyRelevance": ["https://maytetoscano.github.io/Bioclima_OGC/def/policy/kmgbf-target-1", "https://maytetoscano.github.io/Bioclima_OGC/def/policy/kmgbf-target-8"]}}, {"type": "Feature", "id": "zone-00072", "geometry": {"type": "Polygon", "coordinates": [[[23.663664250645336, 60.39022416683511], [23.730301866726226, 60.39022416683511], [23.730301866726226, 60.45698271854393], [23.663664250645336, 60.45698271854393], [23.663664250645336, 60.39022416683511]]]}, "properties": {"category": "https://maytetoscano.github.io/Bioclima_OGC/def/indicator/zone-delay", "categoryKey": "delay", "categoryLabel": {"en": "Phenological delay zone", "es": "Zona de retraso fenol\u00f3gico", "zh": "\u7269\u5019\u5ef6\u8fdf\u533a", "ro": "Zon\u0103 cu \u00eent\u00e2rziere fenologic\u0103"}, "pci_value": 0.29721716046333313, "policyRelevance": ["https://maytetoscano.github.io/Bioclima_OGC/def/policy/kmgbf-target-1", "https://maytetoscano.github.io/Bioclima_OGC/def/policy/kmgbf-target-8"]}}, {"type": "Feature", "id": "zone-00073", "geometry": {"type": "Polygon", "coordinates": [[[23.9302147149689, 60.39022416683511], [23.99685233104979, 60.39022416683511], [23.99685233104979, 60.45698271854393], [23.9302147149689, 60.45698271854393], [23.9302147149689, 60.39022416683511]]]}, "properties": {"category": "https://maytetoscano.github.io/Bioclima_OGC/def/indicator/zone-delay", "categoryKey": "delay", "categoryLabel": {"en": "Phenological delay zone", "es": "Zona de retraso fenol\u00f3gico", "zh": "\u7269\u5019\u5ef6\u8fdf\u533a", "ro": "Zon\u0103 cu \u00eent\u00e2rziere fenologic\u0103"}, "pci_value": 0.32116788625717163, "policyRelevance": ["https://maytetoscano.github.io/Bioclima_OGC/def/policy/kmgbf-target-1", "https://maytetoscano.github.io/Bioclima_OGC/def/policy/kmgbf-target-8"]}}, {"type": "Feature", "id": "zone-00074", "geometry": {"type": "Polygon", "coordinates": [[[24.196765179292466, 60.39022416683511], [24.263402795373356, 60.39022416683511], [24.263402795373356, 60.45698271854393], [24.196765179292466, 60.45698271854393], [24.196765179292466, 60.39022416683511]]]}, "properties": {"category": "https://maytetoscano.github.io/Bioclima_OGC/def/indicator/zone-delay", "categoryKey": "delay", "categoryLabel": {"en": "Phenological delay zone", "es": "Zona de retraso fenol\u00f3gico", "zh": "\u7269\u5019\u5ef6\u8fdf\u533a", "ro": "Zon\u0103 cu \u00eent\u00e2rziere fenologic\u0103"}, "pci_value": 0.2354014664888382, "policyRelevance": ["https://maytetoscano.github.io/Bioclima_OGC/def/policy/kmgbf-target-1", "https://maytetoscano.github.io/Bioclima_OGC/def/policy/kmgbf-target-8"]}}, {"type": "Feature", "id": "zone-00075", "geometry": {"type": "Polygon", "coordinates": [[[24.46331564361603, 60.39022416683511], [24.52995325969692, 60.39022416683511], [24.52995325969692, 60.45698271854393], [24.46331564361603, 60.45698271854393], [24.46331564361603, 60.39022416683511]]]}, "properties": {"category": "https://maytetoscano.github.io/Bioclima_OGC/def/indicator/zone-delay", "categoryKey": "delay", "categoryLabel": {"en": "Phenological delay zone", "es": "Zona de retraso fenol\u00f3gico", "zh": "\u7269\u5019\u5ef6\u8fdf\u533a", "ro": "Zon\u0103 cu \u00eent\u00e2rziere fenologic\u0103"}, "pci_value": 0.20574817061424255, "policyRelevance": ["https://maytetoscano.github.io/Bioclima_OGC/def/policy/kmgbf-target-1", "https://maytetoscano.github.io/Bioclima_OGC/def/policy/kmgbf-target-8"]}}, {"type": "Feature", "id": "zone-00076", "geometry": {"type": "Polygon", "coordinates": [[[24.729866107939593, 60.39022416683511], [24.796503724020482, 60.39022416683511], [24.796503724020482, 60.45698271854393], [24.729866107939593, 60.45698271854393], [24.729866107939593, 60.39022416683511]]]}, "properties": {"category": "https://maytetoscano.github.io/Bioclima_OGC/def/indicator/zone-delay", "categoryKey": "delay", "categoryLabel": {"en": "Phenological delay zone", "es": "Zona de retraso fenol\u00f3gico", "zh": "\u7269\u5019\u5ef6\u8fdf\u533a", "ro": "Zon\u0103 cu \u00eent\u00e2rziere fenologic\u0103"}, "pci_value": 0.39644160866737366, "policyRelevance": ["https://maytetoscano.github.io/Bioclima_OGC/def/policy/kmgbf-target-1", "https://maytetoscano.github.io/Bioclima_OGC/def/policy/kmgbf-target-8"]}}, {"type": "Feature", "id": "zone-00077", "geometry": {"type": "Polygon", "coordinates": [[[24.996416572263154, 60.39022416683511], [25.063054188344044, 60.39022416683511], [25.063054188344044, 60.45698271854393], [24.996416572263154, 60.45698271854393], [24.996416572263154, 60.39022416683511]]]}, "properties": {"category": "https://maytetoscano.github.io/Bioclima_OGC/def/indicator/zone-stable", "categoryKey": "stable", "categoryLabel": {"en": "Stable phenology zone", "es": "Zona de fenolog\u00eda estable", "zh": "\u7269\u5019\u7a33\u5b9a\u533a", "ro": "Zon\u0103 cu fenologie stabil\u0103"}, "pci_value": 0.19502736628055573, "policyRelevance": ["https://maytetoscano.github.io/Bioclima_OGC/def/policy/kmgbf-target-1", "https://maytetoscano.github.io/Bioclima_OGC/def/policy/kmgbf-target-8"]}}, {"type": "Feature", "id": "zone-00078", "geometry": {"type": "Polygon", "coordinates": [[[25.26296703658672, 60.39022416683511], [25.32960465266761, 60.39022416683511], [25.32960465266761, 60.45698271854393], [25.26296703658672, 60.45698271854393], [25.26296703658672, 60.39022416683511]]]}, "properties": {"category": "https://maytetoscano.github.io/Bioclima_OGC/def/indicator/zone-delay", "categoryKey": "delay", "categoryLabel": {"en": "Phenological delay zone", "es": "Zona de retraso fenol\u00f3gico", "zh": "\u7269\u5019\u5ef6\u8fdf\u533a", "ro": "Zon\u0103 cu \u00eent\u00e2rziere fenologic\u0103"}, "pci_value": 0.23677007853984833, "policyRelevance": ["https://maytetoscano.github.io/Bioclima_OGC/def/policy/kmgbf-target-1", "https://maytetoscano.github.io/Bioclima_OGC/def/policy/kmgbf-target-8"]}}, {"type": "Feature", "id": "zone-00079", "geometry": {"type": "Polygon", "coordinates": [[[25.529517500910284, 60.39022416683511], [25.596155116991174, 60.39022416683511], [25.596155116991174, 60.45698271854393], [25.529517500910284, 60.45698271854393], [25.529517500910284, 60.39022416683511]]]}, "properties": {"category": "https://maytetoscano.github.io/Bioclima_OGC/def/indicator/zone-stable", "categoryKey": "stable", "categoryLabel": {"en": "Stable phenology zone", "es": "Zona de fenolog\u00eda estable", "zh": "\u7269\u5019\u7a33\u5b9a\u533a", "ro": "Zon\u0103 cu fenologie stabil\u0103"}, "pci_value": 0.16925182938575745, "policyRelevance": ["https://maytetoscano.github.io/Bioclima_OGC/def/policy/kmgbf-target-1", "https://maytetoscano.github.io/Bioclima_OGC/def/policy/kmgbf-target-8"]}}, {"type": "Feature", "id": "zone-00080", "geometry": {"type": "Polygon", "coordinates": [[[25.79606796523385, 60.39022416683511], [25.86270558131474, 60.39022416683511], [25.86270558131474, 60.45698271854393], [25.79606796523385, 60.45698271854393], [25.79606796523385, 60.39022416683511]]]}, "properties": {"category": "https://maytetoscano.github.io/Bioclima_OGC/def/indicator/zone-stable", "categoryKey": "stable", "categoryLabel": {"en": "Stable phenology zone", "es": "Zona de fenolog\u00eda estable", "zh": "\u7269\u5019\u7a33\u5b9a\u533a", "ro": "Zon\u0103 cu fenologie stabil\u0103"}, "pci_value": 0.13259021937847137, "policyRelevance": ["https://maytetoscano.github.io/Bioclima_OGC/def/policy/kmgbf-target-1", "https://maytetoscano.github.io/Bioclima_OGC/def/policy/kmgbf-target-8"]}}, {"type": "Feature", "id": "zone-00081", "geometry": {"type": "Polygon", "coordinates": [[[26.06261842955741, 60.39022416683511], [26.1292560456383, 60.39022416683511], [26.1292560456383, 60.45698271854393], [26.06261842955741, 60.45698271854393], [26.06261842955741, 60.39022416683511]]]}, "properties": {"category": "https://maytetoscano.github.io/Bioclima_OGC/def/indicator/zone-delay", "categoryKey": "delay", "categoryLabel": {"en": "Phenological delay zone", "es": "Zona de retraso fenol\u00f3gico", "zh": "\u7269\u5019\u5ef6\u8fdf\u533a", "ro": "Zon\u0103 cu \u00eent\u00e2rziere fenologic\u0103"}, "pci_value": 0.2863873839378357, "policyRelevance": ["https://maytetoscano.github.io/Bioclima_OGC/def/policy/kmgbf-target-1", "https://maytetoscano.github.io/Bioclima_OGC/def/policy/kmgbf-target-8"]}}, {"type": "Feature", "id": "zone-00082", "geometry": {"type": "Polygon", "coordinates": [[[26.329168893880972, 60.39022416683511], [26.39580650996186, 60.39022416683511], [26.39580650996186, 60.45698271854393], [26.329168893880972, 60.45698271854393], [26.329168893880972, 60.39022416683511]]]}, "properties": {"category": "https://maytetoscano.github.io/Bioclima_OGC/def/indicator/zone-delay", "categoryKey": "delay", "categoryLabel": {"en": "Phenological delay zone", "es": "Zona de retraso fenol\u00f3gico", "zh": "\u7269\u5019\u5ef6\u8fdf\u533a", "ro": "Zon\u0103 cu \u00eent\u00e2rziere fenologic\u0103"}, "pci_value": 0.3375684916973114, "policyRelevance": ["https://maytetoscano.github.io/Bioclima_OGC/def/policy/kmgbf-target-1", "https://maytetoscano.github.io/Bioclima_OGC/def/policy/kmgbf-target-8"]}}, {"type": "Feature", "id": "zone-00083", "geometry": {"type": "Polygon", "coordinates": [[[26.595719358204537, 60.39022416683511], [26.662356974285427, 60.39022416683511], [26.662356974285427, 60.45698271854393], [26.595719358204537, 60.45698271854393], [26.595719358204537, 60.39022416683511]]]}, "properties": {"category": "https://maytetoscano.github.io/Bioclima_OGC/def/indicator/zone-delay", "categoryKey": "delay", "categoryLabel": {"en": "Phenological delay zone", "es": "Zona de retraso fenol\u00f3gico", "zh": "\u7269\u5019\u5ef6\u8fdf\u533a", "ro": "Zon\u0103 cu \u00eent\u00e2rziere fenologic\u0103"}, "pci_value": 0.276666522026062, "policyRelevance": ["https://maytetoscano.github.io/Bioclima_OGC/def/policy/kmgbf-target-1", "https://maytetoscano.github.io/Bioclima_OGC/def/policy/kmgbf-target-8"]}}, {"type": "Feature", "id": "zone-00084", "geometry": {"type": "Polygon", "coordinates": [[[26.862269822528102, 60.39022416683511], [26.92890743860899, 60.39022416683511], [26.92890743860899, 60.45698271854393], [26.862269822528102, 60.45698271854393], [26.862269822528102, 60.39022416683511]]]}, "properties": {"category": "https://maytetoscano.github.io/Bioclima_OGC/def/indicator/zone-delay", "categoryKey": "delay", "categoryLabel": {"en": "Phenological delay zone", "es": "Zona de retraso fenol\u00f3gico", "zh": "\u7269\u5019\u5ef6\u8fdf\u533a", "ro": "Zon\u0103 cu \u00eent\u00e2rziere fenologic\u0103"}, "pci_value": 0.365558922290802, "policyRelevance": ["https://maytetoscano.github.io/Bioclima_OGC/def/policy/kmgbf-target-1", "https://maytetoscano.github.io/Bioclima_OGC/def/policy/kmgbf-target-8"]}}, {"type": "Feature", "id": "zone-00085", "geometry": {"type": "Polygon", "coordinates": [[[27.128820286851663, 60.39022416683511], [27.195457902932553, 60.39022416683511], [27.195457902932553, 60.45698271854393], [27.128820286851663, 60.45698271854393], [27.128820286851663, 60.39022416683511]]]}, "properties": {"category": "https://maytetoscano.github.io/Bioclima_OGC/def/indicator/zone-delay", "categoryKey": "delay", "categoryLabel": {"en": "Phenological delay zone", "es": "Zona de retraso fenol\u00f3gico", "zh": "\u7269\u5019\u5ef6\u8fdf\u533a", "ro": "Zon\u0103 cu \u00eent\u00e2rziere fenologic\u0103"}, "pci_value": 0.32961177825927734, "policyRelevance": ["https://maytetoscano.github.io/Bioclima_OGC/def/policy/kmgbf-target-1", "https://maytetoscano.github.io/Bioclima_OGC/def/policy/kmgbf-target-8"]}}, {"type": "Feature", "id": "zone-00086", "geometry": {"type": "Polygon", "coordinates": [[[27.395370751175225, 60.39022416683511], [27.462008367256114, 60.39022416683511], [27.462008367256114, 60.45698271854393], [27.395370751175225, 60.45698271854393], [27.395370751175225, 60.39022416683511]]]}, "properties": {"category": "https://maytetoscano.github.io/Bioclima_OGC/def/indicator/zone-delay", "categoryKey": "delay", "categoryLabel": {"en": "Phenological delay zone", "es": "Zona de retraso fenol\u00f3gico", "zh": "\u7269\u5019\u5ef6\u8fdf\u533a", "ro": "Zon\u0103 cu \u00eent\u00e2rziere fenologic\u0103"}, "pci_value": 0.28097403049468994, "policyRelevance": ["https://maytetoscano.github.io/Bioclima_OGC/def/policy/kmgbf-target-1", "https://maytetoscano.github.io/Bioclima_OGC/def/policy/kmgbf-target-8"]}}, {"type": "Feature", "id": "zone-00087", "geometry": {"type": "Polygon", "coordinates": [[[27.66192121549879, 60.39022416683511], [27.72855883157968, 60.39022416683511], [27.72855883157968, 60.45698271854393], [27.66192121549879, 60.45698271854393], [27.66192121549879, 60.39022416683511]]]}, "properties": {"category": "https://maytetoscano.github.io/Bioclima_OGC/def/indicator/zone-delay", "categoryKey": "delay", "categoryLabel": {"en": "Phenological delay zone", "es": "Zona de retraso fenol\u00f3gico", "zh": "\u7269\u5019\u5ef6\u8fdf\u533a", "ro": "Zon\u0103 cu \u00eent\u00e2rziere fenologic\u0103"}, "pci_value": 0.261737585067749, "policyRelevance": ["https://maytetoscano.github.io/Bioclima_OGC/def/policy/kmgbf-target-1", "https://maytetoscano.github.io/Bioclima_OGC/def/policy/kmgbf-target-8"]}}, {"type": "Feature", "id": "zone-00088", "geometry": {"type": "Polygon", "coordinates": [[[27.928471679822355, 60.39022416683511], [27.995109295903244, 60.39022416683511], [27.995109295903244, 60.45698271854393], [27.928471679822355, 60.45698271854393], [27.928471679822355, 60.39022416683511]]]}, "properties": {"category": "https://maytetoscano.github.io/Bioclima_OGC/def/indicator/zone-stable", "categoryKey": "stable", "categoryLabel": {"en": "Stable phenology zone", "es": "Zona de fenolog\u00eda estable", "zh": "\u7269\u5019\u7a33\u5b9a\u533a", "ro": "Zon\u0103 cu fenologie stabil\u0103"}, "pci_value": 0.16380976140499115, "policyRelevance": ["https://maytetoscano.github.io/Bioclima_OGC/def/policy/kmgbf-target-1", "https://maytetoscano.github.io/Bioclima_OGC/def/policy/kmgbf-target-8"]}}, {"type": "Feature", "id": "zone-00089", "geometry": {"type": "Polygon", "coordinates": [[[28.19502214414592, 60.39022416683511], [28.26165976022681, 60.39022416683511], [28.26165976022681, 60.45698271854393], [28.19502214414592, 60.45698271854393], [28.19502214414592, 60.39022416683511]]]}, "properties": {"category": "https://maytetoscano.github.io/Bioclima_OGC/def/indicator/zone-stable", "categoryKey": "stable", "categoryLabel": {"en": "Stable phenology zone", "es": "Zona de fenolog\u00eda estable", "zh": "\u7269\u5019\u7a33\u5b9a\u533a", "ro": "Zon\u0103 cu fenologie stabil\u0103"}, "pci_value": 0.10194578766822815, "policyRelevance": ["https://maytetoscano.github.io/Bioclima_OGC/def/policy/kmgbf-target-1", "https://maytetoscano.github.io/Bioclima_OGC/def/policy/kmgbf-target-8"]}}, {"type": "Feature", "id": "zone-00090", "geometry": {"type": "Polygon", "coordinates": [[[23.397113786321775, 60.65725837367036], [23.463751402402664, 60.65725837367036], [23.463751402402664, 60.72401692537916], [23.397113786321775, 60.72401692537916], [23.397113786321775, 60.65725837367036]]]}, "properties": {"category": "https://maytetoscano.github.io/Bioclima_OGC/def/indicator/zone-delay", "categoryKey": "delay", "categoryLabel": {"en": "Phenological delay zone", "es": "Zona de retraso fenol\u00f3gico", "zh": "\u7269\u5019\u5ef6\u8fdf\u533a", "ro": "Zon\u0103 cu \u00eent\u00e2rziere fenologic\u0103"}, "pci_value": 0.37031370401382446, "policyRelevance": ["https://maytetoscano.github.io/Bioclima_OGC/def/policy/kmgbf-target-1", "https://maytetoscano.github.io/Bioclima_OGC/def/policy/kmgbf-target-8"]}}, {"type": "Feature", "id": "zone-00091", "geometry": {"type": "Polygon", "coordinates": [[[23.663664250645336, 60.65725837367036], [23.730301866726226, 60.65725837367036], [23.730301866726226, 60.72401692537916], [23.663664250645336, 60.72401692537916], [23.663664250645336, 60.65725837367036]]]}, "properties": {"category": "https://maytetoscano.github.io/Bioclima_OGC/def/indicator/zone-delay", "categoryKey": "delay", "categoryLabel": {"en": "Phenological delay zone", "es": "Zona de retraso fenol\u00f3gico", "zh": "\u7269\u5019\u5ef6\u8fdf\u533a", "ro": "Zon\u0103 cu \u00eent\u00e2rziere fenologic\u0103"}, "pci_value": 0.37323227524757385, "policyRelevance": ["https://maytetoscano.github.io/Bioclima_OGC/def/policy/kmgbf-target-1", "https://maytetoscano.github.io/Bioclima_OGC/def/policy/kmgbf-target-8"]}}, {"type": "Feature", "id": "zone-00092", "geometry": {"type": "Polygon", "coordinates": [[[23.9302147149689, 60.65725837367036], [23.99685233104979, 60.65725837367036], [23.99685233104979, 60.72401692537916], [23.9302147149689, 60.72401692537916], [23.9302147149689, 60.65725837367036]]]}, "properties": {"category": "https://maytetoscano.github.io/Bioclima_OGC/def/indicator/zone-delay", "categoryKey": "delay", "categoryLabel": {"en": "Phenological delay zone", "es": "Zona de retraso fenol\u00f3gico", "zh": "\u7269\u5019\u5ef6\u8fdf\u533a", "ro": "Zon\u0103 cu \u00eent\u00e2rziere fenologic\u0103"}, "pci_value": 0.3213925063610077, "policyRelevance": ["https://maytetoscano.github.io/Bioclima_OGC/def/policy/kmgbf-target-1", "https://maytetoscano.github.io/Bioclima_OGC/def/policy/kmgbf-target-8"]}}, {"type": "Feature", "id": "zone-00093", "geometry": {"type": "Polygon", "coordinates": [[[24.196765179292466, 60.65725837367036], [24.263402795373356, 60.65725837367036], [24.263402795373356, 60.72401692537916], [24.196765179292466, 60.72401692537916], [24.196765179292466, 60.65725837367036]]]}, "properties": {"category": "https://maytetoscano.github.io/Bioclima_OGC/def/indicator/zone-delay", "categoryKey": "delay", "categoryLabel": {"en": "Phenological delay zone", "es": "Zona de retraso fenol\u00f3gico", "zh": "\u7269\u5019\u5ef6\u8fdf\u533a", "ro": "Zon\u0103 cu \u00eent\u00e2rziere fenologic\u0103"}, "pci_value": 0.35241788625717163, "policyRelevance": ["https://maytetoscano.github.io/Bioclima_OGC/def/policy/kmgbf-target-1", "https://maytetoscano.github.io/Bioclima_OGC/def/policy/kmgbf-target-8"]}}, {"type": "Feature", "id": "zone-00094", "geometry": {"type": "Polygon", "coordinates": [[[24.46331564361603, 60.65725837367036], [24.52995325969692, 60.65725837367036], [24.52995325969692, 60.72401692537916], [24.46331564361603, 60.72401692537916], [24.46331564361603, 60.65725837367036]]]}, "properties": {"category": "https://maytetoscano.github.io/Bioclima_OGC/def/indicator/zone-delay", "categoryKey": "delay", "categoryLabel": {"en": "Phenological delay zone", "es": "Zona de retraso fenol\u00f3gico", "zh": "\u7269\u5019\u5ef6\u8fdf\u533a", "ro": "Zon\u0103 cu \u00eent\u00e2rziere fenologic\u0103"}, "pci_value": 0.31067517399787903, "policyRelevance": ["https://maytetoscano.github.io/Bioclima_OGC/def/policy/kmgbf-target-1", "https://maytetoscano.github.io/Bioclima_OGC/def/policy/kmgbf-target-8"]}}, {"type": "Feature", "id": "zone-00095", "geometry": {"type": "Polygon", "coordinates": [[[24.729866107939593, 60.65725837367036], [24.796503724020482, 60.65725837367036], [24.796503724020482, 60.72401692537916], [24.729866107939593, 60.72401692537916], [24.729866107939593, 60.65725837367036]]]}, "properties": {"category": "https://maytetoscano.github.io/Bioclima_OGC/def/indicator/zone-delay", "categoryKey": "delay", "categoryLabel": {"en": "Phenological delay zone", "es": "Zona de retraso fenol\u00f3gico", "zh": "\u7269\u5019\u5ef6\u8fdf\u533a", "ro": "Zon\u0103 cu \u00eent\u00e2rziere fenologic\u0103"}, "pci_value": 0.30588504672050476, "policyRelevance": ["https://maytetoscano.github.io/Bioclima_OGC/def/policy/kmgbf-target-1", "https://maytetoscano.github.io/Bioclima_OGC/def/policy/kmgbf-target-8"]}}, {"type": "Feature", "id": "zone-00096", "geometry": {"type": "Polygon", "coordinates": [[[24.996416572263154, 60.65725837367036], [25.063054188344044, 60.65725837367036], [25.063054188344044, 60.72401692537916], [24.996416572263154, 60.72401692537916], [24.996416572263154, 60.65725837367036]]]}, "properties": {"category": "https://maytetoscano.github.io/Bioclima_OGC/def/indicator/zone-delay", "categoryKey": "delay", "categoryLabel": {"en": "Phenological delay zone", "es": "Zona de retraso fenol\u00f3gico", "zh": "\u7269\u5019\u5ef6\u8fdf\u533a", "ro": "Zon\u0103 cu \u00eent\u00e2rziere fenologic\u0103"}, "pci_value": 0.3758668005466461, "policyRelevance": ["https://maytetoscano.github.io/Bioclima_OGC/def/policy/kmgbf-target-1", "https://maytetoscano.github.io/Bioclima_OGC/def/policy/kmgbf-target-8"]}}, {"type": "Feature", "id": "zone-00097", "geometry": {"type": "Polygon", "coordinates": [[[25.26296703658672, 60.65725837367036], [25.32960465266761, 60.65725837367036], [25.32960465266761, 60.72401692537916], [25.26296703658672, 60.72401692537916], [25.26296703658672, 60.65725837367036]]]}, "properties": {"category": "https://maytetoscano.github.io/Bioclima_OGC/def/indicator/zone-delay", "categoryKey": "delay", "categoryLabel": {"en": "Phenological delay zone", "es": "Zona de retraso fenol\u00f3gico", "zh": "\u7269\u5019\u5ef6\u8fdf\u533a", "ro": "Zon\u0103 cu \u00eent\u00e2rziere fenologic\u0103"}, "pci_value": 0.5515409708023071, "policyRelevance": ["https://maytetoscano.github.io/Bioclima_OGC/def/policy/kmgbf-target-1", "https://maytetoscano.github.io/Bioclima_OGC/def/policy/kmgbf-target-8"]}}, {"type": "Feature", "id": "zone-00098", "geometry": {"type": "Polygon", "coordinates": [[[25.529517500910284, 60.65725837367036], [25.596155116991174, 60.65725837367036], [25.596155116991174, 60.72401692537916], [25.529517500910284, 60.72401692537916], [25.529517500910284, 60.65725837367036]]]}, "properties": {"category": "https://maytetoscano.github.io/Bioclima_OGC/def/indicator/zone-delay", "categoryKey": "delay", "categoryLabel": {"en": "Phenological delay zone", "es": "Zona de retraso fenol\u00f3gico", "zh": "\u7269\u5019\u5ef6\u8fdf\u533a", "ro": "Zon\u0103 cu \u00eent\u00e2rziere fenologic\u0103"}, "pci_value": 0.42258375883102417, "policyRelevance": ["https://maytetoscano.github.io/Bioclima_OGC/def/policy/kmgbf-target-1", "https://maytetoscano.github.io/Bioclima_OGC/def/policy/kmgbf-target-8"]}}, {"type": "Feature", "id": "zone-00099", "geometry": {"type": "Polygon", "coordinates": [[[25.79606796523385, 60.65725837367036], [25.86270558131474, 60.65725837367036], [25.86270558131474, 60.72401692537916], [25.79606796523385, 60.72401692537916], [25.79606796523385, 60.65725837367036]]]}, "properties": {"category": "https://maytetoscano.github.io/Bioclima_OGC/def/indicator/zone-delay", "categoryKey": "delay", "categoryLabel": {"en": "Phenological delay zone", "es": "Zona de retraso fenol\u00f3gico", "zh": "\u7269\u5019\u5ef6\u8fdf\u533a", "ro": "Zon\u0103 cu \u00eent\u00e2rziere fenologic\u0103"}, "pci_value": 0.44260939955711365, "policyRelevance": ["https://maytetoscano.github.io/Bioclima_OGC/def/policy/kmgbf-target-1", "https://maytetoscano.github.io/Bioclima_OGC/def/policy/kmgbf-target-8"]}}, {"type": "Feature", "id": "zone-00100", "geometry": {"type": "Polygon", "coordinates": [[[26.06261842955741, 60.65725837367036], [26.1292560456383, 60.65725837367036], [26.1292560456383, 60.72401692537916], [26.06261842955741, 60.72401692537916], [26.06261842955741, 60.65725837367036]]]}, "properties": {"category": "https://maytetoscano.github.io/Bioclima_OGC/def/indicator/zone-delay", "categoryKey": "delay", "categoryLabel": {"en": "Phenological delay zone", "es": "Zona de retraso fenol\u00f3gico", "zh": "\u7269\u5019\u5ef6\u8fdf\u533a", "ro": "Zon\u0103 cu \u00eent\u00e2rziere fenologic\u0103"}, "pci_value": 0.2294876128435135, "policyRelevance": ["https://maytetoscano.github.io/Bioclima_OGC/def/policy/kmgbf-target-1", "https://maytetoscano.github.io/Bioclima_OGC/def/policy/kmgbf-target-8"]}}, {"type": "Feature", "id": "zone-00101", "geometry": {"type": "Polygon", "coordinates": [[[26.329168893880972, 60.65725837367036], [26.39580650996186, 60.65725837367036], [26.39580650996186, 60.72401692537916], [26.329168893880972, 60.72401692537916], [26.329168893880972, 60.65725837367036]]]}, "properties": {"category": "https://maytetoscano.github.io/Bioclima_OGC/def/indicator/zone-delay", "categoryKey": "delay", "categoryLabel": {"en": "Phenological delay zone", "es": "Zona de retraso fenol\u00f3gico", "zh": "\u7269\u5019\u5ef6\u8fdf\u533a", "ro": "Zon\u0103 cu \u00eent\u00e2rziere fenologic\u0103"}, "pci_value": 0.25094833970069885, "policyRelevance": ["https://maytetoscano.github.io/Bioclima_OGC/def/policy/kmgbf-target-1", "https://maytetoscano.github.io/Bioclima_OGC/def/policy/kmgbf-target-8"]}}, {"type": "Feature", "id": "zone-00102", "geometry": {"type": "Polygon", "coordinates": [[[26.595719358204537, 60.65725837367036], [26.662356974285427, 60.65725837367036], [26.662356974285427, 60.72401692537916], [26.595719358204537, 60.72401692537916], [26.595719358204537, 60.65725837367036]]]}, "properties": {"category": "https://maytetoscano.github.io/Bioclima_OGC/def/indicator/zone-delay", "categoryKey": "delay", "categoryLabel": {"en": "Phenological delay zone", "es": "Zona de retraso fenol\u00f3gico", "zh": "\u7269\u5019\u5ef6\u8fdf\u533a", "ro": "Zon\u0103 cu \u00eent\u00e2rziere fenologic\u0103"}, "pci_value": 0.36063477396965027, "policyRelevance": ["https://maytetoscano.github.io/Bioclima_OGC/def/policy/kmgbf-target-1", "https://maytetoscano.github.io/Bioclima_OGC/def/policy/kmgbf-target-8"]}}, {"type": "Feature", "id": "zone-00103", "geometry": {"type": "Polygon", "coordinates": [[[26.862269822528102, 60.65725837367036], [26.92890743860899, 60.65725837367036], [26.92890743860899, 60.72401692537916], [26.862269822528102, 60.72401692537916], [26.862269822528102, 60.65725837367036]]]}, "properties": {"category": "https://maytetoscano.github.io/Bioclima_OGC/def/indicator/zone-delay", "categoryKey": "delay", "categoryLabel": {"en": "Phenological delay zone", "es": "Zona de retraso fenol\u00f3gico", "zh": "\u7269\u5019\u5ef6\u8fdf\u533a", "ro": "Zon\u0103 cu \u00eent\u00e2rziere fenologic\u0103"}, "pci_value": 0.3363616466522217, "policyRelevance": ["https://maytetoscano.github.io/Bioclima_OGC/def/policy/kmgbf-target-1", "https://maytetoscano.github.io/Bioclima_OGC/def/policy/kmgbf-target-8"]}}, {"type": "Feature", "id": "zone-00104", "geometry": {"type": "Polygon", "coordinates": [[[27.128820286851663, 60.65725837367036], [27.195457902932553, 60.65725837367036], [27.195457902932553, 60.72401692537916], [27.128820286851663, 60.72401692537916], [27.128820286851663, 60.65725837367036]]]}, "properties": {"category": "https://maytetoscano.github.io/Bioclima_OGC/def/indicator/zone-delay", "categoryKey": "delay", "categoryLabel": {"en": "Phenological delay zone", "es": "Zona de retraso fenol\u00f3gico", "zh": "\u7269\u5019\u5ef6\u8fdf\u533a", "ro": "Zon\u0103 cu \u00eent\u00e2rziere fenologic\u0103"}, "pci_value": 0.3553926646709442, "policyRelevance": ["https://maytetoscano.github.io/Bioclima_OGC/def/policy/kmgbf-target-1", "https://maytetoscano.github.io/Bioclima_OGC/def/policy/kmgbf-target-8"]}}, {"type": "Feature", "id": "zone-00105", "geometry": {"type": "Polygon", "coordinates": [[[27.395370751175225, 60.65725837367036], [27.462008367256114, 60.65725837367036], [27.462008367256114, 60.72401692537916], [27.395370751175225, 60.72401692537916], [27.395370751175225, 60.65725837367036]]]}, "properties": {"category": "https://maytetoscano.github.io/Bioclima_OGC/def/indicator/zone-delay", "categoryKey": "delay", "categoryLabel": {"en": "Phenological delay zone", "es": "Zona de retraso fenol\u00f3gico", "zh": "\u7269\u5019\u5ef6\u8fdf\u533a", "ro": "Zon\u0103 cu \u00eent\u00e2rziere fenologic\u0103"}, "pci_value": 0.2811623513698578, "policyRelevance": ["https://maytetoscano.github.io/Bioclima_OGC/def/policy/kmgbf-target-1", "https://maytetoscano.github.io/Bioclima_OGC/def/policy/kmgbf-target-8"]}}, {"type": "Feature", "id": "zone-00106", "geometry": {"type": "Polygon", "coordinates": [[[27.66192121549879, 60.65725837367036], [27.72855883157968, 60.65725837367036], [27.72855883157968, 60.72401692537916], [27.66192121549879, 60.72401692537916], [27.66192121549879, 60.65725837367036]]]}, "properties": {"category": "https://maytetoscano.github.io/Bioclima_OGC/def/indicator/zone-delay", "categoryKey": "delay", "categoryLabel": {"en": "Phenological delay zone", "es": "Zona de retraso fenol\u00f3gico", "zh": "\u7269\u5019\u5ef6\u8fdf\u533a", "ro": "Zon\u0103 cu \u00eent\u00e2rziere fenologic\u0103"}, "pci_value": 0.2028602510690689, "policyRelevance": ["https://maytetoscano.github.io/Bioclima_OGC/def/policy/kmgbf-target-1", "https://maytetoscano.github.io/Bioclima_OGC/def/policy/kmgbf-target-8"]}}, {"type": "Feature", "id": "zone-00107", "geometry": {"type": "Polygon", "coordinates": [[[27.928471679822355, 60.65725837367036], [27.995109295903244, 60.65725837367036], [27.995109295903244, 60.72401692537916], [27.928471679822355, 60.72401692537916], [27.928471679822355, 60.65725837367036]]]}, "properties": {"category": "https://maytetoscano.github.io/Bioclima_OGC/def/indicator/zone-delay", "categoryKey": "delay", "categoryLabel": {"en": "Phenological delay zone", "es": "Zona de retraso fenol\u00f3gico", "zh": "\u7269\u5019\u5ef6\u8fdf\u533a", "ro": "Zon\u0103 cu \u00eent\u00e2rziere fenologic\u0103"}, "pci_value": 0.37313613295555115, "policyRelevance": ["https://maytetoscano.github.io/Bioclima_OGC/def/policy/kmgbf-target-1", "https://maytetoscano.github.io/Bioclima_OGC/def/policy/kmgbf-target-8"]}}, {"type": "Feature", "id": "zone-00108", "geometry": {"type": "Polygon", "coordinates": [[[28.19502214414592, 60.65725837367036], [28.26165976022681, 60.65725837367036], [28.26165976022681, 60.72401692537916], [28.19502214414592, 60.72401692537916], [28.19502214414592, 60.65725837367036]]]}, "properties": {"category": "https://maytetoscano.github.io/Bioclima_OGC/def/indicator/zone-delay", "categoryKey": "delay", "categoryLabel": {"en": "Phenological delay zone", "es": "Zona de retraso fenol\u00f3gico", "zh": "\u7269\u5019\u5ef6\u8fdf\u533a", "ro": "Zon\u0103 cu \u00eent\u00e2rziere fenologic\u0103"}, "pci_value": 0.5220224857330322, "policyRelevance": ["https://maytetoscano.github.io/Bioclima_OGC/def/policy/kmgbf-target-1", "https://maytetoscano.github.io/Bioclima_OGC/def/policy/kmgbf-target-8"]}}, {"type": "Feature", "id": "zone-00109", "geometry": {"type": "Polygon", "coordinates": [[[28.46157260846948, 60.65725837367036], [28.52821022455037, 60.65725837367036], [28.52821022455037, 60.72401692537916], [28.46157260846948, 60.72401692537916], [28.46157260846948, 60.65725837367036]]]}, "properties": {"category": "https://maytetoscano.github.io/Bioclima_OGC/def/indicator/zone-delay", "categoryKey": "delay", "categoryLabel": {"en": "Phenological delay zone", "es": "Zona de retraso fenol\u00f3gico", "zh": "\u7269\u5019\u5ef6\u8fdf\u533a", "ro": "Zon\u0103 cu \u00eent\u00e2rziere fenologic\u0103"}, "pci_value": 0.22372211515903473, "policyRelevance": ["https://maytetoscano.github.io/Bioclima_OGC/def/policy/kmgbf-target-1", "https://maytetoscano.github.io/Bioclima_OGC/def/policy/kmgbf-target-8"]}}, {"type": "Feature", "id": "zone-00110", "geometry": {"type": "Polygon", "coordinates": [[[23.9302147149689, 60.92429258050559], [23.99685233104979, 60.92429258050559], [23.99685233104979, 60.99105113221441], [23.9302147149689, 60.99105113221441], [23.9302147149689, 60.92429258050559]]]}, "properties": {"category": "https://maytetoscano.github.io/Bioclima_OGC/def/indicator/zone-delay", "categoryKey": "delay", "categoryLabel": {"en": "Phenological delay zone", "es": "Zona de retraso fenol\u00f3gico", "zh": "\u7269\u5019\u5ef6\u8fdf\u533a", "ro": "Zon\u0103 cu \u00eent\u00e2rziere fenologic\u0103"}, "pci_value": 0.28257113695144653, "policyRelevance": ["https://maytetoscano.github.io/Bioclima_OGC/def/policy/kmgbf-target-1", "https://maytetoscano.github.io/Bioclima_OGC/def/policy/kmgbf-target-8"]}}, {"type": "Feature", "id": "zone-00111", "geometry": {"type": "Polygon", "coordinates": [[[24.196765179292466, 60.92429258050559], [24.263402795373356, 60.92429258050559], [24.263402795373356, 60.99105113221441], [24.196765179292466, 60.99105113221441], [24.196765179292466, 60.92429258050559]]]}, "properties": {"category": "https://maytetoscano.github.io/Bioclima_OGC/def/indicator/zone-delay", "categoryKey": "delay", "categoryLabel": {"en": "Phenological delay zone", "es": "Zona de retraso fenol\u00f3gico", "zh": "\u7269\u5019\u5ef6\u8fdf\u533a", "ro": "Zon\u0103 cu \u00eent\u00e2rziere fenologic\u0103"}, "pci_value": 0.3433699607849121, "policyRelevance": ["https://maytetoscano.github.io/Bioclima_OGC/def/policy/kmgbf-target-1", "https://maytetoscano.github.io/Bioclima_OGC/def/policy/kmgbf-target-8"]}}, {"type": "Feature", "id": "zone-00112", "geometry": {"type": "Polygon", "coordinates": [[[24.46331564361603, 60.92429258050559], [24.52995325969692, 60.92429258050559], [24.52995325969692, 60.99105113221441], [24.46331564361603, 60.99105113221441], [24.46331564361603, 60.92429258050559]]]}, "properties": {"category": "https://maytetoscano.github.io/Bioclima_OGC/def/indicator/zone-delay", "categoryKey": "delay", "categoryLabel": {"en": "Phenological delay zone", "es": "Zona de retraso fenol\u00f3gico", "zh": "\u7269\u5019\u5ef6\u8fdf\u533a", "ro": "Zon\u0103 cu \u00eent\u00e2rziere fenologic\u0103"}, "pci_value": 0.511661171913147, "policyRelevance": ["https://maytetoscano.github.io/Bioclima_OGC/def/policy/kmgbf-target-1", "https://maytetoscano.github.io/Bioclima_OGC/def/policy/kmgbf-target-8"]}}, {"type": "Feature", "id": "zone-00113", "geometry": {"type": "Polygon", "coordinates": [[[24.729866107939593, 60.92429258050559], [24.796503724020482, 60.92429258050559], [24.796503724020482, 60.99105113221441], [24.729866107939593, 60.99105113221441], [24.729866107939593, 60.92429258050559]]]}, "properties": {"category": "https://maytetoscano.github.io/Bioclima_OGC/def/indicator/zone-delay", "categoryKey": "delay", "categoryLabel": {"en": "Phenological delay zone", "es": "Zona de retraso fenol\u00f3gico", "zh": "\u7269\u5019\u5ef6\u8fdf\u533a", "ro": "Zon\u0103 cu \u00eent\u00e2rziere fenologic\u0103"}, "pci_value": 0.3881840109825134, "policyRelevance": ["https://maytetoscano.github.io/Bioclima_OGC/def/policy/kmgbf-target-1", "https://maytetoscano.github.io/Bioclima_OGC/def/policy/kmgbf-target-8"]}}, {"type": "Feature", "id": "zone-00114", "geometry": {"type": "Polygon", "coordinates": [[[24.996416572263154, 60.92429258050559], [25.063054188344044, 60.92429258050559], [25.063054188344044, 60.99105113221441], [24.996416572263154, 60.99105113221441], [24.996416572263154, 60.92429258050559]]]}, "properties": {"category": "https://maytetoscano.github.io/Bioclima_OGC/def/indicator/zone-delay", "categoryKey": "delay", "categoryLabel": {"en": "Phenological delay zone", "es": "Zona de retraso fenol\u00f3gico", "zh": "\u7269\u5019\u5ef6\u8fdf\u533a", "ro": "Zon\u0103 cu \u00eent\u00e2rziere fenologic\u0103"}, "pci_value": 0.2894647419452667, "policyRelevance": ["https://maytetoscano.github.io/Bioclima_OGC/def/policy/kmgbf-target-1", "https://maytetoscano.github.io/Bioclima_OGC/def/policy/kmgbf-target-8"]}}, {"type": "Feature", "id": "zone-00115", "geometry": {"type": "Polygon", "coordinates": [[[25.26296703658672, 60.92429258050559], [25.32960465266761, 60.92429258050559], [25.32960465266761, 60.99105113221441], [25.26296703658672, 60.99105113221441], [25.26296703658672, 60.92429258050559]]]}, "properties": {"category": "https://maytetoscano.github.io/Bioclima_OGC/def/indicator/zone-delay", "categoryKey": "delay", "categoryLabel": {"en": "Phenological delay zone", "es": "Zona de retraso fenol\u00f3gico", "zh": "\u7269\u5019\u5ef6\u8fdf\u533a", "ro": "Zon\u0103 cu \u00eent\u00e2rziere fenologic\u0103"}, "pci_value": 0.36944711208343506, "policyRelevance": ["https://maytetoscano.github.io/Bioclima_OGC/def/policy/kmgbf-target-1", "https://maytetoscano.github.io/Bioclima_OGC/def/policy/kmgbf-target-8"]}}, {"type": "Feature", "id": "zone-00116", "geometry": {"type": "Polygon", "coordinates": [[[25.529517500910284, 60.92429258050559], [25.596155116991174, 60.92429258050559], [25.596155116991174, 60.99105113221441], [25.529517500910284, 60.99105113221441], [25.529517500910284, 60.92429258050559]]]}, "properties": {"category": "https://maytetoscano.github.io/Bioclima_OGC/def/indicator/zone-delay", "categoryKey": "delay", "categoryLabel": {"en": "Phenological delay zone", "es": "Zona de retraso fenol\u00f3gico", "zh": "\u7269\u5019\u5ef6\u8fdf\u533a", "ro": "Zon\u0103 cu \u00eent\u00e2rziere fenologic\u0103"}, "pci_value": 0.42726072669029236, "policyRelevance": ["https://maytetoscano.github.io/Bioclima_OGC/def/policy/kmgbf-target-1", "https://maytetoscano.github.io/Bioclima_OGC/def/policy/kmgbf-target-8"]}}, {"type": "Feature", "id": "zone-00117", "geometry": {"type": "Polygon", "coordinates": [[[25.79606796523385, 60.92429258050559], [25.86270558131474, 60.92429258050559], [25.86270558131474, 60.99105113221441], [25.79606796523385, 60.99105113221441], [25.79606796523385, 60.92429258050559]]]}, "properties": {"category": "https://maytetoscano.github.io/Bioclima_OGC/def/indicator/zone-delay", "categoryKey": "delay", "categoryLabel": {"en": "Phenological delay zone", "es": "Zona de retraso fenol\u00f3gico", "zh": "\u7269\u5019\u5ef6\u8fdf\u533a", "ro": "Zon\u0103 cu \u00eent\u00e2rziere fenologic\u0103"}, "pci_value": 0.3803679347038269, "policyRelevance": ["https://maytetoscano.github.io/Bioclima_OGC/def/policy/kmgbf-target-1", "https://maytetoscano.github.io/Bioclima_OGC/def/policy/kmgbf-target-8"]}}, {"type": "Feature", "id": "zone-00118", "geometry": {"type": "Polygon", "coordinates": [[[26.06261842955741, 60.92429258050559], [26.1292560456383, 60.92429258050559], [26.1292560456383, 60.99105113221441], [26.06261842955741, 60.99105113221441], [26.06261842955741, 60.92429258050559]]]}, "properties": {"category": "https://maytetoscano.github.io/Bioclima_OGC/def/indicator/zone-delay", "categoryKey": "delay", "categoryLabel": {"en": "Phenological delay zone", "es": "Zona de retraso fenol\u00f3gico", "zh": "\u7269\u5019\u5ef6\u8fdf\u533a", "ro": "Zon\u0103 cu \u00eent\u00e2rziere fenologic\u0103"}, "pci_value": 0.3092689514160156, "policyRelevance": ["https://maytetoscano.github.io/Bioclima_OGC/def/policy/kmgbf-target-1", "https://maytetoscano.github.io/Bioclima_OGC/def/policy/kmgbf-target-8"]}}, {"type": "Feature", "id": "zone-00119", "geometry": {"type": "Polygon", "coordinates": [[[26.329168893880972, 60.92429258050559], [26.39580650996186, 60.92429258050559], [26.39580650996186, 60.99105113221441], [26.329168893880972, 60.99105113221441], [26.329168893880972, 60.92429258050559]]]}, "properties": {"category": "https://maytetoscano.github.io/Bioclima_OGC/def/indicator/zone-delay", "categoryKey": "delay", "categoryLabel": {"en": "Phenological delay zone", "es": "Zona de retraso fenol\u00f3gico", "zh": "\u7269\u5019\u5ef6\u8fdf\u533a", "ro": "Zon\u0103 cu \u00eent\u00e2rziere fenologic\u0103"}, "pci_value": 0.26503098011016846, "policyRelevance": ["https://maytetoscano.github.io/Bioclima_OGC/def/policy/kmgbf-target-1", "https://maytetoscano.github.io/Bioclima_OGC/def/policy/kmgbf-target-8"]}}, {"type": "Feature", "id": "zone-00120", "geometry": {"type": "Polygon", "coordinates": [[[26.595719358204537, 60.92429258050559], [26.662356974285427, 60.92429258050559], [26.662356974285427, 60.99105113221441], [26.595719358204537, 60.99105113221441], [26.595719358204537, 60.92429258050559]]]}, "properties": {"category": "https://maytetoscano.github.io/Bioclima_OGC/def/indicator/zone-delay", "categoryKey": "delay", "categoryLabel": {"en": "Phenological delay zone", "es": "Zona de retraso fenol\u00f3gico", "zh": "\u7269\u5019\u5ef6\u8fdf\u533a", "ro": "Zon\u0103 cu \u00eent\u00e2rziere fenologic\u0103"}, "pci_value": 0.45476236939430237, "policyRelevance": ["https://maytetoscano.github.io/Bioclima_OGC/def/policy/kmgbf-target-1", "https://maytetoscano.github.io/Bioclima_OGC/def/policy/kmgbf-target-8"]}}, {"type": "Feature", "id": "zone-00121", "geometry": {"type": "Polygon", "coordinates": [[[26.862269822528102, 60.92429258050559], [26.92890743860899, 60.92429258050559], [26.92890743860899, 60.99105113221441], [26.862269822528102, 60.99105113221441], [26.862269822528102, 60.92429258050559]]]}, "properties": {"category": "https://maytetoscano.github.io/Bioclima_OGC/def/indicator/zone-delay", "categoryKey": "delay", "categoryLabel": {"en": "Phenological delay zone", "es": "Zona de retraso fenol\u00f3gico", "zh": "\u7269\u5019\u5ef6\u8fdf\u533a", "ro": "Zon\u0103 cu \u00eent\u00e2rziere fenologic\u0103"}, "pci_value": 0.42677468061447144, "policyRelevance": ["https://maytetoscano.github.io/Bioclima_OGC/def/policy/kmgbf-target-1", "https://maytetoscano.github.io/Bioclima_OGC/def/policy/kmgbf-target-8"]}}, {"type": "Feature", "id": "zone-00122", "geometry": {"type": "Polygon", "coordinates": [[[27.128820286851663, 60.92429258050559], [27.195457902932553, 60.92429258050559], [27.195457902932553, 60.99105113221441], [27.128820286851663, 60.99105113221441], [27.128820286851663, 60.92429258050559]]]}, "properties": {"category": "https://maytetoscano.github.io/Bioclima_OGC/def/indicator/zone-delay", "categoryKey": "delay", "categoryLabel": {"en": "Phenological delay zone", "es": "Zona de retraso fenol\u00f3gico", "zh": "\u7269\u5019\u5ef6\u8fdf\u533a", "ro": "Zon\u0103 cu \u00eent\u00e2rziere fenologic\u0103"}, "pci_value": 0.3846450746059418, "policyRelevance": ["https://maytetoscano.github.io/Bioclima_OGC/def/policy/kmgbf-target-1", "https://maytetoscano.github.io/Bioclima_OGC/def/policy/kmgbf-target-8"]}}, {"type": "Feature", "id": "zone-00123", "geometry": {"type": "Polygon", "coordinates": [[[27.395370751175225, 60.92429258050559], [27.462008367256114, 60.92429258050559], [27.462008367256114, 60.99105113221441], [27.395370751175225, 60.99105113221441], [27.395370751175225, 60.92429258050559]]]}, "properties": {"category": "https://maytetoscano.github.io/Bioclima_OGC/def/indicator/zone-delay", "categoryKey": "delay", "categoryLabel": {"en": "Phenological delay zone", "es": "Zona de retraso fenol\u00f3gico", "zh": "\u7269\u5019\u5ef6\u8fdf\u533a", "ro": "Zon\u0103 cu \u00eent\u00e2rziere fenologic\u0103"}, "pci_value": 0.2949162423610687, "policyRelevance": ["https://maytetoscano.github.io/Bioclima_OGC/def/policy/kmgbf-target-1", "https://maytetoscano.github.io/Bioclima_OGC/def/policy/kmgbf-target-8"]}}, {"type": "Feature", "id": "zone-00124", "geometry": {"type": "Polygon", "coordinates": [[[27.928471679822355, 60.92429258050559], [27.995109295903244, 60.92429258050559], [27.995109295903244, 60.99105113221441], [27.928471679822355, 60.99105113221441], [27.928471679822355, 60.92429258050559]]]}, "properties": {"category": "https://maytetoscano.github.io/Bioclima_OGC/def/indicator/zone-delay", "categoryKey": "delay", "categoryLabel": {"en": "Phenological delay zone", "es": "Zona de retraso fenol\u00f3gico", "zh": "\u7269\u5019\u5ef6\u8fdf\u533a", "ro": "Zon\u0103 cu \u00eent\u00e2rziere fenologic\u0103"}, "pci_value": 0.2196878343820572, "policyRelevance": ["https://maytetoscano.github.io/Bioclima_OGC/def/policy/kmgbf-target-1", "https://maytetoscano.github.io/Bioclima_OGC/def/policy/kmgbf-target-8"]}}, {"type": "Feature", "id": "zone-00125", "geometry": {"type": "Polygon", "coordinates": [[[28.19502214414592, 60.92429258050559], [28.26165976022681, 60.92429258050559], [28.26165976022681, 60.99105113221441], [28.19502214414592, 60.99105113221441], [28.19502214414592, 60.92429258050559]]]}, "properties": {"category": "https://maytetoscano.github.io/Bioclima_OGC/def/indicator/zone-stable", "categoryKey": "stable", "categoryLabel": {"en": "Stable phenology zone", "es": "Zona de fenolog\u00eda estable", "zh": "\u7269\u5019\u7a33\u5b9a\u533a", "ro": "Zon\u0103 cu fenologie stabil\u0103"}, "pci_value": 0.16967706382274628, "policyRelevance": ["https://maytetoscano.github.io/Bioclima_OGC/def/policy/kmgbf-target-1", "https://maytetoscano.github.io/Bioclima_OGC/def/policy/kmgbf-target-8"]}}, {"type": "Feature", "id": "zone-00126", "geometry": {"type": "Polygon", "coordinates": [[[28.46157260846948, 60.92429258050559], [28.52821022455037, 60.92429258050559], [28.52821022455037, 60.99105113221441], [28.46157260846948, 60.99105113221441], [28.46157260846948, 60.92429258050559]]]}, "properties": {"category": "https://maytetoscano.github.io/Bioclima_OGC/def/indicator/zone-stable", "categoryKey": "stable", "categoryLabel": {"en": "Stable phenology zone", "es": "Zona de fenolog\u00eda estable", "zh": "\u7269\u5019\u7a33\u5b9a\u533a", "ro": "Zon\u0103 cu fenologie stabil\u0103"}, "pci_value": 0.10606290400028229, "policyRelevance": ["https://maytetoscano.github.io/Bioclima_OGC/def/policy/kmgbf-target-1", "https://maytetoscano.github.io/Bioclima_OGC/def/policy/kmgbf-target-8"]}}, {"type": "Feature", "id": "zone-00127", "geometry": {"type": "Polygon", "coordinates": [[[28.728123072793043, 60.92429258050559], [28.794760688873932, 60.92429258050559], [28.794760688873932, 60.99105113221441], [28.728123072793043, 60.99105113221441], [28.728123072793043, 60.92429258050559]]]}, "properties": {"category": "https://maytetoscano.github.io/Bioclima_OGC/def/indicator/zone-stable", "categoryKey": "stable", "categoryLabel": {"en": "Stable phenology zone", "es": "Zona de fenolog\u00eda estable", "zh": "\u7269\u5019\u7a33\u5b9a\u533a", "ro": "Zon\u0103 cu fenologie stabil\u0103"}, "pci_value": 0.16950760781764984, "policyRelevance": ["https://maytetoscano.github.io/Bioclima_OGC/def/policy/kmgbf-target-1", "https://maytetoscano.github.io/Bioclima_OGC/def/policy/kmgbf-target-8"]}}, {"type": "Feature", "id": "zone-00128", "geometry": {"type": "Polygon", "coordinates": [[[28.994673537116608, 60.92429258050559], [29.061311153197497, 60.92429258050559], [29.061311153197497, 60.99105113221441], [28.994673537116608, 60.99105113221441], [28.994673537116608, 60.92429258050559]]]}, "properties": {"category": "https://maytetoscano.github.io/Bioclima_OGC/def/indicator/zone-delay", "categoryKey": "delay", "categoryLabel": {"en": "Phenological delay zone", "es": "Zona de retraso fenol\u00f3gico", "zh": "\u7269\u5019\u5ef6\u8fdf\u533a", "ro": "Zon\u0103 cu \u00eent\u00e2rziere fenologic\u0103"}, "pci_value": 0.25392991304397583, "policyRelevance": ["https://maytetoscano.github.io/Bioclima_OGC/def/policy/kmgbf-target-1", "https://maytetoscano.github.io/Bioclima_OGC/def/policy/kmgbf-target-8"]}}, {"type": "Feature", "id": "zone-00129", "geometry": {"type": "Polygon", "coordinates": [[[29.261224001440173, 60.92429258050559], [29.327861617521062, 60.92429258050559], [29.327861617521062, 60.99105113221441], [29.261224001440173, 60.99105113221441], [29.261224001440173, 60.92429258050559]]]}, "properties": {"category": "https://maytetoscano.github.io/Bioclima_OGC/def/indicator/zone-delay", "categoryKey": "delay", "categoryLabel": {"en": "Phenological delay zone", "es": "Zona de retraso fenol\u00f3gico", "zh": "\u7269\u5019\u5ef6\u8fdf\u533a", "ro": "Zon\u0103 cu \u00eent\u00e2rziere fenologic\u0103"}, "pci_value": 0.28544819355010986, "policyRelevance": ["https://maytetoscano.github.io/Bioclima_OGC/def/policy/kmgbf-target-1", "https://maytetoscano.github.io/Bioclima_OGC/def/policy/kmgbf-target-8"]}}, {"type": "Feature", "id": "zone-00130", "geometry": {"type": "Polygon", "coordinates": [[[23.663664250645336, 61.19132678734084], [23.730301866726226, 61.19132678734084], [23.730301866726226, 61.25808533904964], [23.663664250645336, 61.25808533904964], [23.663664250645336, 61.19132678734084]]]}, "properties": {"category": "https://maytetoscano.github.io/Bioclima_OGC/def/indicator/zone-delay", "categoryKey": "delay", "categoryLabel": {"en": "Phenological delay zone", "es": "Zona de retraso fenol\u00f3gico", "zh": "\u7269\u5019\u5ef6\u8fdf\u533a", "ro": "Zon\u0103 cu \u00eent\u00e2rziere fenologic\u0103"}, "pci_value": 0.46330711245536804, "policyRelevance": ["https://maytetoscano.github.io/Bioclima_OGC/def/policy/kmgbf-target-1", "https://maytetoscano.github.io/Bioclima_OGC/def/policy/kmgbf-target-8"]}}, {"type": "Feature", "id": "zone-00131", "geometry": {"type": "Polygon", "coordinates": [[[23.9302147149689, 61.19132678734084], [23.99685233104979, 61.19132678734084], [23.99685233104979, 61.25808533904964], [23.9302147149689, 61.25808533904964], [23.9302147149689, 61.19132678734084]]]}, "properties": {"category": "https://maytetoscano.github.io/Bioclima_OGC/def/indicator/zone-delay", "categoryKey": "delay", "categoryLabel": {"en": "Phenological delay zone", "es": "Zona de retraso fenol\u00f3gico", "zh": "\u7269\u5019\u5ef6\u8fdf\u533a", "ro": "Zon\u0103 cu \u00eent\u00e2rziere fenologic\u0103"}, "pci_value": 0.5717373490333557, "policyRelevance": ["https://maytetoscano.github.io/Bioclima_OGC/def/policy/kmgbf-target-1", "https://maytetoscano.github.io/Bioclima_OGC/def/policy/kmgbf-target-8"]}}, {"type": "Feature", "id": "zone-00132", "geometry": {"type": "Polygon", "coordinates": [[[24.196765179292466, 61.19132678734084], [24.263402795373356, 61.19132678734084], [24.263402795373356, 61.25808533904964], [24.196765179292466, 61.25808533904964], [24.196765179292466, 61.19132678734084]]]}, "properties": {"category": "https://maytetoscano.github.io/Bioclima_OGC/def/indicator/zone-delay", "categoryKey": "delay", "categoryLabel": {"en": "Phenological delay zone", "es": "Zona de retraso fenol\u00f3gico", "zh": "\u7269\u5019\u5ef6\u8fdf\u533a", "ro": "Zon\u0103 cu \u00eent\u00e2rziere fenologic\u0103"}, "pci_value": 0.37872743606567383, "policyRelevance": ["https://maytetoscano.github.io/Bioclima_OGC/def/policy/kmgbf-target-1", "https://maytetoscano.github.io/Bioclima_OGC/def/policy/kmgbf-target-8"]}}, {"type": "Feature", "id": "zone-00133", "geometry": {"type": "Polygon", "coordinates": [[[24.46331564361603, 61.19132678734084], [24.52995325969692, 61.19132678734084], [24.52995325969692, 61.25808533904964], [24.46331564361603, 61.25808533904964], [24.46331564361603, 61.19132678734084]]]}, "properties": {"category": "https://maytetoscano.github.io/Bioclima_OGC/def/indicator/zone-delay", "categoryKey": "delay", "categoryLabel": {"en": "Phenological delay zone", "es": "Zona de retraso fenol\u00f3gico", "zh": "\u7269\u5019\u5ef6\u8fdf\u533a", "ro": "Zon\u0103 cu \u00eent\u00e2rziere fenologic\u0103"}, "pci_value": 0.327808678150177, "policyRelevance": ["https://maytetoscano.github.io/Bioclima_OGC/def/policy/kmgbf-target-1", "https://maytetoscano.github.io/Bioclima_OGC/def/policy/kmgbf-target-8"]}}, {"type": "Feature", "id": "zone-00134", "geometry": {"type": "Polygon", "coordinates": [[[24.729866107939593, 61.19132678734084], [24.796503724020482, 61.19132678734084], [24.796503724020482, 61.25808533904964], [24.729866107939593, 61.25808533904964], [24.729866107939593, 61.19132678734084]]]}, "properties": {"category": "https://maytetoscano.github.io/Bioclima_OGC/def/indicator/zone-delay", "categoryKey": "delay", "categoryLabel": {"en": "Phenological delay zone", "es": "Zona de retraso fenol\u00f3gico", "zh": "\u7269\u5019\u5ef6\u8fdf\u533a", "ro": "Zon\u0103 cu \u00eent\u00e2rziere fenologic\u0103"}, "pci_value": 0.27052703499794006, "policyRelevance": ["https://maytetoscano.github.io/Bioclima_OGC/def/policy/kmgbf-target-1", "https://maytetoscano.github.io/Bioclima_OGC/def/policy/kmgbf-target-8"]}}, {"type": "Feature", "id": "zone-00135", "geometry": {"type": "Polygon", "coordinates": [[[24.996416572263154, 61.19132678734084], [25.063054188344044, 61.19132678734084], [25.063054188344044, 61.25808533904964], [24.996416572263154, 61.25808533904964], [24.996416572263154, 61.19132678734084]]]}, "properties": {"category": "https://maytetoscano.github.io/Bioclima_OGC/def/indicator/zone-delay", "categoryKey": "delay", "categoryLabel": {"en": "Phenological delay zone", "es": "Zona de retraso fenol\u00f3gico", "zh": "\u7269\u5019\u5ef6\u8fdf\u533a", "ro": "Zon\u0103 cu \u00eent\u00e2rziere fenologic\u0103"}, "pci_value": 0.24207137525081635, "policyRelevance": ["https://maytetoscano.github.io/Bioclima_OGC/def/policy/kmgbf-target-1", "https://maytetoscano.github.io/Bioclima_OGC/def/policy/kmgbf-target-8"]}}, {"type": "Feature", "id": "zone-00136", "geometry": {"type": "Polygon", "coordinates": [[[25.26296703658672, 61.19132678734084], [25.32960465266761, 61.19132678734084], [25.32960465266761, 61.25808533904964], [25.26296703658672, 61.25808533904964], [25.26296703658672, 61.19132678734084]]]}, "properties": {"category": "https://maytetoscano.github.io/Bioclima_OGC/def/indicator/zone-delay", "categoryKey": "delay", "categoryLabel": {"en": "Phenological delay zone", "es": "Zona de retraso fenol\u00f3gico", "zh": "\u7269\u5019\u5ef6\u8fdf\u533a", "ro": "Zon\u0103 cu \u00eent\u00e2rziere fenologic\u0103"}, "pci_value": 0.35854384303092957, "policyRelevance": ["https://maytetoscano.github.io/Bioclima_OGC/def/policy/kmgbf-target-1", "https://maytetoscano.github.io/Bioclima_OGC/def/policy/kmgbf-target-8"]}}, {"type": "Feature", "id": "zone-00137", "geometry": {"type": "Polygon", "coordinates": [[[25.529517500910284, 61.19132678734084], [25.596155116991174, 61.19132678734084], [25.596155116991174, 61.25808533904964], [25.529517500910284, 61.25808533904964], [25.529517500910284, 61.19132678734084]]]}, "properties": {"category": "https://maytetoscano.github.io/Bioclima_OGC/def/indicator/zone-delay", "categoryKey": "delay", "categoryLabel": {"en": "Phenological delay zone", "es": "Zona de retraso fenol\u00f3gico", "zh": "\u7269\u5019\u5ef6\u8fdf\u533a", "ro": "Zon\u0103 cu \u00eent\u00e2rziere fenologic\u0103"}, "pci_value": 0.33084002137184143, "policyRelevance": ["https://maytetoscano.github.io/Bioclima_OGC/def/policy/kmgbf-target-1", "https://maytetoscano.github.io/Bioclima_OGC/def/policy/kmgbf-target-8"]}}, {"type": "Feature", "id": "zone-00138", "geometry": {"type": "Polygon", "coordinates": [[[25.79606796523385, 61.19132678734084], [25.86270558131474, 61.19132678734084], [25.86270558131474, 61.25808533904964], [25.79606796523385, 61.25808533904964], [25.79606796523385, 61.19132678734084]]]}, "properties": {"category": "https://maytetoscano.github.io/Bioclima_OGC/def/indicator/zone-delay", "categoryKey": "delay", "categoryLabel": {"en": "Phenological delay zone", "es": "Zona de retraso fenol\u00f3gico", "zh": "\u7269\u5019\u5ef6\u8fdf\u533a", "ro": "Zon\u0103 cu \u00eent\u00e2rziere fenologic\u0103"}, "pci_value": 0.49131539463996887, "policyRelevance": ["https://maytetoscano.github.io/Bioclima_OGC/def/policy/kmgbf-target-1", "https://maytetoscano.github.io/Bioclima_OGC/def/policy/kmgbf-target-8"]}}, {"type": "Feature", "id": "zone-00139", "geometry": {"type": "Polygon", "coordinates": [[[26.06261842955741, 61.19132678734084], [26.1292560456383, 61.19132678734084], [26.1292560456383, 61.25808533904964], [26.06261842955741, 61.25808533904964], [26.06261842955741, 61.19132678734084]]]}, "properties": {"category": "https://maytetoscano.github.io/Bioclima_OGC/def/indicator/zone-delay", "categoryKey": "delay", "categoryLabel": {"en": "Phenological delay zone", "es": "Zona de retraso fenol\u00f3gico", "zh": "\u7269\u5019\u5ef6\u8fdf\u533a", "ro": "Zon\u0103 cu \u00eent\u00e2rziere fenologic\u0103"}, "pci_value": 0.5167461633682251, "policyRelevance": ["https://maytetoscano.github.io/Bioclima_OGC/def/policy/kmgbf-target-1", "https://maytetoscano.github.io/Bioclima_OGC/def/policy/kmgbf-target-8"]}}, {"type": "Feature", "id": "zone-00140", "geometry": {"type": "Polygon", "coordinates": [[[26.329168893880972, 61.19132678734084], [26.39580650996186, 61.19132678734084], [26.39580650996186, 61.25808533904964], [26.329168893880972, 61.25808533904964], [26.329168893880972, 61.19132678734084]]]}, "properties": {"category": "https://maytetoscano.github.io/Bioclima_OGC/def/indicator/zone-delay", "categoryKey": "delay", "categoryLabel": {"en": "Phenological delay zone", "es": "Zona de retraso fenol\u00f3gico", "zh": "\u7269\u5019\u5ef6\u8fdf\u533a", "ro": "Zon\u0103 cu \u00eent\u00e2rziere fenologic\u0103"}, "pci_value": 0.3956536650657654, "policyRelevance": ["https://maytetoscano.github.io/Bioclima_OGC/def/policy/kmgbf-target-1", "https://maytetoscano.github.io/Bioclima_OGC/def/policy/kmgbf-target-8"]}}, {"type": "Feature", "id": "zone-00141", "geometry": {"type": "Polygon", "coordinates": [[[26.595719358204537, 61.19132678734084], [26.662356974285427, 61.19132678734084], [26.662356974285427, 61.25808533904964], [26.595719358204537, 61.25808533904964], [26.595719358204537, 61.19132678734084]]]}, "properties": {"category": "https://maytetoscano.github.io/Bioclima_OGC/def/indicator/zone-delay", "categoryKey": "delay", "categoryLabel": {"en": "Phenological delay zone", "es": "Zona de retraso fenol\u00f3gico", "zh": "\u7269\u5019\u5ef6\u8fdf\u533a", "ro": "Zon\u0103 cu \u00eent\u00e2rziere fenologic\u0103"}, "pci_value": 0.38678279519081116, "policyRelevance": ["https://maytetoscano.github.io/Bioclima_OGC/def/policy/kmgbf-target-1", "https://maytetoscano.github.io/Bioclima_OGC/def/policy/kmgbf-target-8"]}}, {"type": "Feature", "id": "zone-00142", "geometry": {"type": "Polygon", "coordinates": [[[26.862269822528102, 61.19132678734084], [26.92890743860899, 61.19132678734084], [26.92890743860899, 61.25808533904964], [26.862269822528102, 61.25808533904964], [26.862269822528102, 61.19132678734084]]]}, "properties": {"category": "https://maytetoscano.github.io/Bioclima_OGC/def/indicator/zone-delay", "categoryKey": "delay", "categoryLabel": {"en": "Phenological delay zone", "es": "Zona de retraso fenol\u00f3gico", "zh": "\u7269\u5019\u5ef6\u8fdf\u533a", "ro": "Zon\u0103 cu \u00eent\u00e2rziere fenologic\u0103"}, "pci_value": 0.3473380208015442, "policyRelevance": ["https://maytetoscano.github.io/Bioclima_OGC/def/policy/kmgbf-target-1", "https://maytetoscano.github.io/Bioclima_OGC/def/policy/kmgbf-target-8"]}}, {"type": "Feature", "id": "zone-00143", "geometry": {"type": "Polygon", "coordinates": [[[27.128820286851663, 61.19132678734084], [27.195457902932553, 61.19132678734084], [27.195457902932553, 61.25808533904964], [27.128820286851663, 61.25808533904964], [27.128820286851663, 61.19132678734084]]]}, "properties": {"category": "https://maytetoscano.github.io/Bioclima_OGC/def/indicator/zone-delay", "categoryKey": "delay", "categoryLabel": {"en": "Phenological delay zone", "es": "Zona de retraso fenol\u00f3gico", "zh": "\u7269\u5019\u5ef6\u8fdf\u533a", "ro": "Zon\u0103 cu \u00eent\u00e2rziere fenologic\u0103"}, "pci_value": 0.27385446429252625, "policyRelevance": ["https://maytetoscano.github.io/Bioclima_OGC/def/policy/kmgbf-target-1", "https://maytetoscano.github.io/Bioclima_OGC/def/policy/kmgbf-target-8"]}}, {"type": "Feature", "id": "zone-00144", "geometry": {"type": "Polygon", "coordinates": [[[27.395370751175225, 61.19132678734084], [27.462008367256114, 61.19132678734084], [27.462008367256114, 61.25808533904964], [27.395370751175225, 61.25808533904964], [27.395370751175225, 61.19132678734084]]]}, "properties": {"category": "https://maytetoscano.github.io/Bioclima_OGC/def/indicator/zone-delay", "categoryKey": "delay", "categoryLabel": {"en": "Phenological delay zone", "es": "Zona de retraso fenol\u00f3gico", "zh": "\u7269\u5019\u5ef6\u8fdf\u533a", "ro": "Zon\u0103 cu \u00eent\u00e2rziere fenologic\u0103"}, "pci_value": 0.23922312259674072, "policyRelevance": ["https://maytetoscano.github.io/Bioclima_OGC/def/policy/kmgbf-target-1", "https://maytetoscano.github.io/Bioclima_OGC/def/policy/kmgbf-target-8"]}}, {"type": "Feature", "id": "zone-00145", "geometry": {"type": "Polygon", "coordinates": [[[27.66192121549879, 61.19132678734084], [27.72855883157968, 61.19132678734084], [27.72855883157968, 61.25808533904964], [27.66192121549879, 61.25808533904964], [27.66192121549879, 61.19132678734084]]]}, "properties": {"category": "https://maytetoscano.github.io/Bioclima_OGC/def/indicator/zone-delay", "categoryKey": "delay", "categoryLabel": {"en": "Phenological delay zone", "es": "Zona de retraso fenol\u00f3gico", "zh": "\u7269\u5019\u5ef6\u8fdf\u533a", "ro": "Zon\u0103 cu \u00eent\u00e2rziere fenologic\u0103"}, "pci_value": 0.28320151567459106, "policyRelevance": ["https://maytetoscano.github.io/Bioclima_OGC/def/policy/kmgbf-target-1", "https://maytetoscano.github.io/Bioclima_OGC/def/policy/kmgbf-target-8"]}}, {"type": "Feature", "id": "zone-00146", "geometry": {"type": "Polygon", "coordinates": [[[27.928471679822355, 61.19132678734084], [27.995109295903244, 61.19132678734084], [27.995109295903244, 61.25808533904964], [27.928471679822355, 61.25808533904964], [27.928471679822355, 61.19132678734084]]]}, "properties": {"category": "https://maytetoscano.github.io/Bioclima_OGC/def/indicator/zone-delay", "categoryKey": "delay", "categoryLabel": {"en": "Phenological delay zone", "es": "Zona de retraso fenol\u00f3gico", "zh": "\u7269\u5019\u5ef6\u8fdf\u533a", "ro": "Zon\u0103 cu \u00eent\u00e2rziere fenologic\u0103"}, "pci_value": 0.3892264664173126, "policyRelevance": ["https://maytetoscano.github.io/Bioclima_OGC/def/policy/kmgbf-target-1", "https://maytetoscano.github.io/Bioclima_OGC/def/policy/kmgbf-target-8"]}}, {"type": "Feature", "id": "zone-00147", "geometry": {"type": "Polygon", "coordinates": [[[28.19502214414592, 61.19132678734084], [28.26165976022681, 61.19132678734084], [28.26165976022681, 61.25808533904964], [28.19502214414592, 61.25808533904964], [28.19502214414592, 61.19132678734084]]]}, "properties": {"category": "https://maytetoscano.github.io/Bioclima_OGC/def/indicator/zone-delay", "categoryKey": "delay", "categoryLabel": {"en": "Phenological delay zone", "es": "Zona de retraso fenol\u00f3gico", "zh": "\u7269\u5019\u5ef6\u8fdf\u533a", "ro": "Zon\u0103 cu \u00eent\u00e2rziere fenologic\u0103"}, "pci_value": 0.3103562295436859, "policyRelevance": ["https://maytetoscano.github.io/Bioclima_OGC/def/policy/kmgbf-target-1", "https://maytetoscano.github.io/Bioclima_OGC/def/policy/kmgbf-target-8"]}}, {"type": "Feature", "id": "zone-00148", "geometry": {"type": "Polygon", "coordinates": [[[28.46157260846948, 61.19132678734084], [28.52821022455037, 61.19132678734084], [28.52821022455037, 61.25808533904964], [28.46157260846948, 61.25808533904964], [28.46157260846948, 61.19132678734084]]]}, "properties": {"category": "https://maytetoscano.github.io/Bioclima_OGC/def/indicator/zone-stable", "categoryKey": "stable", "categoryLabel": {"en": "Stable phenology zone", "es": "Zona de fenolog\u00eda estable", "zh": "\u7269\u5019\u7a33\u5b9a\u533a", "ro": "Zon\u0103 cu fenologie stabil\u0103"}, "pci_value": 0.19843454658985138, "policyRelevance": ["https://maytetoscano.github.io/Bioclima_OGC/def/policy/kmgbf-target-1", "https://maytetoscano.github.io/Bioclima_OGC/def/policy/kmgbf-target-8"]}}, {"type": "Feature", "id": "zone-00149", "geometry": {"type": "Polygon", "coordinates": [[[28.728123072793043, 61.19132678734084], [28.794760688873932, 61.19132678734084], [28.794760688873932, 61.25808533904964], [28.728123072793043, 61.25808533904964], [28.728123072793043, 61.19132678734084]]]}, "properties": {"category": "https://maytetoscano.github.io/Bioclima_OGC/def/indicator/zone-delay", "categoryKey": "delay", "categoryLabel": {"en": "Phenological delay zone", "es": "Zona de retraso fenol\u00f3gico", "zh": "\u7269\u5019\u5ef6\u8fdf\u533a", "ro": "Zon\u0103 cu \u00eent\u00e2rziere fenologic\u0103"}, "pci_value": 0.2910339832305908, "policyRelevance": ["https://maytetoscano.github.io/Bioclima_OGC/def/policy/kmgbf-target-1", "https://maytetoscano.github.io/Bioclima_OGC/def/policy/kmgbf-target-8"]}}, {"type": "Feature", "id": "zone-00150", "geometry": {"type": "Polygon", "coordinates": [[[28.994673537116608, 61.19132678734084], [29.061311153197497, 61.19132678734084], [29.061311153197497, 61.25808533904964], [28.994673537116608, 61.25808533904964], [28.994673537116608, 61.19132678734084]]]}, "properties": {"category": "https://maytetoscano.github.io/Bioclima_OGC/def/indicator/zone-delay", "categoryKey": "delay", "categoryLabel": {"en": "Phenological delay zone", "es": "Zona de retraso fenol\u00f3gico", "zh": "\u7269\u5019\u5ef6\u8fdf\u533a", "ro": "Zon\u0103 cu \u00eent\u00e2rziere fenologic\u0103"}, "pci_value": 0.246346578001976, "policyRelevance": ["https://maytetoscano.github.io/Bioclima_OGC/def/policy/kmgbf-target-1", "https://maytetoscano.github.io/Bioclima_OGC/def/policy/kmgbf-target-8"]}}, {"type": "Feature", "id": "zone-00151", "geometry": {"type": "Polygon", "coordinates": [[[29.261224001440173, 61.19132678734084], [29.327861617521062, 61.19132678734084], [29.327861617521062, 61.25808533904964], [29.261224001440173, 61.25808533904964], [29.261224001440173, 61.19132678734084]]]}, "properties": {"category": "https://maytetoscano.github.io/Bioclima_OGC/def/indicator/zone-stable", "categoryKey": "stable", "categoryLabel": {"en": "Stable phenology zone", "es": "Zona de fenolog\u00eda estable", "zh": "\u7269\u5019\u7a33\u5b9a\u533a", "ro": "Zon\u0103 cu fenologie stabil\u0103"}, "pci_value": 0.011653407476842403, "policyRelevance": ["https://maytetoscano.github.io/Bioclima_OGC/def/policy/kmgbf-target-1", "https://maytetoscano.github.io/Bioclima_OGC/def/policy/kmgbf-target-8"]}}, {"type": "Feature", "id": "zone-00152", "geometry": {"type": "Polygon", "coordinates": [[[29.527774465763734, 61.19132678734084], [29.594412081844624, 61.19132678734084], [29.594412081844624, 61.25808533904964], [29.527774465763734, 61.25808533904964], [29.527774465763734, 61.19132678734084]]]}, "properties": {"category": "https://maytetoscano.github.io/Bioclima_OGC/def/indicator/zone-stable", "categoryKey": "stable", "categoryLabel": {"en": "Stable phenology zone", "es": "Zona de fenolog\u00eda estable", "zh": "\u7269\u5019\u7a33\u5b9a\u533a", "ro": "Zon\u0103 cu fenologie stabil\u0103"}, "pci_value": 0.19625020027160645, "policyRelevance": ["https://maytetoscano.github.io/Bioclima_OGC/def/policy/kmgbf-target-1", "https://maytetoscano.github.io/Bioclima_OGC/def/policy/kmgbf-target-8"]}}, {"type": "Feature", "id": "zone-00153", "geometry": {"type": "Polygon", "coordinates": [[[29.794324930087296, 61.19132678734084], [29.860962546168185, 61.19132678734084], [29.860962546168185, 61.25808533904964], [29.794324930087296, 61.25808533904964], [29.794324930087296, 61.19132678734084]]]}, "properties": {"category": "https://maytetoscano.github.io/Bioclima_OGC/def/indicator/zone-delay", "categoryKey": "delay", "categoryLabel": {"en": "Phenological delay zone", "es": "Zona de retraso fenol\u00f3gico", "zh": "\u7269\u5019\u5ef6\u8fdf\u533a", "ro": "Zon\u0103 cu \u00eent\u00e2rziere fenologic\u0103"}, "pci_value": 0.23156636953353882, "policyRelevance": ["https://maytetoscano.github.io/Bioclima_OGC/def/policy/kmgbf-target-1", "https://maytetoscano.github.io/Bioclima_OGC/def/policy/kmgbf-target-8"]}}, {"type": "Feature", "id": "zone-00154", "geometry": {"type": "Polygon", "coordinates": [[[23.9302147149689, 61.458360994176076], [23.99685233104979, 61.458360994176076], [23.99685233104979, 61.52511954588489], [23.9302147149689, 61.52511954588489], [23.9302147149689, 61.458360994176076]]]}, "properties": {"category": "https://maytetoscano.github.io/Bioclima_OGC/def/indicator/zone-delay", "categoryKey": "delay", "categoryLabel": {"en": "Phenological delay zone", "es": "Zona de retraso fenol\u00f3gico", "zh": "\u7269\u5019\u5ef6\u8fdf\u533a", "ro": "Zon\u0103 cu \u00eent\u00e2rziere fenologic\u0103"}, "pci_value": 0.2792799174785614, "policyRelevance": ["https://maytetoscano.github.io/Bioclima_OGC/def/policy/kmgbf-target-1", "https://maytetoscano.github.io/Bioclima_OGC/def/policy/kmgbf-target-8"]}}, {"type": "Feature", "id": "zone-00155", "geometry": {"type": "Polygon", "coordinates": [[[24.196765179292466, 61.458360994176076], [24.263402795373356, 61.458360994176076], [24.263402795373356, 61.52511954588489], [24.196765179292466, 61.52511954588489], [24.196765179292466, 61.458360994176076]]]}, "properties": {"category": "https://maytetoscano.github.io/Bioclima_OGC/def/indicator/zone-delay", "categoryKey": "delay", "categoryLabel": {"en": "Phenological delay zone", "es": "Zona de retraso fenol\u00f3gico", "zh": "\u7269\u5019\u5ef6\u8fdf\u533a", "ro": "Zon\u0103 cu \u00eent\u00e2rziere fenologic\u0103"}, "pci_value": 0.313698947429657, "policyRelevance": ["https://maytetoscano.github.io/Bioclima_OGC/def/policy/kmgbf-target-1", "https://maytetoscano.github.io/Bioclima_OGC/def/policy/kmgbf-target-8"]}}, {"type": "Feature", "id": "zone-00156", "geometry": {"type": "Polygon", "coordinates": [[[24.46331564361603, 61.458360994176076], [24.52995325969692, 61.458360994176076], [24.52995325969692, 61.52511954588489], [24.46331564361603, 61.52511954588489], [24.46331564361603, 61.458360994176076]]]}, "properties": {"category": "https://maytetoscano.github.io/Bioclima_OGC/def/indicator/zone-delay", "categoryKey": "delay", "categoryLabel": {"en": "Phenological delay zone", "es": "Zona de retraso fenol\u00f3gico", "zh": "\u7269\u5019\u5ef6\u8fdf\u533a", "ro": "Zon\u0103 cu \u00eent\u00e2rziere fenologic\u0103"}, "pci_value": 0.29732203483581543, "policyRelevance": ["https://maytetoscano.github.io/Bioclima_OGC/def/policy/kmgbf-target-1", "https://maytetoscano.github.io/Bioclima_OGC/def/policy/kmgbf-target-8"]}}, {"type": "Feature", "id": "zone-00157", "geometry": {"type": "Polygon", "coordinates": [[[24.729866107939593, 61.458360994176076], [24.796503724020482, 61.458360994176076], [24.796503724020482, 61.52511954588489], [24.729866107939593, 61.52511954588489], [24.729866107939593, 61.458360994176076]]]}, "properties": {"category": "https://maytetoscano.github.io/Bioclima_OGC/def/indicator/zone-delay", "categoryKey": "delay", "categoryLabel": {"en": "Phenological delay zone", "es": "Zona de retraso fenol\u00f3gico", "zh": "\u7269\u5019\u5ef6\u8fdf\u533a", "ro": "Zon\u0103 cu \u00eent\u00e2rziere fenologic\u0103"}, "pci_value": 0.2721370756626129, "policyRelevance": ["https://maytetoscano.github.io/Bioclima_OGC/def/policy/kmgbf-target-1", "https://maytetoscano.github.io/Bioclima_OGC/def/policy/kmgbf-target-8"]}}, {"type": "Feature", "id": "zone-00158", "geometry": {"type": "Polygon", "coordinates": [[[24.996416572263154, 61.458360994176076], [25.063054188344044, 61.458360994176076], [25.063054188344044, 61.52511954588489], [24.996416572263154, 61.52511954588489], [24.996416572263154, 61.458360994176076]]]}, "properties": {"category": "https://maytetoscano.github.io/Bioclima_OGC/def/indicator/zone-delay", "categoryKey": "delay", "categoryLabel": {"en": "Phenological delay zone", "es": "Zona de retraso fenol\u00f3gico", "zh": "\u7269\u5019\u5ef6\u8fdf\u533a", "ro": "Zon\u0103 cu \u00eent\u00e2rziere fenologic\u0103"}, "pci_value": 0.30619731545448303, "policyRelevance": ["https://maytetoscano.github.io/Bioclima_OGC/def/policy/kmgbf-target-1", "https://maytetoscano.github.io/Bioclima_OGC/def/policy/kmgbf-target-8"]}}, {"type": "Feature", "id": "zone-00159", "geometry": {"type": "Polygon", "coordinates": [[[25.26296703658672, 61.458360994176076], [25.32960465266761, 61.458360994176076], [25.32960465266761, 61.52511954588489], [25.26296703658672, 61.52511954588489], [25.26296703658672, 61.458360994176076]]]}, "properties": {"category": "https://maytetoscano.github.io/Bioclima_OGC/def/indicator/zone-delay", "categoryKey": "delay", "categoryLabel": {"en": "Phenological delay zone", "es": "Zona de retraso fenol\u00f3gico", "zh": "\u7269\u5019\u5ef6\u8fdf\u533a", "ro": "Zon\u0103 cu \u00eent\u00e2rziere fenologic\u0103"}, "pci_value": 0.32320860028266907, "policyRelevance": ["https://maytetoscano.github.io/Bioclima_OGC/def/policy/kmgbf-target-1", "https://maytetoscano.github.io/Bioclima_OGC/def/policy/kmgbf-target-8"]}}, {"type": "Feature", "id": "zone-00160", "geometry": {"type": "Polygon", "coordinates": [[[25.529517500910284, 61.458360994176076], [25.596155116991174, 61.458360994176076], [25.596155116991174, 61.52511954588489], [25.529517500910284, 61.52511954588489], [25.529517500910284, 61.458360994176076]]]}, "properties": {"category": "https://maytetoscano.github.io/Bioclima_OGC/def/indicator/zone-delay", "categoryKey": "delay", "categoryLabel": {"en": "Phenological delay zone", "es": "Zona de retraso fenol\u00f3gico", "zh": "\u7269\u5019\u5ef6\u8fdf\u533a", "ro": "Zon\u0103 cu \u00eent\u00e2rziere fenologic\u0103"}, "pci_value": 0.25994566082954407, "policyRelevance": ["https://maytetoscano.github.io/Bioclima_OGC/def/policy/kmgbf-target-1", "https://maytetoscano.github.io/Bioclima_OGC/def/policy/kmgbf-target-8"]}}, {"type": "Feature", "id": "zone-00161", "geometry": {"type": "Polygon", "coordinates": [[[25.79606796523385, 61.458360994176076], [25.86270558131474, 61.458360994176076], [25.86270558131474, 61.52511954588489], [25.79606796523385, 61.52511954588489], [25.79606796523385, 61.458360994176076]]]}, "properties": {"category": "https://maytetoscano.github.io/Bioclima_OGC/def/indicator/zone-delay", "categoryKey": "delay", "categoryLabel": {"en": "Phenological delay zone", "es": "Zona de retraso fenol\u00f3gico", "zh": "\u7269\u5019\u5ef6\u8fdf\u533a", "ro": "Zon\u0103 cu \u00eent\u00e2rziere fenologic\u0103"}, "pci_value": 0.3536376357078552, "policyRelevance": ["https://maytetoscano.github.io/Bioclima_OGC/def/policy/kmgbf-target-1", "https://maytetoscano.github.io/Bioclima_OGC/def/policy/kmgbf-target-8"]}}, {"type": "Feature", "id": "zone-00162", "geometry": {"type": "Polygon", "coordinates": [[[26.06261842955741, 61.458360994176076], [26.1292560456383, 61.458360994176076], [26.1292560456383, 61.52511954588489], [26.06261842955741, 61.52511954588489], [26.06261842955741, 61.458360994176076]]]}, "properties": {"category": "https://maytetoscano.github.io/Bioclima_OGC/def/indicator/zone-delay", "categoryKey": "delay", "categoryLabel": {"en": "Phenological delay zone", "es": "Zona de retraso fenol\u00f3gico", "zh": "\u7269\u5019\u5ef6\u8fdf\u533a", "ro": "Zon\u0103 cu \u00eent\u00e2rziere fenologic\u0103"}, "pci_value": 0.33138930797576904, "policyRelevance": ["https://maytetoscano.github.io/Bioclima_OGC/def/policy/kmgbf-target-1", "https://maytetoscano.github.io/Bioclima_OGC/def/policy/kmgbf-target-8"]}}, {"type": "Feature", "id": "zone-00163", "geometry": {"type": "Polygon", "coordinates": [[[26.329168893880972, 61.458360994176076], [26.39580650996186, 61.458360994176076], [26.39580650996186, 61.52511954588489], [26.329168893880972, 61.52511954588489], [26.329168893880972, 61.458360994176076]]]}, "properties": {"category": "https://maytetoscano.github.io/Bioclima_OGC/def/indicator/zone-delay", "categoryKey": "delay", "categoryLabel": {"en": "Phenological delay zone", "es": "Zona de retraso fenol\u00f3gico", "zh": "\u7269\u5019\u5ef6\u8fdf\u533a", "ro": "Zon\u0103 cu \u00eent\u00e2rziere fenologic\u0103"}, "pci_value": 0.3499915897846222, "policyRelevance": ["https://maytetoscano.github.io/Bioclima_OGC/def/policy/kmgbf-target-1", "https://maytetoscano.github.io/Bioclima_OGC/def/policy/kmgbf-target-8"]}}, {"type": "Feature", "id": "zone-00164", "geometry": {"type": "Polygon", "coordinates": [[[26.595719358204537, 61.458360994176076], [26.662356974285427, 61.458360994176076], [26.662356974285427, 61.52511954588489], [26.595719358204537, 61.52511954588489], [26.595719358204537, 61.458360994176076]]]}, "properties": {"category": "https://maytetoscano.github.io/Bioclima_OGC/def/indicator/zone-delay", "categoryKey": "delay", "categoryLabel": {"en": "Phenological delay zone", "es": "Zona de retraso fenol\u00f3gico", "zh": "\u7269\u5019\u5ef6\u8fdf\u533a", "ro": "Zon\u0103 cu \u00eent\u00e2rziere fenologic\u0103"}, "pci_value": 0.30774828791618347, "policyRelevance": ["https://maytetoscano.github.io/Bioclima_OGC/def/policy/kmgbf-target-1", "https://maytetoscano.github.io/Bioclima_OGC/def/policy/kmgbf-target-8"]}}, {"type": "Feature", "id": "zone-00165", "geometry": {"type": "Polygon", "coordinates": [[[26.862269822528102, 61.458360994176076], [26.92890743860899, 61.458360994176076], [26.92890743860899, 61.52511954588489], [26.862269822528102, 61.52511954588489], [26.862269822528102, 61.458360994176076]]]}, "properties": {"category": "https://maytetoscano.github.io/Bioclima_OGC/def/indicator/zone-delay", "categoryKey": "delay", "categoryLabel": {"en": "Phenological delay zone", "es": "Zona de retraso fenol\u00f3gico", "zh": "\u7269\u5019\u5ef6\u8fdf\u533a", "ro": "Zon\u0103 cu \u00eent\u00e2rziere fenologic\u0103"}, "pci_value": 0.2491375207901001, "policyRelevance": ["https://maytetoscano.github.io/Bioclima_OGC/def/policy/kmgbf-target-1", "https://maytetoscano.github.io/Bioclima_OGC/def/policy/kmgbf-target-8"]}}, {"type": "Feature", "id": "zone-00166", "geometry": {"type": "Polygon", "coordinates": [[[27.128820286851663, 61.458360994176076], [27.195457902932553, 61.458360994176076], [27.195457902932553, 61.52511954588489], [27.128820286851663, 61.52511954588489], [27.128820286851663, 61.458360994176076]]]}, "properties": {"category": "https://maytetoscano.github.io/Bioclima_OGC/def/indicator/zone-delay", "categoryKey": "delay", "categoryLabel": {"en": "Phenological delay zone", "es": "Zona de retraso fenol\u00f3gico", "zh": "\u7269\u5019\u5ef6\u8fdf\u533a", "ro": "Zon\u0103 cu \u00eent\u00e2rziere fenologic\u0103"}, "pci_value": 0.38915494084358215, "policyRelevance": ["https://maytetoscano.github.io/Bioclima_OGC/def/policy/kmgbf-target-1", "https://maytetoscano.github.io/Bioclima_OGC/def/policy/kmgbf-target-8"]}}, {"type": "Feature", "id": "zone-00167", "geometry": {"type": "Polygon", "coordinates": [[[27.395370751175225, 61.458360994176076], [27.462008367256114, 61.458360994176076], [27.462008367256114, 61.52511954588489], [27.395370751175225, 61.52511954588489], [27.395370751175225, 61.458360994176076]]]}, "properties": {"category": "https://maytetoscano.github.io/Bioclima_OGC/def/indicator/zone-delay", "categoryKey": "delay", "categoryLabel": {"en": "Phenological delay zone", "es": "Zona de retraso fenol\u00f3gico", "zh": "\u7269\u5019\u5ef6\u8fdf\u533a", "ro": "Zon\u0103 cu \u00eent\u00e2rziere fenologic\u0103"}, "pci_value": 0.36416736245155334, "policyRelevance": ["https://maytetoscano.github.io/Bioclima_OGC/def/policy/kmgbf-target-1", "https://maytetoscano.github.io/Bioclima_OGC/def/policy/kmgbf-target-8"]}}, {"type": "Feature", "id": "zone-00168", "geometry": {"type": "Polygon", "coordinates": [[[27.66192121549879, 61.458360994176076], [27.72855883157968, 61.458360994176076], [27.72855883157968, 61.52511954588489], [27.66192121549879, 61.52511954588489], [27.66192121549879, 61.458360994176076]]]}, "properties": {"category": "https://maytetoscano.github.io/Bioclima_OGC/def/indicator/zone-stable", "categoryKey": "stable", "categoryLabel": {"en": "Stable phenology zone", "es": "Zona de fenolog\u00eda estable", "zh": "\u7269\u5019\u7a33\u5b9a\u533a", "ro": "Zon\u0103 cu fenologie stabil\u0103"}, "pci_value": 0.162066251039505, "policyRelevance": ["https://maytetoscano.github.io/Bioclima_OGC/def/policy/kmgbf-target-1", "https://maytetoscano.github.io/Bioclima_OGC/def/policy/kmgbf-target-8"]}}, {"type": "Feature", "id": "zone-00169", "geometry": {"type": "Polygon", "coordinates": [[[27.928471679822355, 61.458360994176076], [27.995109295903244, 61.458360994176076], [27.995109295903244, 61.52511954588489], [27.928471679822355, 61.52511954588489], [27.928471679822355, 61.458360994176076]]]}, "properties": {"category": "https://maytetoscano.github.io/Bioclima_OGC/def/indicator/zone-delay", "categoryKey": "delay", "categoryLabel": {"en": "Phenological delay zone", "es": "Zona de retraso fenol\u00f3gico", "zh": "\u7269\u5019\u5ef6\u8fdf\u533a", "ro": "Zon\u0103 cu \u00eent\u00e2rziere fenologic\u0103"}, "pci_value": 0.273022323846817, "policyRelevance": ["https://maytetoscano.github.io/Bioclima_OGC/def/policy/kmgbf-target-1", "https://maytetoscano.github.io/Bioclima_OGC/def/policy/kmgbf-target-8"]}}, {"type": "Feature", "id": "zone-00170", "geometry": {"type": "Polygon", "coordinates": [[[28.19502214414592, 61.458360994176076], [28.26165976022681, 61.458360994176076], [28.26165976022681, 61.52511954588489], [28.19502214414592, 61.52511954588489], [28.19502214414592, 61.458360994176076]]]}, "properties": {"category": "https://maytetoscano.github.io/Bioclima_OGC/def/indicator/zone-delay", "categoryKey": "delay", "categoryLabel": {"en": "Phenological delay zone", "es": "Zona de retraso fenol\u00f3gico", "zh": "\u7269\u5019\u5ef6\u8fdf\u533a", "ro": "Zon\u0103 cu \u00eent\u00e2rziere fenologic\u0103"}, "pci_value": 0.2168273776769638, "policyRelevance": ["https://maytetoscano.github.io/Bioclima_OGC/def/policy/kmgbf-target-1", "https://maytetoscano.github.io/Bioclima_OGC/def/policy/kmgbf-target-8"]}}, {"type": "Feature", "id": "zone-00171", "geometry": {"type": "Polygon", "coordinates": [[[28.46157260846948, 61.458360994176076], [28.52821022455037, 61.458360994176076], [28.52821022455037, 61.52511954588489], [28.46157260846948, 61.52511954588489], [28.46157260846948, 61.458360994176076]]]}, "properties": {"category": "https://maytetoscano.github.io/Bioclima_OGC/def/indicator/zone-stable", "categoryKey": "stable", "categoryLabel": {"en": "Stable phenology zone", "es": "Zona de fenolog\u00eda estable", "zh": "\u7269\u5019\u7a33\u5b9a\u533a", "ro": "Zon\u0103 cu fenologie stabil\u0103"}, "pci_value": 0.17745119333267212, "policyRelevance": ["https://maytetoscano.github.io/Bioclima_OGC/def/policy/kmgbf-target-1", "https://maytetoscano.github.io/Bioclima_OGC/def/policy/kmgbf-target-8"]}}, {"type": "Feature", "id": "zone-00172", "geometry": {"type": "Polygon", "coordinates": [[[28.728123072793043, 61.458360994176076], [28.794760688873932, 61.458360994176076], [28.794760688873932, 61.52511954588489], [28.728123072793043, 61.52511954588489], [28.728123072793043, 61.458360994176076]]]}, "properties": {"category": "https://maytetoscano.github.io/Bioclima_OGC/def/indicator/zone-delay", "categoryKey": "delay", "categoryLabel": {"en": "Phenological delay zone", "es": "Zona de retraso fenol\u00f3gico", "zh": "\u7269\u5019\u5ef6\u8fdf\u533a", "ro": "Zon\u0103 cu \u00eent\u00e2rziere fenologic\u0103"}, "pci_value": 0.26881223917007446, "policyRelevance": ["https://maytetoscano.github.io/Bioclima_OGC/def/policy/kmgbf-target-1", "https://maytetoscano.github.io/Bioclima_OGC/def/policy/kmgbf-target-8"]}}, {"type": "Feature", "id": "zone-00173", "geometry": {"type": "Polygon", "coordinates": [[[28.994673537116608, 61.458360994176076], [29.061311153197497, 61.458360994176076], [29.061311153197497, 61.52511954588489], [28.994673537116608, 61.52511954588489], [28.994673537116608, 61.458360994176076]]]}, "properties": {"category": "https://maytetoscano.github.io/Bioclima_OGC/def/indicator/zone-stable", "categoryKey": "stable", "categoryLabel": {"en": "Stable phenology zone", "es": "Zona de fenolog\u00eda estable", "zh": "\u7269\u5019\u7a33\u5b9a\u533a", "ro": "Zon\u0103 cu fenologie stabil\u0103"}, "pci_value": 0.16490158438682556, "policyRelevance": ["https://maytetoscano.github.io/Bioclima_OGC/def/policy/kmgbf-target-1", "https://maytetoscano.github.io/Bioclima_OGC/def/policy/kmgbf-target-8"]}}, {"type": "Feature", "id": "zone-00174", "geometry": {"type": "Polygon", "coordinates": [[[29.261224001440173, 61.458360994176076], [29.327861617521062, 61.458360994176076], [29.327861617521062, 61.52511954588489], [29.261224001440173, 61.52511954588489], [29.261224001440173, 61.458360994176076]]]}, "properties": {"category": "https://maytetoscano.github.io/Bioclima_OGC/def/indicator/zone-delay", "categoryKey": "delay", "categoryLabel": {"en": "Phenological delay zone", "es": "Zona de retraso fenol\u00f3gico", "zh": "\u7269\u5019\u5ef6\u8fdf\u533a", "ro": "Zon\u0103 cu \u00eent\u00e2rziere fenologic\u0103"}, "pci_value": 0.2624318301677704, "policyRelevance": ["https://maytetoscano.github.io/Bioclima_OGC/def/policy/kmgbf-target-1", "https://maytetoscano.github.io/Bioclima_OGC/def/policy/kmgbf-target-8"]}}, {"type": "Feature", "id": "zone-00175", "geometry": {"type": "Polygon", "coordinates": [[[29.527774465763734, 61.458360994176076], [29.594412081844624, 61.458360994176076], [29.594412081844624, 61.52511954588489], [29.527774465763734, 61.52511954588489], [29.527774465763734, 61.458360994176076]]]}, "properties": {"category": "https://maytetoscano.github.io/Bioclima_OGC/def/indicator/zone-stable", "categoryKey": "stable", "categoryLabel": {"en": "Stable phenology zone", "es": "Zona de fenolog\u00eda estable", "zh": "\u7269\u5019\u7a33\u5b9a\u533a", "ro": "Zon\u0103 cu fenologie stabil\u0103"}, "pci_value": 0.1016104519367218, "policyRelevance": ["https://maytetoscano.github.io/Bioclima_OGC/def/policy/kmgbf-target-1", "https://maytetoscano.github.io/Bioclima_OGC/def/policy/kmgbf-target-8"]}}, {"type": "Feature", "id": "zone-00176", "geometry": {"type": "Polygon", "coordinates": [[[23.663664250645336, 61.725395201011324], [23.730301866726226, 61.725395201011324], [23.730301866726226, 61.792153752720125], [23.663664250645336, 61.792153752720125], [23.663664250645336, 61.725395201011324]]]}, "properties": {"category": "https://maytetoscano.github.io/Bioclima_OGC/def/indicator/zone-delay", "categoryKey": "delay", "categoryLabel": {"en": "Phenological delay zone", "es": "Zona de retraso fenol\u00f3gico", "zh": "\u7269\u5019\u5ef6\u8fdf\u533a", "ro": "Zon\u0103 cu \u00eent\u00e2rziere fenologic\u0103"}, "pci_value": 0.34877902269363403, "policyRelevance": ["https://maytetoscano.github.io/Bioclima_OGC/def/policy/kmgbf-target-1", "https://maytetoscano.github.io/Bioclima_OGC/def/policy/kmgbf-target-8"]}}, {"type": "Feature", "id": "zone-00177", "geometry": {"type": "Polygon", "coordinates": [[[23.9302147149689, 61.725395201011324], [23.99685233104979, 61.725395201011324], [23.99685233104979, 61.792153752720125], [23.9302147149689, 61.792153752720125], [23.9302147149689, 61.725395201011324]]]}, "properties": {"category": "https://maytetoscano.github.io/Bioclima_OGC/def/indicator/zone-delay", "categoryKey": "delay", "categoryLabel": {"en": "Phenological delay zone", "es": "Zona de retraso fenol\u00f3gico", "zh": "\u7269\u5019\u5ef6\u8fdf\u533a", "ro": "Zon\u0103 cu \u00eent\u00e2rziere fenologic\u0103"}, "pci_value": 0.24580538272857666, "policyRelevance": ["https://maytetoscano.github.io/Bioclima_OGC/def/policy/kmgbf-target-1", "https://maytetoscano.github.io/Bioclima_OGC/def/policy/kmgbf-target-8"]}}, {"type": "Feature", "id": "zone-00178", "geometry": {"type": "Polygon", "coordinates": [[[24.196765179292466, 61.725395201011324], [24.263402795373356, 61.725395201011324], [24.263402795373356, 61.792153752720125], [24.196765179292466, 61.792153752720125], [24.196765179292466, 61.725395201011324]]]}, "properties": {"category": "https://maytetoscano.github.io/Bioclima_OGC/def/indicator/zone-delay", "categoryKey": "delay", "categoryLabel": {"en": "Phenological delay zone", "es": "Zona de retraso fenol\u00f3gico", "zh": "\u7269\u5019\u5ef6\u8fdf\u533a", "ro": "Zon\u0103 cu \u00eent\u00e2rziere fenologic\u0103"}, "pci_value": 0.3427307605743408, "policyRelevance": ["https://maytetoscano.github.io/Bioclima_OGC/def/policy/kmgbf-target-1", "https://maytetoscano.github.io/Bioclima_OGC/def/policy/kmgbf-target-8"]}}, {"type": "Feature", "id": "zone-00179", "geometry": {"type": "Polygon", "coordinates": [[[24.46331564361603, 61.725395201011324], [24.52995325969692, 61.725395201011324], [24.52995325969692, 61.792153752720125], [24.46331564361603, 61.792153752720125], [24.46331564361603, 61.725395201011324]]]}, "properties": {"category": "https://maytetoscano.github.io/Bioclima_OGC/def/indicator/zone-delay", "categoryKey": "delay", "categoryLabel": {"en": "Phenological delay zone", "es": "Zona de retraso fenol\u00f3gico", "zh": "\u7269\u5019\u5ef6\u8fdf\u533a", "ro": "Zon\u0103 cu \u00eent\u00e2rziere fenologic\u0103"}, "pci_value": 0.2780320644378662, "policyRelevance": ["https://maytetoscano.github.io/Bioclima_OGC/def/policy/kmgbf-target-1", "https://maytetoscano.github.io/Bioclima_OGC/def/policy/kmgbf-target-8"]}}, {"type": "Feature", "id": "zone-00180", "geometry": {"type": "Polygon", "coordinates": [[[24.729866107939593, 61.725395201011324], [24.796503724020482, 61.725395201011324], [24.796503724020482, 61.792153752720125], [24.729866107939593, 61.792153752720125], [24.729866107939593, 61.725395201011324]]]}, "properties": {"category": "https://maytetoscano.github.io/Bioclima_OGC/def/indicator/zone-delay", "categoryKey": "delay", "categoryLabel": {"en": "Phenological delay zone", "es": "Zona de retraso fenol\u00f3gico", "zh": "\u7269\u5019\u5ef6\u8fdf\u533a", "ro": "Zon\u0103 cu \u00eent\u00e2rziere fenologic\u0103"}, "pci_value": 0.2891426384449005, "policyRelevance": ["https://maytetoscano.github.io/Bioclima_OGC/def/policy/kmgbf-target-1", "https://maytetoscano.github.io/Bioclima_OGC/def/policy/kmgbf-target-8"]}}, {"type": "Feature", "id": "zone-00181", "geometry": {"type": "Polygon", "coordinates": [[[24.996416572263154, 61.725395201011324], [25.063054188344044, 61.725395201011324], [25.063054188344044, 61.792153752720125], [24.996416572263154, 61.792153752720125], [24.996416572263154, 61.725395201011324]]]}, "properties": {"category": "https://maytetoscano.github.io/Bioclima_OGC/def/indicator/zone-delay", "categoryKey": "delay", "categoryLabel": {"en": "Phenological delay zone", "es": "Zona de retraso fenol\u00f3gico", "zh": "\u7269\u5019\u5ef6\u8fdf\u533a", "ro": "Zon\u0103 cu \u00eent\u00e2rziere fenologic\u0103"}, "pci_value": 0.20610401034355164, "policyRelevance": ["https://maytetoscano.github.io/Bioclima_OGC/def/policy/kmgbf-target-1", "https://maytetoscano.github.io/Bioclima_OGC/def/policy/kmgbf-target-8"]}}, {"type": "Feature", "id": "zone-00182", "geometry": {"type": "Polygon", "coordinates": [[[25.26296703658672, 61.725395201011324], [25.32960465266761, 61.725395201011324], [25.32960465266761, 61.792153752720125], [25.26296703658672, 61.792153752720125], [25.26296703658672, 61.725395201011324]]]}, "properties": {"category": "https://maytetoscano.github.io/Bioclima_OGC/def/indicator/zone-delay", "categoryKey": "delay", "categoryLabel": {"en": "Phenological delay zone", "es": "Zona de retraso fenol\u00f3gico", "zh": "\u7269\u5019\u5ef6\u8fdf\u533a", "ro": "Zon\u0103 cu \u00eent\u00e2rziere fenologic\u0103"}, "pci_value": 0.21746689081192017, "policyRelevance": ["https://maytetoscano.github.io/Bioclima_OGC/def/policy/kmgbf-target-1", "https://maytetoscano.github.io/Bioclima_OGC/def/policy/kmgbf-target-8"]}}, {"type": "Feature", "id": "zone-00183", "geometry": {"type": "Polygon", "coordinates": [[[25.529517500910284, 61.725395201011324], [25.596155116991174, 61.725395201011324], [25.596155116991174, 61.792153752720125], [25.529517500910284, 61.792153752720125], [25.529517500910284, 61.725395201011324]]]}, "properties": {"category": "https://maytetoscano.github.io/Bioclima_OGC/def/indicator/zone-delay", "categoryKey": "delay", "categoryLabel": {"en": "Phenological delay zone", "es": "Zona de retraso fenol\u00f3gico", "zh": "\u7269\u5019\u5ef6\u8fdf\u533a", "ro": "Zon\u0103 cu \u00eent\u00e2rziere fenologic\u0103"}, "pci_value": 0.3314954340457916, "policyRelevance": ["https://maytetoscano.github.io/Bioclima_OGC/def/policy/kmgbf-target-1", "https://maytetoscano.github.io/Bioclima_OGC/def/policy/kmgbf-target-8"]}}, {"type": "Feature", "id": "zone-00184", "geometry": {"type": "Polygon", "coordinates": [[[25.79606796523385, 61.725395201011324], [25.86270558131474, 61.725395201011324], [25.86270558131474, 61.792153752720125], [25.79606796523385, 61.792153752720125], [25.79606796523385, 61.725395201011324]]]}, "properties": {"category": "https://maytetoscano.github.io/Bioclima_OGC/def/indicator/zone-delay", "categoryKey": "delay", "categoryLabel": {"en": "Phenological delay zone", "es": "Zona de retraso fenol\u00f3gico", "zh": "\u7269\u5019\u5ef6\u8fdf\u533a", "ro": "Zon\u0103 cu \u00eent\u00e2rziere fenologic\u0103"}, "pci_value": 0.38516104221343994, "policyRelevance": ["https://maytetoscano.github.io/Bioclima_OGC/def/policy/kmgbf-target-1", "https://maytetoscano.github.io/Bioclima_OGC/def/policy/kmgbf-target-8"]}}, {"type": "Feature", "id": "zone-00185", "geometry": {"type": "Polygon", "coordinates": [[[26.06261842955741, 61.725395201011324], [26.1292560456383, 61.725395201011324], [26.1292560456383, 61.792153752720125], [26.06261842955741, 61.792153752720125], [26.06261842955741, 61.725395201011324]]]}, "properties": {"category": "https://maytetoscano.github.io/Bioclima_OGC/def/indicator/zone-delay", "categoryKey": "delay", "categoryLabel": {"en": "Phenological delay zone", "es": "Zona de retraso fenol\u00f3gico", "zh": "\u7269\u5019\u5ef6\u8fdf\u533a", "ro": "Zon\u0103 cu \u00eent\u00e2rziere fenologic\u0103"}, "pci_value": 0.34365373849868774, "policyRelevance": ["https://maytetoscano.github.io/Bioclima_OGC/def/policy/kmgbf-target-1", "https://maytetoscano.github.io/Bioclima_OGC/def/policy/kmgbf-target-8"]}}, {"type": "Feature", "id": "zone-00186", "geometry": {"type": "Polygon", "coordinates": [[[26.329168893880972, 61.725395201011324], [26.39580650996186, 61.725395201011324], [26.39580650996186, 61.792153752720125], [26.329168893880972, 61.792153752720125], [26.329168893880972, 61.725395201011324]]]}, "properties": {"category": "https://maytetoscano.github.io/Bioclima_OGC/def/indicator/zone-delay", "categoryKey": "delay", "categoryLabel": {"en": "Phenological delay zone", "es": "Zona de retraso fenol\u00f3gico", "zh": "\u7269\u5019\u5ef6\u8fdf\u533a", "ro": "Zon\u0103 cu \u00eent\u00e2rziere fenologic\u0103"}, "pci_value": 0.37237226963043213, "policyRelevance": ["https://maytetoscano.github.io/Bioclima_OGC/def/policy/kmgbf-target-1", "https://maytetoscano.github.io/Bioclima_OGC/def/policy/kmgbf-target-8"]}}, {"type": "Feature", "id": "zone-00187", "geometry": {"type": "Polygon", "coordinates": [[[26.595719358204537, 61.725395201011324], [26.662356974285427, 61.725395201011324], [26.662356974285427, 61.792153752720125], [26.595719358204537, 61.792153752720125], [26.595719358204537, 61.725395201011324]]]}, "properties": {"category": "https://maytetoscano.github.io/Bioclima_OGC/def/indicator/zone-delay", "categoryKey": "delay", "categoryLabel": {"en": "Phenological delay zone", "es": "Zona de retraso fenol\u00f3gico", "zh": "\u7269\u5019\u5ef6\u8fdf\u533a", "ro": "Zon\u0103 cu \u00eent\u00e2rziere fenologic\u0103"}, "pci_value": 0.27816298604011536, "policyRelevance": ["https://maytetoscano.github.io/Bioclima_OGC/def/policy/kmgbf-target-1", "https://maytetoscano.github.io/Bioclima_OGC/def/policy/kmgbf-target-8"]}}, {"type": "Feature", "id": "zone-00188", "geometry": {"type": "Polygon", "coordinates": [[[26.862269822528102, 61.725395201011324], [26.92890743860899, 61.725395201011324], [26.92890743860899, 61.792153752720125], [26.862269822528102, 61.792153752720125], [26.862269822528102, 61.725395201011324]]]}, "properties": {"category": "https://maytetoscano.github.io/Bioclima_OGC/def/indicator/zone-delay", "categoryKey": "delay", "categoryLabel": {"en": "Phenological delay zone", "es": "Zona de retraso fenol\u00f3gico", "zh": "\u7269\u5019\u5ef6\u8fdf\u533a", "ro": "Zon\u0103 cu \u00eent\u00e2rziere fenologic\u0103"}, "pci_value": 0.30653858184814453, "policyRelevance": ["https://maytetoscano.github.io/Bioclima_OGC/def/policy/kmgbf-target-1", "https://maytetoscano.github.io/Bioclima_OGC/def/policy/kmgbf-target-8"]}}, {"type": "Feature", "id": "zone-00189", "geometry": {"type": "Polygon", "coordinates": [[[27.128820286851663, 61.725395201011324], [27.195457902932553, 61.725395201011324], [27.195457902932553, 61.792153752720125], [27.128820286851663, 61.792153752720125], [27.128820286851663, 61.725395201011324]]]}, "properties": {"category": "https://maytetoscano.github.io/Bioclima_OGC/def/indicator/zone-delay", "categoryKey": "delay", "categoryLabel": {"en": "Phenological delay zone", "es": "Zona de retraso fenol\u00f3gico", "zh": "\u7269\u5019\u5ef6\u8fdf\u533a", "ro": "Zon\u0103 cu \u00eent\u00e2rziere fenologic\u0103"}, "pci_value": 0.24584946036338806, "policyRelevance": ["https://maytetoscano.github.io/Bioclima_OGC/def/policy/kmgbf-target-1", "https://maytetoscano.github.io/Bioclima_OGC/def/policy/kmgbf-target-8"]}}, {"type": "Feature", "id": "zone-00190", "geometry": {"type": "Polygon", "coordinates": [[[27.395370751175225, 61.725395201011324], [27.462008367256114, 61.725395201011324], [27.462008367256114, 61.792153752720125], [27.395370751175225, 61.792153752720125], [27.395370751175225, 61.725395201011324]]]}, "properties": {"category": "https://maytetoscano.github.io/Bioclima_OGC/def/indicator/zone-stable", "categoryKey": "stable", "categoryLabel": {"en": "Stable phenology zone", "es": "Zona de fenolog\u00eda estable", "zh": "\u7269\u5019\u7a33\u5b9a\u533a", "ro": "Zon\u0103 cu fenologie stabil\u0103"}, "pci_value": 0.09671533107757568, "policyRelevance": ["https://maytetoscano.github.io/Bioclima_OGC/def/policy/kmgbf-target-1", "https://maytetoscano.github.io/Bioclima_OGC/def/policy/kmgbf-target-8"]}}, {"type": "Feature", "id": "zone-00191", "geometry": {"type": "Polygon", "coordinates": [[[27.66192121549879, 61.725395201011324], [27.72855883157968, 61.725395201011324], [27.72855883157968, 61.792153752720125], [27.66192121549879, 61.792153752720125], [27.66192121549879, 61.725395201011324]]]}, "properties": {"category": "https://maytetoscano.github.io/Bioclima_OGC/def/indicator/zone-stable", "categoryKey": "stable", "categoryLabel": {"en": "Stable phenology zone", "es": "Zona de fenolog\u00eda estable", "zh": "\u7269\u5019\u7a33\u5b9a\u533a", "ro": "Zon\u0103 cu fenologie stabil\u0103"}, "pci_value": 0.19387127459049225, "policyRelevance": ["https://maytetoscano.github.io/Bioclima_OGC/def/policy/kmgbf-target-1", "https://maytetoscano.github.io/Bioclima_OGC/def/policy/kmgbf-target-8"]}}, {"type": "Feature", "id": "zone-00192", "geometry": {"type": "Polygon", "coordinates": [[[27.928471679822355, 61.725395201011324], [27.995109295903244, 61.725395201011324], [27.995109295903244, 61.792153752720125], [27.928471679822355, 61.792153752720125], [27.928471679822355, 61.725395201011324]]]}, "properties": {"category": "https://maytetoscano.github.io/Bioclima_OGC/def/indicator/zone-delay", "categoryKey": "delay", "categoryLabel": {"en": "Phenological delay zone", "es": "Zona de retraso fenol\u00f3gico", "zh": "\u7269\u5019\u5ef6\u8fdf\u533a", "ro": "Zon\u0103 cu \u00eent\u00e2rziere fenologic\u0103"}, "pci_value": 0.2667657732963562, "policyRelevance": ["https://maytetoscano.github.io/Bioclima_OGC/def/policy/kmgbf-target-1", "https://maytetoscano.github.io/Bioclima_OGC/def/policy/kmgbf-target-8"]}}, {"type": "Feature", "id": "zone-00193", "geometry": {"type": "Polygon", "coordinates": [[[28.19502214414592, 61.725395201011324], [28.26165976022681, 61.725395201011324], [28.26165976022681, 61.792153752720125], [28.19502214414592, 61.792153752720125], [28.19502214414592, 61.725395201011324]]]}, "properties": {"category": "https://maytetoscano.github.io/Bioclima_OGC/def/indicator/zone-delay", "categoryKey": "delay", "categoryLabel": {"en": "Phenological delay zone", "es": "Zona de retraso fenol\u00f3gico", "zh": "\u7269\u5019\u5ef6\u8fdf\u533a", "ro": "Zon\u0103 cu \u00eent\u00e2rziere fenologic\u0103"}, "pci_value": 0.23248594999313354, "policyRelevance": ["https://maytetoscano.github.io/Bioclima_OGC/def/policy/kmgbf-target-1", "https://maytetoscano.github.io/Bioclima_OGC/def/policy/kmgbf-target-8"]}}, {"type": "Feature", "id": "zone-00194", "geometry": {"type": "Polygon", "coordinates": [[[28.46157260846948, 61.725395201011324], [28.52821022455037, 61.725395201011324], [28.52821022455037, 61.792153752720125], [28.46157260846948, 61.792153752720125], [28.46157260846948, 61.725395201011324]]]}, "properties": {"category": "https://maytetoscano.github.io/Bioclima_OGC/def/indicator/zone-delay", "categoryKey": "delay", "categoryLabel": {"en": "Phenological delay zone", "es": "Zona de retraso fenol\u00f3gico", "zh": "\u7269\u5019\u5ef6\u8fdf\u533a", "ro": "Zon\u0103 cu \u00eent\u00e2rziere fenologic\u0103"}, "pci_value": 0.25702154636383057, "policyRelevance": ["https://maytetoscano.github.io/Bioclima_OGC/def/policy/kmgbf-target-1", "https://maytetoscano.github.io/Bioclima_OGC/def/policy/kmgbf-target-8"]}}, {"type": "Feature", "id": "zone-00195", "geometry": {"type": "Polygon", "coordinates": [[[28.728123072793043, 61.725395201011324], [28.794760688873932, 61.725395201011324], [28.794760688873932, 61.792153752720125], [28.728123072793043, 61.792153752720125], [28.728123072793043, 61.725395201011324]]]}, "properties": {"category": "https://maytetoscano.github.io/Bioclima_OGC/def/indicator/zone-delay", "categoryKey": "delay", "categoryLabel": {"en": "Phenological delay zone", "es": "Zona de retraso fenol\u00f3gico", "zh": "\u7269\u5019\u5ef6\u8fdf\u533a", "ro": "Zon\u0103 cu \u00eent\u00e2rziere fenologic\u0103"}, "pci_value": 0.23071208596229553, "policyRelevance": ["https://maytetoscano.github.io/Bioclima_OGC/def/policy/kmgbf-target-1", "https://maytetoscano.github.io/Bioclima_OGC/def/policy/kmgbf-target-8"]}}, {"type": "Feature", "id": "zone-00196", "geometry": {"type": "Polygon", "coordinates": [[[28.994673537116608, 61.725395201011324], [29.061311153197497, 61.725395201011324], [29.061311153197497, 61.792153752720125], [28.994673537116608, 61.792153752720125], [28.994673537116608, 61.725395201011324]]]}, "properties": {"category": "https://maytetoscano.github.io/Bioclima_OGC/def/indicator/zone-stable", "categoryKey": "stable", "categoryLabel": {"en": "Stable phenology zone", "es": "Zona de fenolog\u00eda estable", "zh": "\u7269\u5019\u7a33\u5b9a\u533a", "ro": "Zon\u0103 cu fenologie stabil\u0103"}, "pci_value": 0.1180301234126091, "policyRelevance": ["https://maytetoscano.github.io/Bioclima_OGC/def/policy/kmgbf-target-1", "https://maytetoscano.github.io/Bioclima_OGC/def/policy/kmgbf-target-8"]}}, {"type": "Feature", "id": "zone-00197", "geometry": {"type": "Polygon", "coordinates": [[[24.196765179292466, 61.99242940784657], [24.263402795373356, 61.99242940784657], [24.263402795373356, 62.05918795955537], [24.196765179292466, 62.05918795955537], [24.196765179292466, 61.99242940784657]]]}, "properties": {"category": "https://maytetoscano.github.io/Bioclima_OGC/def/indicator/zone-delay", "categoryKey": "delay", "categoryLabel": {"en": "Phenological delay zone", "es": "Zona de retraso fenol\u00f3gico", "zh": "\u7269\u5019\u5ef6\u8fdf\u533a", "ro": "Zon\u0103 cu \u00eent\u00e2rziere fenologic\u0103"}, "pci_value": 0.2978824973106384, "policyRelevance": ["https://maytetoscano.github.io/Bioclima_OGC/def/policy/kmgbf-target-1", "https://maytetoscano.github.io/Bioclima_OGC/def/policy/kmgbf-target-8"]}}, {"type": "Feature", "id": "zone-00198", "geometry": {"type": "Polygon", "coordinates": [[[24.46331564361603, 61.99242940784657], [24.52995325969692, 61.99242940784657], [24.52995325969692, 62.05918795955537], [24.46331564361603, 62.05918795955537], [24.46331564361603, 61.99242940784657]]]}, "properties": {"category": "https://maytetoscano.github.io/Bioclima_OGC/def/indicator/zone-delay", "categoryKey": "delay", "categoryLabel": {"en": "Phenological delay zone", "es": "Zona de retraso fenol\u00f3gico", "zh": "\u7269\u5019\u5ef6\u8fdf\u533a", "ro": "Zon\u0103 cu \u00eent\u00e2rziere fenologic\u0103"}, "pci_value": 0.24651233851909637, "policyRelevance": ["https://maytetoscano.github.io/Bioclima_OGC/def/policy/kmgbf-target-1", "https://maytetoscano.github.io/Bioclima_OGC/def/policy/kmgbf-target-8"]}}, {"type": "Feature", "id": "zone-00199", "geometry": {"type": "Polygon", "coordinates": [[[24.729866107939593, 61.99242940784657], [24.796503724020482, 61.99242940784657], [24.796503724020482, 62.05918795955537], [24.729866107939593, 62.05918795955537], [24.729866107939593, 61.99242940784657]]]}, "properties": {"category": "https://maytetoscano.github.io/Bioclima_OGC/def/indicator/zone-delay", "categoryKey": "delay", "categoryLabel": {"en": "Phenological delay zone", "es": "Zona de retraso fenol\u00f3gico", "zh": "\u7269\u5019\u5ef6\u8fdf\u533a", "ro": "Zon\u0103 cu \u00eent\u00e2rziere fenologic\u0103"}, "pci_value": 0.31608885526657104, "policyRelevance": ["https://maytetoscano.github.io/Bioclima_OGC/def/policy/kmgbf-target-1", "https://maytetoscano.github.io/Bioclima_OGC/def/policy/kmgbf-target-8"]}}, {"type": "Feature", "id": "zone-00200", "geometry": {"type": "Polygon", "coordinates": [[[24.996416572263154, 61.99242940784657], [25.063054188344044, 61.99242940784657], [25.063054188344044, 62.05918795955537], [24.996416572263154, 62.05918795955537], [24.996416572263154, 61.99242940784657]]]}, "properties": {"category": "https://maytetoscano.github.io/Bioclima_OGC/def/indicator/zone-delay", "categoryKey": "delay", "categoryLabel": {"en": "Phenological delay zone", "es": "Zona de retraso fenol\u00f3gico", "zh": "\u7269\u5019\u5ef6\u8fdf\u533a", "ro": "Zon\u0103 cu \u00eent\u00e2rziere fenologic\u0103"}, "pci_value": 0.20742936432361603, "policyRelevance": ["https://maytetoscano.github.io/Bioclima_OGC/def/policy/kmgbf-target-1", "https://maytetoscano.github.io/Bioclima_OGC/def/policy/kmgbf-target-8"]}}, {"type": "Feature", "id": "zone-00201", "geometry": {"type": "Polygon", "coordinates": [[[25.26296703658672, 61.99242940784657], [25.32960465266761, 61.99242940784657], [25.32960465266761, 62.05918795955537], [25.26296703658672, 62.05918795955537], [25.26296703658672, 61.99242940784657]]]}, "properties": {"category": "https://maytetoscano.github.io/Bioclima_OGC/def/indicator/zone-stable", "categoryKey": "stable", "categoryLabel": {"en": "Stable phenology zone", "es": "Zona de fenolog\u00eda estable", "zh": "\u7269\u5019\u7a33\u5b9a\u533a", "ro": "Zon\u0103 cu fenologie stabil\u0103"}, "pci_value": 0.16152812540531158, "policyRelevance": ["https://maytetoscano.github.io/Bioclima_OGC/def/policy/kmgbf-target-1", "https://maytetoscano.github.io/Bioclima_OGC/def/policy/kmgbf-target-8"]}}, {"type": "Feature", "id": "zone-00202", "geometry": {"type": "Polygon", "coordinates": [[[25.529517500910284, 61.99242940784657], [25.596155116991174, 61.99242940784657], [25.596155116991174, 62.05918795955537], [25.529517500910284, 62.05918795955537], [25.529517500910284, 61.99242940784657]]]}, "properties": {"category": "https://maytetoscano.github.io/Bioclima_OGC/def/indicator/zone-stable", "categoryKey": "stable", "categoryLabel": {"en": "Stable phenology zone", "es": "Zona de fenolog\u00eda estable", "zh": "\u7269\u5019\u7a33\u5b9a\u533a", "ro": "Zon\u0103 cu fenologie stabil\u0103"}, "pci_value": 0.12137999385595322, "policyRelevance": ["https://maytetoscano.github.io/Bioclima_OGC/def/policy/kmgbf-target-1", "https://maytetoscano.github.io/Bioclima_OGC/def/policy/kmgbf-target-8"]}}, {"type": "Feature", "id": "zone-00203", "geometry": {"type": "Polygon", "coordinates": [[[25.79606796523385, 61.99242940784657], [25.86270558131474, 61.99242940784657], [25.86270558131474, 62.05918795955537], [25.79606796523385, 62.05918795955537], [25.79606796523385, 61.99242940784657]]]}, "properties": {"category": "https://maytetoscano.github.io/Bioclima_OGC/def/indicator/zone-delay", "categoryKey": "delay", "categoryLabel": {"en": "Phenological delay zone", "es": "Zona de retraso fenol\u00f3gico", "zh": "\u7269\u5019\u5ef6\u8fdf\u533a", "ro": "Zon\u0103 cu \u00eent\u00e2rziere fenologic\u0103"}, "pci_value": 0.3632807731628418, "policyRelevance": ["https://maytetoscano.github.io/Bioclima_OGC/def/policy/kmgbf-target-1", "https://maytetoscano.github.io/Bioclima_OGC/def/policy/kmgbf-target-8"]}}, {"type": "Feature", "id": "zone-00204", "geometry": {"type": "Polygon", "coordinates": [[[26.06261842955741, 61.99242940784657], [26.1292560456383, 61.99242940784657], [26.1292560456383, 62.05918795955537], [26.06261842955741, 62.05918795955537], [26.06261842955741, 61.99242940784657]]]}, "properties": {"category": "https://maytetoscano.github.io/Bioclima_OGC/def/indicator/zone-delay", "categoryKey": "delay", "categoryLabel": {"en": "Phenological delay zone", "es": "Zona de retraso fenol\u00f3gico", "zh": "\u7269\u5019\u5ef6\u8fdf\u533a", "ro": "Zon\u0103 cu \u00eent\u00e2rziere fenologic\u0103"}, "pci_value": 0.2951439321041107, "policyRelevance": ["https://maytetoscano.github.io/Bioclima_OGC/def/policy/kmgbf-target-1", "https://maytetoscano.github.io/Bioclima_OGC/def/policy/kmgbf-target-8"]}}, {"type": "Feature", "id": "zone-00205", "geometry": {"type": "Polygon", "coordinates": [[[26.329168893880972, 61.99242940784657], [26.39580650996186, 61.99242940784657], [26.39580650996186, 62.05918795955537], [26.329168893880972, 62.05918795955537], [26.329168893880972, 61.99242940784657]]]}, "properties": {"category": "https://maytetoscano.github.io/Bioclima_OGC/def/indicator/zone-stable", "categoryKey": "stable", "categoryLabel": {"en": "Stable phenology zone", "es": "Zona de fenolog\u00eda estable", "zh": "\u7269\u5019\u7a33\u5b9a\u533a", "ro": "Zon\u0103 cu fenologie stabil\u0103"}, "pci_value": 0.14114104211330414, "policyRelevance": ["https://maytetoscano.github.io/Bioclima_OGC/def/policy/kmgbf-target-1", "https://maytetoscano.github.io/Bioclima_OGC/def/policy/kmgbf-target-8"]}}, {"type": "Feature", "id": "zone-00206", "geometry": {"type": "Polygon", "coordinates": [[[26.595719358204537, 61.99242940784657], [26.662356974285427, 61.99242940784657], [26.662356974285427, 62.05918795955537], [26.595719358204537, 62.05918795955537], [26.595719358204537, 61.99242940784657]]]}, "properties": {"category": "https://maytetoscano.github.io/Bioclima_OGC/def/indicator/zone-delay", "categoryKey": "delay", "categoryLabel": {"en": "Phenological delay zone", "es": "Zona de retraso fenol\u00f3gico", "zh": "\u7269\u5019\u5ef6\u8fdf\u533a", "ro": "Zon\u0103 cu \u00eent\u00e2rziere fenologic\u0103"}, "pci_value": 0.4675106704235077, "policyRelevance": ["https://maytetoscano.github.io/Bioclima_OGC/def/policy/kmgbf-target-1", "https://maytetoscano.github.io/Bioclima_OGC/def/policy/kmgbf-target-8"]}}, {"type": "Feature", "id": "zone-00207", "geometry": {"type": "Polygon", "coordinates": [[[26.862269822528102, 61.99242940784657], [26.92890743860899, 61.99242940784657], [26.92890743860899, 62.05918795955537], [26.862269822528102, 62.05918795955537], [26.862269822528102, 61.99242940784657]]]}, "properties": {"category": "https://maytetoscano.github.io/Bioclima_OGC/def/indicator/zone-delay", "categoryKey": "delay", "categoryLabel": {"en": "Phenological delay zone", "es": "Zona de retraso fenol\u00f3gico", "zh": "\u7269\u5019\u5ef6\u8fdf\u533a", "ro": "Zon\u0103 cu \u00eent\u00e2rziere fenologic\u0103"}, "pci_value": 0.2454104870557785, "policyRelevance": ["https://maytetoscano.github.io/Bioclima_OGC/def/policy/kmgbf-target-1", "https://maytetoscano.github.io/Bioclima_OGC/def/policy/kmgbf-target-8"]}}, {"type": "Feature", "id": "zone-00208", "geometry": {"type": "Polygon", "coordinates": [[[27.128820286851663, 61.99242940784657], [27.195457902932553, 61.99242940784657], [27.195457902932553, 62.05918795955537], [27.128820286851663, 62.05918795955537], [27.128820286851663, 61.99242940784657]]]}, "properties": {"category": "https://maytetoscano.github.io/Bioclima_OGC/def/indicator/zone-delay", "categoryKey": "delay", "categoryLabel": {"en": "Phenological delay zone", "es": "Zona de retraso fenol\u00f3gico", "zh": "\u7269\u5019\u5ef6\u8fdf\u533a", "ro": "Zon\u0103 cu \u00eent\u00e2rziere fenologic\u0103"}, "pci_value": 0.3959377408027649, "policyRelevance": ["https://maytetoscano.github.io/Bioclima_OGC/def/policy/kmgbf-target-1", "https://maytetoscano.github.io/Bioclima_OGC/def/policy/kmgbf-target-8"]}}, {"type": "Feature", "id": "zone-00209", "geometry": {"type": "Polygon", "coordinates": [[[27.395370751175225, 61.99242940784657], [27.462008367256114, 61.99242940784657], [27.462008367256114, 62.05918795955537], [27.395370751175225, 62.05918795955537], [27.395370751175225, 61.99242940784657]]]}, "properties": {"category": "https://maytetoscano.github.io/Bioclima_OGC/def/indicator/zone-stable", "categoryKey": "stable", "categoryLabel": {"en": "Stable phenology zone", "es": "Zona de fenolog\u00eda estable", "zh": "\u7269\u5019\u7a33\u5b9a\u533a", "ro": "Zon\u0103 cu fenologie stabil\u0103"}, "pci_value": 0.12083879858255386, "policyRelevance": ["https://maytetoscano.github.io/Bioclima_OGC/def/policy/kmgbf-target-1", "https://maytetoscano.github.io/Bioclima_OGC/def/policy/kmgbf-target-8"]}}, {"type": "Feature", "id": "zone-00210", "geometry": {"type": "Polygon", "coordinates": [[[27.66192121549879, 61.99242940784657], [27.72855883157968, 61.99242940784657], [27.72855883157968, 62.05918795955537], [27.66192121549879, 62.05918795955537], [27.66192121549879, 61.99242940784657]]]}, "properties": {"category": "https://maytetoscano.github.io/Bioclima_OGC/def/indicator/zone-stable", "categoryKey": "stable", "categoryLabel": {"en": "Stable phenology zone", "es": "Zona de fenolog\u00eda estable", "zh": "\u7269\u5019\u7a33\u5b9a\u533a", "ro": "Zon\u0103 cu fenologie stabil\u0103"}, "pci_value": 0.11181262135505676, "policyRelevance": ["https://maytetoscano.github.io/Bioclima_OGC/def/policy/kmgbf-target-1", "https://maytetoscano.github.io/Bioclima_OGC/def/policy/kmgbf-target-8"]}}, {"type": "Feature", "id": "zone-00211", "geometry": {"type": "Polygon", "coordinates": [[[27.928471679822355, 61.99242940784657], [27.995109295903244, 61.99242940784657], [27.995109295903244, 62.05918795955537], [27.928471679822355, 62.05918795955537], [27.928471679822355, 61.99242940784657]]]}, "properties": {"category": "https://maytetoscano.github.io/Bioclima_OGC/def/indicator/zone-delay", "categoryKey": "delay", "categoryLabel": {"en": "Phenological delay zone", "es": "Zona de retraso fenol\u00f3gico", "zh": "\u7269\u5019\u5ef6\u8fdf\u533a", "ro": "Zon\u0103 cu \u00eent\u00e2rziere fenologic\u0103"}, "pci_value": 0.2893639802932739, "policyRelevance": ["https://maytetoscano.github.io/Bioclima_OGC/def/policy/kmgbf-target-1", "https://maytetoscano.github.io/Bioclima_OGC/def/policy/kmgbf-target-8"]}}, {"type": "Feature", "id": "zone-00212", "geometry": {"type": "Polygon", "coordinates": [[[28.19502214414592, 61.99242940784657], [28.26165976022681, 61.99242940784657], [28.26165976022681, 62.05918795955537], [28.19502214414592, 62.05918795955537], [28.19502214414592, 61.99242940784657]]]}, "properties": {"category": "https://maytetoscano.github.io/Bioclima_OGC/def/indicator/zone-delay", "categoryKey": "delay", "categoryLabel": {"en": "Phenological delay zone", "es": "Zona de retraso fenol\u00f3gico", "zh": "\u7269\u5019\u5ef6\u8fdf\u533a", "ro": "Zon\u0103 cu \u00eent\u00e2rziere fenologic\u0103"}, "pci_value": 0.24226471781730652, "policyRelevance": ["https://maytetoscano.github.io/Bioclima_OGC/def/policy/kmgbf-target-1", "https://maytetoscano.github.io/Bioclima_OGC/def/policy/kmgbf-target-8"]}}, {"type": "Feature", "id": "zone-00213", "geometry": {"type": "Polygon", "coordinates": [[[28.46157260846948, 61.99242940784657], [28.52821022455037, 61.99242940784657], [28.52821022455037, 62.05918795955537], [28.46157260846948, 62.05918795955537], [28.46157260846948, 61.99242940784657]]]}, "properties": {"category": "https://maytetoscano.github.io/Bioclima_OGC/def/indicator/zone-delay", "categoryKey": "delay", "categoryLabel": {"en": "Phenological delay zone", "es": "Zona de retraso fenol\u00f3gico", "zh": "\u7269\u5019\u5ef6\u8fdf\u533a", "ro": "Zon\u0103 cu \u00eent\u00e2rziere fenologic\u0103"}, "pci_value": 0.2670905292034149, "policyRelevance": ["https://maytetoscano.github.io/Bioclima_OGC/def/policy/kmgbf-target-1", "https://maytetoscano.github.io/Bioclima_OGC/def/policy/kmgbf-target-8"]}}, {"type": "Feature", "id": "zone-00214", "geometry": {"type": "Polygon", "coordinates": [[[28.728123072793043, 61.99242940784657], [28.794760688873932, 61.99242940784657], [28.794760688873932, 62.05918795955537], [28.728123072793043, 62.05918795955537], [28.728123072793043, 61.99242940784657]]]}, "properties": {"category": "https://maytetoscano.github.io/Bioclima_OGC/def/indicator/zone-delay", "categoryKey": "delay", "categoryLabel": {"en": "Phenological delay zone", "es": "Zona de retraso fenol\u00f3gico", "zh": "\u7269\u5019\u5ef6\u8fdf\u533a", "ro": "Zon\u0103 cu \u00eent\u00e2rziere fenologic\u0103"}, "pci_value": 0.32484397292137146, "policyRelevance": ["https://maytetoscano.github.io/Bioclima_OGC/def/policy/kmgbf-target-1", "https://maytetoscano.github.io/Bioclima_OGC/def/policy/kmgbf-target-8"]}}, {"type": "Feature", "id": "zone-00215", "geometry": {"type": "Polygon", "coordinates": [[[23.9302147149689, 62.259463614681806], [23.99685233104979, 62.259463614681806], [23.99685233104979, 62.32622216639062], [23.9302147149689, 62.32622216639062], [23.9302147149689, 62.259463614681806]]]}, "properties": {"category": "https://maytetoscano.github.io/Bioclima_OGC/def/indicator/zone-delay", "categoryKey": "delay", "categoryLabel": {"en": "Phenological delay zone", "es": "Zona de retraso fenol\u00f3gico", "zh": "\u7269\u5019\u5ef6\u8fdf\u533a", "ro": "Zon\u0103 cu \u00eent\u00e2rziere fenologic\u0103"}, "pci_value": 0.2592083513736725, "policyRelevance": ["https://maytetoscano.github.io/Bioclima_OGC/def/policy/kmgbf-target-1", "https://maytetoscano.github.io/Bioclima_OGC/def/policy/kmgbf-target-8"]}}, {"type": "Feature", "id": "zone-00216", "geometry": {"type": "Polygon", "coordinates": [[[24.196765179292466, 62.259463614681806], [24.263402795373356, 62.259463614681806], [24.263402795373356, 62.32622216639062], [24.196765179292466, 62.32622216639062], [24.196765179292466, 62.259463614681806]]]}, "properties": {"category": "https://maytetoscano.github.io/Bioclima_OGC/def/indicator/zone-delay", "categoryKey": "delay", "categoryLabel": {"en": "Phenological delay zone", "es": "Zona de retraso fenol\u00f3gico", "zh": "\u7269\u5019\u5ef6\u8fdf\u533a", "ro": "Zon\u0103 cu \u00eent\u00e2rziere fenologic\u0103"}, "pci_value": 0.2398894876241684, "policyRelevance": ["https://maytetoscano.github.io/Bioclima_OGC/def/policy/kmgbf-target-1", "https://maytetoscano.github.io/Bioclima_OGC/def/policy/kmgbf-target-8"]}}, {"type": "Feature", "id": "zone-00217", "geometry": {"type": "Polygon", "coordinates": [[[24.46331564361603, 62.259463614681806], [24.52995325969692, 62.259463614681806], [24.52995325969692, 62.32622216639062], [24.46331564361603, 62.32622216639062], [24.46331564361603, 62.259463614681806]]]}, "properties": {"category": "https://maytetoscano.github.io/Bioclima_OGC/def/indicator/zone-stable", "categoryKey": "stable", "categoryLabel": {"en": "Stable phenology zone", "es": "Zona de fenolog\u00eda estable", "zh": "\u7269\u5019\u7a33\u5b9a\u533a", "ro": "Zon\u0103 cu fenologie stabil\u0103"}, "pci_value": 0.09710889309644699, "policyRelevance": ["https://maytetoscano.github.io/Bioclima_OGC/def/policy/kmgbf-target-1", "https://maytetoscano.github.io/Bioclima_OGC/def/policy/kmgbf-target-8"]}}, {"type": "Feature", "id": "zone-00218", "geometry": {"type": "Polygon", "coordinates": [[[24.729866107939593, 62.259463614681806], [24.796503724020482, 62.259463614681806], [24.796503724020482, 62.32622216639062], [24.729866107939593, 62.32622216639062], [24.729866107939593, 62.259463614681806]]]}, "properties": {"category": "https://maytetoscano.github.io/Bioclima_OGC/def/indicator/zone-stable", "categoryKey": "stable", "categoryLabel": {"en": "Stable phenology zone", "es": "Zona de fenolog\u00eda estable", "zh": "\u7269\u5019\u7a33\u5b9a\u533a", "ro": "Zon\u0103 cu fenologie stabil\u0103"}, "pci_value": 0.1252346634864807, "policyRelevance": ["https://maytetoscano.github.io/Bioclima_OGC/def/policy/kmgbf-target-1", "https://maytetoscano.github.io/Bioclima_OGC/def/policy/kmgbf-target-8"]}}, {"type": "Feature", "id": "zone-00219", "geometry": {"type": "Polygon", "coordinates": [[[24.996416572263154, 62.259463614681806], [25.063054188344044, 62.259463614681806], [25.063054188344044, 62.32622216639062], [24.996416572263154, 62.32622216639062], [24.996416572263154, 62.259463614681806]]]}, "properties": {"category": "https://maytetoscano.github.io/Bioclima_OGC/def/indicator/zone-stable", "categoryKey": "stable", "categoryLabel": {"en": "Stable phenology zone", "es": "Zona de fenolog\u00eda estable", "zh": "\u7269\u5019\u7a33\u5b9a\u533a", "ro": "Zon\u0103 cu fenologie stabil\u0103"}, "pci_value": 0.1546500027179718, "policyRelevance": ["https://maytetoscano.github.io/Bioclima_OGC/def/policy/kmgbf-target-1", "https://maytetoscano.github.io/Bioclima_OGC/def/policy/kmgbf-target-8"]}}, {"type": "Feature", "id": "zone-00220", "geometry": {"type": "Polygon", "coordinates": [[[25.26296703658672, 62.259463614681806], [25.32960465266761, 62.259463614681806], [25.32960465266761, 62.32622216639062], [25.26296703658672, 62.32622216639062], [25.26296703658672, 62.259463614681806]]]}, "properties": {"category": "https://maytetoscano.github.io/Bioclima_OGC/def/indicator/zone-delay", "categoryKey": "delay", "categoryLabel": {"en": "Phenological delay zone", "es": "Zona de retraso fenol\u00f3gico", "zh": "\u7269\u5019\u5ef6\u8fdf\u533a", "ro": "Zon\u0103 cu \u00eent\u00e2rziere fenologic\u0103"}, "pci_value": 0.26449909806251526, "policyRelevance": ["https://maytetoscano.github.io/Bioclima_OGC/def/policy/kmgbf-target-1", "https://maytetoscano.github.io/Bioclima_OGC/def/policy/kmgbf-target-8"]}}, {"type": "Feature", "id": "zone-00221", "geometry": {"type": "Polygon", "coordinates": [[[25.529517500910284, 62.259463614681806], [25.596155116991174, 62.259463614681806], [25.596155116991174, 62.32622216639062], [25.529517500910284, 62.32622216639062], [25.529517500910284, 62.259463614681806]]]}, "properties": {"category": "https://maytetoscano.github.io/Bioclima_OGC/def/indicator/zone-stable", "categoryKey": "stable", "categoryLabel": {"en": "Stable phenology zone", "es": "Zona de fenolog\u00eda estable", "zh": "\u7269\u5019\u7a33\u5b9a\u533a", "ro": "Zon\u0103 cu fenologie stabil\u0103"}, "pci_value": 0.08289817720651627, "policyRelevance": ["https://maytetoscano.github.io/Bioclima_OGC/def/policy/kmgbf-target-1", "https://maytetoscano.github.io/Bioclima_OGC/def/policy/kmgbf-target-8"]}}, {"type": "Feature", "id": "zone-00222", "geometry": {"type": "Polygon", "coordinates": [[[25.79606796523385, 62.259463614681806], [25.86270558131474, 62.259463614681806], [25.86270558131474, 62.32622216639062], [25.79606796523385, 62.32622216639062], [25.79606796523385, 62.259463614681806]]]}, "properties": {"category": "https://maytetoscano.github.io/Bioclima_OGC/def/indicator/zone-delay", "categoryKey": "delay", "categoryLabel": {"en": "Phenological delay zone", "es": "Zona de retraso fenol\u00f3gico", "zh": "\u7269\u5019\u5ef6\u8fdf\u533a", "ro": "Zon\u0103 cu \u00eent\u00e2rziere fenologic\u0103"}, "pci_value": 0.2230270504951477, "policyRelevance": ["https://maytetoscano.github.io/Bioclima_OGC/def/policy/kmgbf-target-1", "https://maytetoscano.github.io/Bioclima_OGC/def/policy/kmgbf-target-8"]}}, {"type": "Feature", "id": "zone-00223", "geometry": {"type": "Polygon", "coordinates": [[[26.06261842955741, 62.259463614681806], [26.1292560456383, 62.259463614681806], [26.1292560456383, 62.32622216639062], [26.06261842955741, 62.32622216639062], [26.06261842955741, 62.259463614681806]]]}, "properties": {"category": "https://maytetoscano.github.io/Bioclima_OGC/def/indicator/zone-stable", "categoryKey": "stable", "categoryLabel": {"en": "Stable phenology zone", "es": "Zona de fenolog\u00eda estable", "zh": "\u7269\u5019\u7a33\u5b9a\u533a", "ro": "Zon\u0103 cu fenologie stabil\u0103"}, "pci_value": 0.07435864955186844, "policyRelevance": ["https://maytetoscano.github.io/Bioclima_OGC/def/policy/kmgbf-target-1", "https://maytetoscano.github.io/Bioclima_OGC/def/policy/kmgbf-target-8"]}}, {"type": "Feature", "id": "zone-00224", "geometry": {"type": "Polygon", "coordinates": [[[26.329168893880972, 62.259463614681806], [26.39580650996186, 62.259463614681806], [26.39580650996186, 62.32622216639062], [26.329168893880972, 62.32622216639062], [26.329168893880972, 62.259463614681806]]]}, "properties": {"category": "https://maytetoscano.github.io/Bioclima_OGC/def/indicator/zone-stable", "categoryKey": "stable", "categoryLabel": {"en": "Stable phenology zone", "es": "Zona de fenolog\u00eda estable", "zh": "\u7269\u5019\u7a33\u5b9a\u533a", "ro": "Zon\u0103 cu fenologie stabil\u0103"}, "pci_value": 0.13490425050258636, "policyRelevance": ["https://maytetoscano.github.io/Bioclima_OGC/def/policy/kmgbf-target-1", "https://maytetoscano.github.io/Bioclima_OGC/def/policy/kmgbf-target-8"]}}, {"type": "Feature", "id": "zone-00225", "geometry": {"type": "Polygon", "coordinates": [[[26.595719358204537, 62.259463614681806], [26.662356974285427, 62.259463614681806], [26.662356974285427, 62.32622216639062], [26.595719358204537, 62.32622216639062], [26.595719358204537, 62.259463614681806]]]}, "properties": {"category": "https://maytetoscano.github.io/Bioclima_OGC/def/indicator/zone-delay", "categoryKey": "delay", "categoryLabel": {"en": "Phenological delay zone", "es": "Zona de retraso fenol\u00f3gico", "zh": "\u7269\u5019\u5ef6\u8fdf\u533a", "ro": "Zon\u0103 cu \u00eent\u00e2rziere fenologic\u0103"}, "pci_value": 0.20099954307079315, "policyRelevance": ["https://maytetoscano.github.io/Bioclima_OGC/def/policy/kmgbf-target-1", "https://maytetoscano.github.io/Bioclima_OGC/def/policy/kmgbf-target-8"]}}, {"type": "Feature", "id": "zone-00226", "geometry": {"type": "Polygon", "coordinates": [[[26.862269822528102, 62.259463614681806], [26.92890743860899, 62.259463614681806], [26.92890743860899, 62.32622216639062], [26.862269822528102, 62.32622216639062], [26.862269822528102, 62.259463614681806]]]}, "properties": {"category": "https://maytetoscano.github.io/Bioclima_OGC/def/indicator/zone-stable", "categoryKey": "stable", "categoryLabel": {"en": "Stable phenology zone", "es": "Zona de fenolog\u00eda estable", "zh": "\u7269\u5019\u7a33\u5b9a\u533a", "ro": "Zon\u0103 cu fenologie stabil\u0103"}, "pci_value": 0.17290863394737244, "policyRelevance": ["https://maytetoscano.github.io/Bioclima_OGC/def/policy/kmgbf-target-1", "https://maytetoscano.github.io/Bioclima_OGC/def/policy/kmgbf-target-8"]}}, {"type": "Feature", "id": "zone-00227", "geometry": {"type": "Polygon", "coordinates": [[[27.128820286851663, 62.259463614681806], [27.195457902932553, 62.259463614681806], [27.195457902932553, 62.32622216639062], [27.128820286851663, 62.32622216639062], [27.128820286851663, 62.259463614681806]]]}, "properties": {"category": "https://maytetoscano.github.io/Bioclima_OGC/def/indicator/zone-delay", "categoryKey": "delay", "categoryLabel": {"en": "Phenological delay zone", "es": "Zona de retraso fenol\u00f3gico", "zh": "\u7269\u5019\u5ef6\u8fdf\u533a", "ro": "Zon\u0103 cu \u00eent\u00e2rziere fenologic\u0103"}, "pci_value": 0.2783671021461487, "policyRelevance": ["https://maytetoscano.github.io/Bioclima_OGC/def/policy/kmgbf-target-1", "https://maytetoscano.github.io/Bioclima_OGC/def/policy/kmgbf-target-8"]}}, {"type": "Feature", "id": "zone-00228", "geometry": {"type": "Polygon", "coordinates": [[[27.395370751175225, 62.259463614681806], [27.462008367256114, 62.259463614681806], [27.462008367256114, 62.32622216639062], [27.395370751175225, 62.32622216639062], [27.395370751175225, 62.259463614681806]]]}, "properties": {"category": "https://maytetoscano.github.io/Bioclima_OGC/def/indicator/zone-stable", "categoryKey": "stable", "categoryLabel": {"en": "Stable phenology zone", "es": "Zona de fenolog\u00eda estable", "zh": "\u7269\u5019\u7a33\u5b9a\u533a", "ro": "Zon\u0103 cu fenologie stabil\u0103"}, "pci_value": 0.07980029284954071, "policyRelevance": ["https://maytetoscano.github.io/Bioclima_OGC/def/policy/kmgbf-target-1", "https://maytetoscano.github.io/Bioclima_OGC/def/policy/kmgbf-target-8"]}}, {"type": "Feature", "id": "zone-00229", "geometry": {"type": "Polygon", "coordinates": [[[27.66192121549879, 62.259463614681806], [27.72855883157968, 62.259463614681806], [27.72855883157968, 62.32622216639062], [27.66192121549879, 62.32622216639062], [27.66192121549879, 62.259463614681806]]]}, "properties": {"category": "https://maytetoscano.github.io/Bioclima_OGC/def/indicator/zone-delay", "categoryKey": "delay", "categoryLabel": {"en": "Phenological delay zone", "es": "Zona de retraso fenol\u00f3gico", "zh": "\u7269\u5019\u5ef6\u8fdf\u533a", "ro": "Zon\u0103 cu \u00eent\u00e2rziere fenologic\u0103"}, "pci_value": 0.23099319636821747, "policyRelevance": ["https://maytetoscano.github.io/Bioclima_OGC/def/policy/kmgbf-target-1", "https://maytetoscano.github.io/Bioclima_OGC/def/policy/kmgbf-target-8"]}}, {"type": "Feature", "id": "zone-00230", "geometry": {"type": "Polygon", "coordinates": [[[27.928471679822355, 62.259463614681806], [27.995109295903244, 62.259463614681806], [27.995109295903244, 62.32622216639062], [27.928471679822355, 62.32622216639062], [27.928471679822355, 62.259463614681806]]]}, "properties": {"category": "https://maytetoscano.github.io/Bioclima_OGC/def/indicator/zone-stable", "categoryKey": "stable", "categoryLabel": {"en": "Stable phenology zone", "es": "Zona de fenolog\u00eda estable", "zh": "\u7269\u5019\u7a33\u5b9a\u533a", "ro": "Zon\u0103 cu fenologie stabil\u0103"}, "pci_value": 0.1536872535943985, "policyRelevance": ["https://maytetoscano.github.io/Bioclima_OGC/def/policy/kmgbf-target-1", "https://maytetoscano.github.io/Bioclima_OGC/def/policy/kmgbf-target-8"]}}, {"type": "Feature", "id": "zone-00231", "geometry": {"type": "Polygon", "coordinates": [[[28.19502214414592, 62.259463614681806], [28.26165976022681, 62.259463614681806], [28.26165976022681, 62.32622216639062], [28.19502214414592, 62.32622216639062], [28.19502214414592, 62.259463614681806]]]}, "properties": {"category": "https://maytetoscano.github.io/Bioclima_OGC/def/indicator/zone-stable", "categoryKey": "stable", "categoryLabel": {"en": "Stable phenology zone", "es": "Zona de fenolog\u00eda estable", "zh": "\u7269\u5019\u7a33\u5b9a\u533a", "ro": "Zon\u0103 cu fenologie stabil\u0103"}, "pci_value": 0.1726154386997223, "policyRelevance": ["https://maytetoscano.github.io/Bioclima_OGC/def/policy/kmgbf-target-1", "https://maytetoscano.github.io/Bioclima_OGC/def/policy/kmgbf-target-8"]}}, {"type": "Feature", "id": "zone-00232", "geometry": {"type": "Polygon", "coordinates": [[[28.46157260846948, 62.259463614681806], [28.52821022455037, 62.259463614681806], [28.52821022455037, 62.32622216639062], [28.46157260846948, 62.32622216639062], [28.46157260846948, 62.259463614681806]]]}, "properties": {"category": "https://maytetoscano.github.io/Bioclima_OGC/def/indicator/zone-delay", "categoryKey": "delay", "categoryLabel": {"en": "Phenological delay zone", "es": "Zona de retraso fenol\u00f3gico", "zh": "\u7269\u5019\u5ef6\u8fdf\u533a", "ro": "Zon\u0103 cu \u00eent\u00e2rziere fenologic\u0103"}, "pci_value": 0.2324514091014862, "policyRelevance": ["https://maytetoscano.github.io/Bioclima_OGC/def/policy/kmgbf-target-1", "https://maytetoscano.github.io/Bioclima_OGC/def/policy/kmgbf-target-8"]}}, {"type": "Feature", "id": "zone-00233", "geometry": {"type": "Polygon", "coordinates": [[[28.728123072793043, 62.259463614681806], [28.794760688873932, 62.259463614681806], [28.794760688873932, 62.32622216639062], [28.728123072793043, 62.32622216639062], [28.728123072793043, 62.259463614681806]]]}, "properties": {"category": "https://maytetoscano.github.io/Bioclima_OGC/def/indicator/zone-delay", "categoryKey": "delay", "categoryLabel": {"en": "Phenological delay zone", "es": "Zona de retraso fenol\u00f3gico", "zh": "\u7269\u5019\u5ef6\u8fdf\u533a", "ro": "Zon\u0103 cu \u00eent\u00e2rziere fenologic\u0103"}, "pci_value": 0.23968814313411713, "policyRelevance": ["https://maytetoscano.github.io/Bioclima_OGC/def/policy/kmgbf-target-1", "https://maytetoscano.github.io/Bioclima_OGC/def/policy/kmgbf-target-8"]}}, {"type": "Feature", "id": "zone-00234", "geometry": {"type": "Polygon", "coordinates": [[[28.994673537116608, 62.259463614681806], [29.061311153197497, 62.259463614681806], [29.061311153197497, 62.32622216639062], [28.994673537116608, 62.32622216639062], [28.994673537116608, 62.259463614681806]]]}, "properties": {"category": "https://maytetoscano.github.io/Bioclima_OGC/def/indicator/zone-stable", "categoryKey": "stable", "categoryLabel": {"en": "Stable phenology zone", "es": "Zona de fenolog\u00eda estable", "zh": "\u7269\u5019\u7a33\u5b9a\u533a", "ro": "Zon\u0103 cu fenologie stabil\u0103"}, "pci_value": 0.09171901643276215, "policyRelevance": ["https://maytetoscano.github.io/Bioclima_OGC/def/policy/kmgbf-target-1", "https://maytetoscano.github.io/Bioclima_OGC/def/policy/kmgbf-target-8"]}}, {"type": "Feature", "id": "zone-00235", "geometry": {"type": "Polygon", "coordinates": [[[29.261224001440173, 62.259463614681806], [29.327861617521062, 62.259463614681806], [29.327861617521062, 62.32622216639062], [29.261224001440173, 62.32622216639062], [29.261224001440173, 62.259463614681806]]]}, "properties": {"category": "https://maytetoscano.github.io/Bioclima_OGC/def/indicator/zone-stable", "categoryKey": "stable", "categoryLabel": {"en": "Stable phenology zone", "es": "Zona de fenolog\u00eda estable", "zh": "\u7269\u5019\u7a33\u5b9a\u533a", "ro": "Zon\u0103 cu fenologie stabil\u0103"}, "pci_value": 0.13113835453987122, "policyRelevance": ["https://maytetoscano.github.io/Bioclima_OGC/def/policy/kmgbf-target-1", "https://maytetoscano.github.io/Bioclima_OGC/def/policy/kmgbf-target-8"]}}, {"type": "Feature", "id": "zone-00236", "geometry": {"type": "Polygon", "coordinates": [[[23.9302147149689, 62.526497821517054], [23.99685233104979, 62.526497821517054], [23.99685233104979, 62.593256373225856], [23.9302147149689, 62.593256373225856], [23.9302147149689, 62.526497821517054]]]}, "properties": {"category": "https://maytetoscano.github.io/Bioclima_OGC/def/indicator/zone-stable", "categoryKey": "stable", "categoryLabel": {"en": "Stable phenology zone", "es": "Zona de fenolog\u00eda estable", "zh": "\u7269\u5019\u7a33\u5b9a\u533a", "ro": "Zon\u0103 cu fenologie stabil\u0103"}, "pci_value": 0.16390623152256012, "policyRelevance": ["https://maytetoscano.github.io/Bioclima_OGC/def/policy/kmgbf-target-1", "https://maytetoscano.github.io/Bioclima_OGC/def/policy/kmgbf-target-8"]}}, {"type": "Feature", "id": "zone-00237", "geometry": {"type": "Polygon", "coordinates": [[[24.196765179292466, 62.526497821517054], [24.263402795373356, 62.526497821517054], [24.263402795373356, 62.593256373225856], [24.196765179292466, 62.593256373225856], [24.196765179292466, 62.526497821517054]]]}, "properties": {"category": "https://maytetoscano.github.io/Bioclima_OGC/def/indicator/zone-stable", "categoryKey": "stable", "categoryLabel": {"en": "Stable phenology zone", "es": "Zona de fenolog\u00eda estable", "zh": "\u7269\u5019\u7a33\u5b9a\u533a", "ro": "Zon\u0103 cu fenologie stabil\u0103"}, "pci_value": 0.16435280442237854, "policyRelevance": ["https://maytetoscano.github.io/Bioclima_OGC/def/policy/kmgbf-target-1", "https://maytetoscano.github.io/Bioclima_OGC/def/policy/kmgbf-target-8"]}}, {"type": "Feature", "id": "zone-00238", "geometry": {"type": "Polygon", "coordinates": [[[24.46331564361603, 62.526497821517054], [24.52995325969692, 62.526497821517054], [24.52995325969692, 62.593256373225856], [24.46331564361603, 62.593256373225856], [24.46331564361603, 62.526497821517054]]]}, "properties": {"category": "https://maytetoscano.github.io/Bioclima_OGC/def/indicator/zone-stable", "categoryKey": "stable", "categoryLabel": {"en": "Stable phenology zone", "es": "Zona de fenolog\u00eda estable", "zh": "\u7269\u5019\u7a33\u5b9a\u533a", "ro": "Zon\u0103 cu fenologie stabil\u0103"}, "pci_value": 0.07162408530712128, "policyRelevance": ["https://maytetoscano.github.io/Bioclima_OGC/def/policy/kmgbf-target-1", "https://maytetoscano.github.io/Bioclima_OGC/def/policy/kmgbf-target-8"]}}, {"type": "Feature", "id": "zone-00239", "geometry": {"type": "Polygon", "coordinates": [[[24.729866107939593, 62.526497821517054], [24.796503724020482, 62.526497821517054], [24.796503724020482, 62.593256373225856], [24.729866107939593, 62.593256373225856], [24.729866107939593, 62.526497821517054]]]}, "properties": {"category": "https://maytetoscano.github.io/Bioclima_OGC/def/indicator/zone-delay", "categoryKey": "delay", "categoryLabel": {"en": "Phenological delay zone", "es": "Zona de retraso fenol\u00f3gico", "zh": "\u7269\u5019\u5ef6\u8fdf\u533a", "ro": "Zon\u0103 cu \u00eent\u00e2rziere fenologic\u0103"}, "pci_value": 0.23415586352348328, "policyRelevance": ["https://maytetoscano.github.io/Bioclima_OGC/def/policy/kmgbf-target-1", "https://maytetoscano.github.io/Bioclima_OGC/def/policy/kmgbf-target-8"]}}, {"type": "Feature", "id": "zone-00240", "geometry": {"type": "Polygon", "coordinates": [[[24.996416572263154, 62.526497821517054], [25.063054188344044, 62.526497821517054], [25.063054188344044, 62.593256373225856], [24.996416572263154, 62.593256373225856], [24.996416572263154, 62.526497821517054]]]}, "properties": {"category": "https://maytetoscano.github.io/Bioclima_OGC/def/indicator/zone-stable", "categoryKey": "stable", "categoryLabel": {"en": "Stable phenology zone", "es": "Zona de fenolog\u00eda estable", "zh": "\u7269\u5019\u7a33\u5b9a\u533a", "ro": "Zon\u0103 cu fenologie stabil\u0103"}, "pci_value": 0.16237276792526245, "policyRelevance": ["https://maytetoscano.github.io/Bioclima_OGC/def/policy/kmgbf-target-1", "https://maytetoscano.github.io/Bioclima_OGC/def/policy/kmgbf-target-8"]}}, {"type": "Feature", "id": "zone-00241", "geometry": {"type": "Polygon", "coordinates": [[[25.26296703658672, 62.526497821517054], [25.32960465266761, 62.526497821517054], [25.32960465266761, 62.593256373225856], [25.26296703658672, 62.593256373225856], [25.26296703658672, 62.526497821517054]]]}, "properties": {"category": "https://maytetoscano.github.io/Bioclima_OGC/def/indicator/zone-delay", "categoryKey": "delay", "categoryLabel": {"en": "Phenological delay zone", "es": "Zona de retraso fenol\u00f3gico", "zh": "\u7269\u5019\u5ef6\u8fdf\u533a", "ro": "Zon\u0103 cu \u00eent\u00e2rziere fenologic\u0103"}, "pci_value": 0.23457865417003632, "policyRelevance": ["https://maytetoscano.github.io/Bioclima_OGC/def/policy/kmgbf-target-1", "https://maytetoscano.github.io/Bioclima_OGC/def/policy/kmgbf-target-8"]}}, {"type": "Feature", "id": "zone-00242", "geometry": {"type": "Polygon", "coordinates": [[[25.529517500910284, 62.526497821517054], [25.596155116991174, 62.526497821517054], [25.596155116991174, 62.593256373225856], [25.529517500910284, 62.593256373225856], [25.529517500910284, 62.526497821517054]]]}, "properties": {"category": "https://maytetoscano.github.io/Bioclima_OGC/def/indicator/zone-delay", "categoryKey": "delay", "categoryLabel": {"en": "Phenological delay zone", "es": "Zona de retraso fenol\u00f3gico", "zh": "\u7269\u5019\u5ef6\u8fdf\u533a", "ro": "Zon\u0103 cu \u00eent\u00e2rziere fenologic\u0103"}, "pci_value": 0.237104594707489, "policyRelevance": ["https://maytetoscano.github.io/Bioclima_OGC/def/policy/kmgbf-target-1", "https://maytetoscano.github.io/Bioclima_OGC/def/policy/kmgbf-target-8"]}}, {"type": "Feature", "id": "zone-00243", "geometry": {"type": "Polygon", "coordinates": [[[25.79606796523385, 62.526497821517054], [25.86270558131474, 62.526497821517054], [25.86270558131474, 62.593256373225856], [25.79606796523385, 62.593256373225856], [25.79606796523385, 62.526497821517054]]]}, "properties": {"category": "https://maytetoscano.github.io/Bioclima_OGC/def/indicator/zone-delay", "categoryKey": "delay", "categoryLabel": {"en": "Phenological delay zone", "es": "Zona de retraso fenol\u00f3gico", "zh": "\u7269\u5019\u5ef6\u8fdf\u533a", "ro": "Zon\u0103 cu \u00eent\u00e2rziere fenologic\u0103"}, "pci_value": 0.31629860401153564, "policyRelevance": ["https://maytetoscano.github.io/Bioclima_OGC/def/policy/kmgbf-target-1", "https://maytetoscano.github.io/Bioclima_OGC/def/policy/kmgbf-target-8"]}}, {"type": "Feature", "id": "zone-00244", "geometry": {"type": "Polygon", "coordinates": [[[26.06261842955741, 62.526497821517054], [26.1292560456383, 62.526497821517054], [26.1292560456383, 62.593256373225856], [26.06261842955741, 62.593256373225856], [26.06261842955741, 62.526497821517054]]]}, "properties": {"category": "https://maytetoscano.github.io/Bioclima_OGC/def/indicator/zone-stable", "categoryKey": "stable", "categoryLabel": {"en": "Stable phenology zone", "es": "Zona de fenolog\u00eda estable", "zh": "\u7269\u5019\u7a33\u5b9a\u533a", "ro": "Zon\u0103 cu fenologie stabil\u0103"}, "pci_value": 0.11866634339094162, "policyRelevance": ["https://maytetoscano.github.io/Bioclima_OGC/def/policy/kmgbf-target-1", "https://maytetoscano.github.io/Bioclima_OGC/def/policy/kmgbf-target-8"]}}, {"type": "Feature", "id": "zone-00245", "geometry": {"type": "Polygon", "coordinates": [[[26.329168893880972, 62.526497821517054], [26.39580650996186, 62.526497821517054], [26.39580650996186, 62.593256373225856], [26.329168893880972, 62.593256373225856], [26.329168893880972, 62.526497821517054]]]}, "properties": {"category": "https://maytetoscano.github.io/Bioclima_OGC/def/indicator/zone-stable", "categoryKey": "stable", "categoryLabel": {"en": "Stable phenology zone", "es": "Zona de fenolog\u00eda estable", "zh": "\u7269\u5019\u7a33\u5b9a\u533a", "ro": "Zon\u0103 cu fenologie stabil\u0103"}, "pci_value": 0.19905878603458405, "policyRelevance": ["https://maytetoscano.github.io/Bioclima_OGC/def/policy/kmgbf-target-1", "https://maytetoscano.github.io/Bioclima_OGC/def/policy/kmgbf-target-8"]}}, {"type": "Feature", "id": "zone-00246", "geometry": {"type": "Polygon", "coordinates": [[[26.595719358204537, 62.526497821517054], [26.662356974285427, 62.526497821517054], [26.662356974285427, 62.593256373225856], [26.595719358204537, 62.593256373225856], [26.595719358204537, 62.526497821517054]]]}, "properties": {"category": "https://maytetoscano.github.io/Bioclima_OGC/def/indicator/zone-delay", "categoryKey": "delay", "categoryLabel": {"en": "Phenological delay zone", "es": "Zona de retraso fenol\u00f3gico", "zh": "\u7269\u5019\u5ef6\u8fdf\u533a", "ro": "Zon\u0103 cu \u00eent\u00e2rziere fenologic\u0103"}, "pci_value": 0.3403119742870331, "policyRelevance": ["https://maytetoscano.github.io/Bioclima_OGC/def/policy/kmgbf-target-1", "https://maytetoscano.github.io/Bioclima_OGC/def/policy/kmgbf-target-8"]}}, {"type": "Feature", "id": "zone-00247", "geometry": {"type": "Polygon", "coordinates": [[[26.862269822528102, 62.526497821517054], [26.92890743860899, 62.526497821517054], [26.92890743860899, 62.593256373225856], [26.862269822528102, 62.593256373225856], [26.862269822528102, 62.526497821517054]]]}, "properties": {"category": "https://maytetoscano.github.io/Bioclima_OGC/def/indicator/zone-stable", "categoryKey": "stable", "categoryLabel": {"en": "Stable phenology zone", "es": "Zona de fenolog\u00eda estable", "zh": "\u7269\u5019\u7a33\u5b9a\u533a", "ro": "Zon\u0103 cu fenologie stabil\u0103"}, "pci_value": 0.11326498538255692, "policyRelevance": ["https://maytetoscano.github.io/Bioclima_OGC/def/policy/kmgbf-target-1", "https://maytetoscano.github.io/Bioclima_OGC/def/policy/kmgbf-target-8"]}}, {"type": "Feature", "id": "zone-00248", "geometry": {"type": "Polygon", "coordinates": [[[27.128820286851663, 62.526497821517054], [27.195457902932553, 62.526497821517054], [27.195457902932553, 62.593256373225856], [27.128820286851663, 62.593256373225856], [27.128820286851663, 62.526497821517054]]]}, "properties": {"category": "https://maytetoscano.github.io/Bioclima_OGC/def/indicator/zone-stable", "categoryKey": "stable", "categoryLabel": {"en": "Stable phenology zone", "es": "Zona de fenolog\u00eda estable", "zh": "\u7269\u5019\u7a33\u5b9a\u533a", "ro": "Zon\u0103 cu fenologie stabil\u0103"}, "pci_value": 0.05348170921206474, "policyRelevance": ["https://maytetoscano.github.io/Bioclima_OGC/def/policy/kmgbf-target-1", "https://maytetoscano.github.io/Bioclima_OGC/def/policy/kmgbf-target-8"]}}, {"type": "Feature", "id": "zone-00249", "geometry": {"type": "Polygon", "coordinates": [[[27.395370751175225, 62.526497821517054], [27.462008367256114, 62.526497821517054], [27.462008367256114, 62.593256373225856], [27.395370751175225, 62.593256373225856], [27.395370751175225, 62.526497821517054]]]}, "properties": {"category": "https://maytetoscano.github.io/Bioclima_OGC/def/indicator/zone-stable", "categoryKey": "stable", "categoryLabel": {"en": "Stable phenology zone", "es": "Zona de fenolog\u00eda estable", "zh": "\u7269\u5019\u7a33\u5b9a\u533a", "ro": "Zon\u0103 cu fenologie stabil\u0103"}, "pci_value": 0.11240188777446747, "policyRelevance": ["https://maytetoscano.github.io/Bioclima_OGC/def/policy/kmgbf-target-1", "https://maytetoscano.github.io/Bioclima_OGC/def/policy/kmgbf-target-8"]}}, {"type": "Feature", "id": "zone-00250", "geometry": {"type": "Polygon", "coordinates": [[[27.66192121549879, 62.526497821517054], [27.72855883157968, 62.526497821517054], [27.72855883157968, 62.593256373225856], [27.66192121549879, 62.593256373225856], [27.66192121549879, 62.526497821517054]]]}, "properties": {"category": "https://maytetoscano.github.io/Bioclima_OGC/def/indicator/zone-delay", "categoryKey": "delay", "categoryLabel": {"en": "Phenological delay zone", "es": "Zona de retraso fenol\u00f3gico", "zh": "\u7269\u5019\u5ef6\u8fdf\u533a", "ro": "Zon\u0103 cu \u00eent\u00e2rziere fenologic\u0103"}, "pci_value": 0.21140091121196747, "policyRelevance": ["https://maytetoscano.github.io/Bioclima_OGC/def/policy/kmgbf-target-1", "https://maytetoscano.github.io/Bioclima_OGC/def/policy/kmgbf-target-8"]}}, {"type": "Feature", "id": "zone-00251", "geometry": {"type": "Polygon", "coordinates": [[[27.928471679822355, 62.526497821517054], [27.995109295903244, 62.526497821517054], [27.995109295903244, 62.593256373225856], [27.928471679822355, 62.593256373225856], [27.928471679822355, 62.526497821517054]]]}, "properties": {"category": "https://maytetoscano.github.io/Bioclima_OGC/def/indicator/zone-delay", "categoryKey": "delay", "categoryLabel": {"en": "Phenological delay zone", "es": "Zona de retraso fenol\u00f3gico", "zh": "\u7269\u5019\u5ef6\u8fdf\u533a", "ro": "Zon\u0103 cu \u00eent\u00e2rziere fenologic\u0103"}, "pci_value": 0.2047766149044037, "policyRelevance": ["https://maytetoscano.github.io/Bioclima_OGC/def/policy/kmgbf-target-1", "https://maytetoscano.github.io/Bioclima_OGC/def/policy/kmgbf-target-8"]}}, {"type": "Feature", "id": "zone-00252", "geometry": {"type": "Polygon", "coordinates": [[[28.19502214414592, 62.526497821517054], [28.26165976022681, 62.526497821517054], [28.26165976022681, 62.593256373225856], [28.19502214414592, 62.593256373225856], [28.19502214414592, 62.526497821517054]]]}, "properties": {"category": "https://maytetoscano.github.io/Bioclima_OGC/def/indicator/zone-stable", "categoryKey": "stable", "categoryLabel": {"en": "Stable phenology zone", "es": "Zona de fenolog\u00eda estable", "zh": "\u7269\u5019\u7a33\u5b9a\u533a", "ro": "Zon\u0103 cu fenologie stabil\u0103"}, "pci_value": 0.16374322772026062, "policyRelevance": ["https://maytetoscano.github.io/Bioclima_OGC/def/policy/kmgbf-target-1", "https://maytetoscano.github.io/Bioclima_OGC/def/policy/kmgbf-target-8"]}}, {"type": "Feature", "id": "zone-00253", "geometry": {"type": "Polygon", "coordinates": [[[28.46157260846948, 62.526497821517054], [28.52821022455037, 62.526497821517054], [28.52821022455037, 62.593256373225856], [28.46157260846948, 62.593256373225856], [28.46157260846948, 62.526497821517054]]]}, "properties": {"category": "https://maytetoscano.github.io/Bioclima_OGC/def/indicator/zone-stable", "categoryKey": "stable", "categoryLabel": {"en": "Stable phenology zone", "es": "Zona de fenolog\u00eda estable", "zh": "\u7269\u5019\u7a33\u5b9a\u533a", "ro": "Zon\u0103 cu fenologie stabil\u0103"}, "pci_value": 0.17788217961788177, "policyRelevance": ["https://maytetoscano.github.io/Bioclima_OGC/def/policy/kmgbf-target-1", "https://maytetoscano.github.io/Bioclima_OGC/def/policy/kmgbf-target-8"]}}, {"type": "Feature", "id": "zone-00254", "geometry": {"type": "Polygon", "coordinates": [[[28.728123072793043, 62.526497821517054], [28.794760688873932, 62.526497821517054], [28.794760688873932, 62.593256373225856], [28.728123072793043, 62.593256373225856], [28.728123072793043, 62.526497821517054]]]}, "properties": {"category": "https://maytetoscano.github.io/Bioclima_OGC/def/indicator/zone-stable", "categoryKey": "stable", "categoryLabel": {"en": "Stable phenology zone", "es": "Zona de fenolog\u00eda estable", "zh": "\u7269\u5019\u7a33\u5b9a\u533a", "ro": "Zon\u0103 cu fenologie stabil\u0103"}, "pci_value": 0.12050018459558487, "policyRelevance": ["https://maytetoscano.github.io/Bioclima_OGC/def/policy/kmgbf-target-1", "https://maytetoscano.github.io/Bioclima_OGC/def/policy/kmgbf-target-8"]}}, {"type": "Feature", "id": "zone-00255", "geometry": {"type": "Polygon", "coordinates": [[[28.994673537116608, 62.526497821517054], [29.061311153197497, 62.526497821517054], [29.061311153197497, 62.593256373225856], [28.994673537116608, 62.593256373225856], [28.994673537116608, 62.526497821517054]]]}, "properties": {"category": "https://maytetoscano.github.io/Bioclima_OGC/def/indicator/zone-stable", "categoryKey": "stable", "categoryLabel": {"en": "Stable phenology zone", "es": "Zona de fenolog\u00eda estable", "zh": "\u7269\u5019\u7a33\u5b9a\u533a", "ro": "Zon\u0103 cu fenologie stabil\u0103"}, "pci_value": 0.09039459377527237, "policyRelevance": ["https://maytetoscano.github.io/Bioclima_OGC/def/policy/kmgbf-target-1", "https://maytetoscano.github.io/Bioclima_OGC/def/policy/kmgbf-target-8"]}}, {"type": "Feature", "id": "zone-00256", "geometry": {"type": "Polygon", "coordinates": [[[29.261224001440173, 62.526497821517054], [29.327861617521062, 62.526497821517054], [29.327861617521062, 62.593256373225856], [29.261224001440173, 62.593256373225856], [29.261224001440173, 62.526497821517054]]]}, "properties": {"category": "https://maytetoscano.github.io/Bioclima_OGC/def/indicator/zone-stable", "categoryKey": "stable", "categoryLabel": {"en": "Stable phenology zone", "es": "Zona de fenolog\u00eda estable", "zh": "\u7269\u5019\u7a33\u5b9a\u533a", "ro": "Zon\u0103 cu fenologie stabil\u0103"}, "pci_value": 0.11562925577163696, "policyRelevance": ["https://maytetoscano.github.io/Bioclima_OGC/def/policy/kmgbf-target-1", "https://maytetoscano.github.io/Bioclima_OGC/def/policy/kmgbf-target-8"]}}, {"type": "Feature", "id": "zone-00257", "geometry": {"type": "Polygon", "coordinates": [[[29.527774465763734, 62.526497821517054], [29.594412081844624, 62.526497821517054], [29.594412081844624, 62.593256373225856], [29.527774465763734, 62.593256373225856], [29.527774465763734, 62.526497821517054]]]}, "properties": {"category": "https://maytetoscano.github.io/Bioclima_OGC/def/indicator/zone-stable", "categoryKey": "stable", "categoryLabel": {"en": "Stable phenology zone", "es": "Zona de fenolog\u00eda estable", "zh": "\u7269\u5019\u7a33\u5b9a\u533a", "ro": "Zon\u0103 cu fenologie stabil\u0103"}, "pci_value": 0.1277984231710434, "policyRelevance": ["https://maytetoscano.github.io/Bioclima_OGC/def/policy/kmgbf-target-1", "https://maytetoscano.github.io/Bioclima_OGC/def/policy/kmgbf-target-8"]}}, {"type": "Feature", "id": "zone-00258", "geometry": {"type": "Polygon", "coordinates": [[[23.9302147149689, 62.79353202835229], [23.99685233104979, 62.79353202835229], [23.99685233104979, 62.860290580061104], [23.9302147149689, 62.860290580061104], [23.9302147149689, 62.79353202835229]]]}, "properties": {"category": "https://maytetoscano.github.io/Bioclima_OGC/def/indicator/zone-stable", "categoryKey": "stable", "categoryLabel": {"en": "Stable phenology zone", "es": "Zona de fenolog\u00eda estable", "zh": "\u7269\u5019\u7a33\u5b9a\u533a", "ro": "Zon\u0103 cu fenologie stabil\u0103"}, "pci_value": 0.18900054693222046, "policyRelevance": ["https://maytetoscano.github.io/Bioclima_OGC/def/policy/kmgbf-target-1", "https://maytetoscano.github.io/Bioclima_OGC/def/policy/kmgbf-target-8"]}}, {"type": "Feature", "id": "zone-00259", "geometry": {"type": "Polygon", "coordinates": [[[24.196765179292466, 62.79353202835229], [24.263402795373356, 62.79353202835229], [24.263402795373356, 62.860290580061104], [24.196765179292466, 62.860290580061104], [24.196765179292466, 62.79353202835229]]]}, "properties": {"category": "https://maytetoscano.github.io/Bioclima_OGC/def/indicator/zone-stable", "categoryKey": "stable", "categoryLabel": {"en": "Stable phenology zone", "es": "Zona de fenolog\u00eda estable", "zh": "\u7269\u5019\u7a33\u5b9a\u533a", "ro": "Zon\u0103 cu fenologie stabil\u0103"}, "pci_value": 0.1608695536851883, "policyRelevance": ["https://maytetoscano.github.io/Bioclima_OGC/def/policy/kmgbf-target-1", "https://maytetoscano.github.io/Bioclima_OGC/def/policy/kmgbf-target-8"]}}, {"type": "Feature", "id": "zone-00260", "geometry": {"type": "Polygon", "coordinates": [[[24.46331564361603, 62.79353202835229], [24.52995325969692, 62.79353202835229], [24.52995325969692, 62.860290580061104], [24.46331564361603, 62.860290580061104], [24.46331564361603, 62.79353202835229]]]}, "properties": {"category": "https://maytetoscano.github.io/Bioclima_OGC/def/indicator/zone-stable", "categoryKey": "stable", "categoryLabel": {"en": "Stable phenology zone", "es": "Zona de fenolog\u00eda estable", "zh": "\u7269\u5019\u7a33\u5b9a\u533a", "ro": "Zon\u0103 cu fenologie stabil\u0103"}, "pci_value": 0.0043339417316019535, "policyRelevance": ["https://maytetoscano.github.io/Bioclima_OGC/def/policy/kmgbf-target-1", "https://maytetoscano.github.io/Bioclima_OGC/def/policy/kmgbf-target-8"]}}, {"type": "Feature", "id": "zone-00261", "geometry": {"type": "Polygon", "coordinates": [[[24.729866107939593, 62.79353202835229], [24.796503724020482, 62.79353202835229], [24.796503724020482, 62.860290580061104], [24.729866107939593, 62.860290580061104], [24.729866107939593, 62.79353202835229]]]}, "properties": {"category": "https://maytetoscano.github.io/Bioclima_OGC/def/indicator/zone-stable", "categoryKey": "stable", "categoryLabel": {"en": "Stable phenology zone", "es": "Zona de fenolog\u00eda estable", "zh": "\u7269\u5019\u7a33\u5b9a\u533a", "ro": "Zon\u0103 cu fenologie stabil\u0103"}, "pci_value": 0.10121873021125793, "policyRelevance": ["https://maytetoscano.github.io/Bioclima_OGC/def/policy/kmgbf-target-1", "https://maytetoscano.github.io/Bioclima_OGC/def/policy/kmgbf-target-8"]}}, {"type": "Feature", "id": "zone-00262", "geometry": {"type": "Polygon", "coordinates": [[[24.996416572263154, 62.79353202835229], [25.063054188344044, 62.79353202835229], [25.063054188344044, 62.860290580061104], [24.996416572263154, 62.860290580061104], [24.996416572263154, 62.79353202835229]]]}, "properties": {"category": "https://maytetoscano.github.io/Bioclima_OGC/def/indicator/zone-stable", "categoryKey": "stable", "categoryLabel": {"en": "Stable phenology zone", "es": "Zona de fenolog\u00eda estable", "zh": "\u7269\u5019\u7a33\u5b9a\u533a", "ro": "Zon\u0103 cu fenologie stabil\u0103"}, "pci_value": 0.011177007108926773, "policyRelevance": ["https://maytetoscano.github.io/Bioclima_OGC/def/policy/kmgbf-target-1", "https://maytetoscano.github.io/Bioclima_OGC/def/policy/kmgbf-target-8"]}}, {"type": "Feature", "id": "zone-00263", "geometry": {"type": "Polygon", "coordinates": [[[25.26296703658672, 62.79353202835229], [25.32960465266761, 62.79353202835229], [25.32960465266761, 62.860290580061104], [25.26296703658672, 62.860290580061104], [25.26296703658672, 62.79353202835229]]]}, "properties": {"category": "https://maytetoscano.github.io/Bioclima_OGC/def/indicator/zone-stable", "categoryKey": "stable", "categoryLabel": {"en": "Stable phenology zone", "es": "Zona de fenolog\u00eda estable", "zh": "\u7269\u5019\u7a33\u5b9a\u533a", "ro": "Zon\u0103 cu fenologie stabil\u0103"}, "pci_value": 0.0951690524816513, "policyRelevance": ["https://maytetoscano.github.io/Bioclima_OGC/def/policy/kmgbf-target-1", "https://maytetoscano.github.io/Bioclima_OGC/def/policy/kmgbf-target-8"]}}, {"type": "Feature", "id": "zone-00264", "geometry": {"type": "Polygon", "coordinates": [[[25.529517500910284, 62.79353202835229], [25.596155116991174, 62.79353202835229], [25.596155116991174, 62.860290580061104], [25.529517500910284, 62.860290580061104], [25.529517500910284, 62.79353202835229]]]}, "properties": {"category": "https://maytetoscano.github.io/Bioclima_OGC/def/indicator/zone-stable", "categoryKey": "stable", "categoryLabel": {"en": "Stable phenology zone", "es": "Zona de fenolog\u00eda estable", "zh": "\u7269\u5019\u7a33\u5b9a\u533a", "ro": "Zon\u0103 cu fenologie stabil\u0103"}, "pci_value": 0.1451335847377777, "policyRelevance": ["https://maytetoscano.github.io/Bioclima_OGC/def/policy/kmgbf-target-1", "https://maytetoscano.github.io/Bioclima_OGC/def/policy/kmgbf-target-8"]}}, {"type": "Feature", "id": "zone-00265", "geometry": {"type": "Polygon", "coordinates": [[[25.79606796523385, 62.79353202835229], [25.86270558131474, 62.79353202835229], [25.86270558131474, 62.860290580061104], [25.79606796523385, 62.860290580061104], [25.79606796523385, 62.79353202835229]]]}, "properties": {"category": "https://maytetoscano.github.io/Bioclima_OGC/def/indicator/zone-stable", "categoryKey": "stable", "categoryLabel": {"en": "Stable phenology zone", "es": "Zona de fenolog\u00eda estable", "zh": "\u7269\u5019\u7a33\u5b9a\u533a", "ro": "Zon\u0103 cu fenologie stabil\u0103"}, "pci_value": 0.03832116723060608, "policyRelevance": ["https://maytetoscano.github.io/Bioclima_OGC/def/policy/kmgbf-target-1", "https://maytetoscano.github.io/Bioclima_OGC/def/policy/kmgbf-target-8"]}}, {"type": "Feature", "id": "zone-00266", "geometry": {"type": "Polygon", "coordinates": [[[26.06261842955741, 62.79353202835229], [26.1292560456383, 62.79353202835229], [26.1292560456383, 62.860290580061104], [26.06261842955741, 62.860290580061104], [26.06261842955741, 62.79353202835229]]]}, "properties": {"category": "https://maytetoscano.github.io/Bioclima_OGC/def/indicator/zone-delay", "categoryKey": "delay", "categoryLabel": {"en": "Phenological delay zone", "es": "Zona de retraso fenol\u00f3gico", "zh": "\u7269\u5019\u5ef6\u8fdf\u533a", "ro": "Zon\u0103 cu \u00eent\u00e2rziere fenologic\u0103"}, "pci_value": 0.2399669885635376, "policyRelevance": ["https://maytetoscano.github.io/Bioclima_OGC/def/policy/kmgbf-target-1", "https://maytetoscano.github.io/Bioclima_OGC/def/policy/kmgbf-target-8"]}}, {"type": "Feature", "id": "zone-00267", "geometry": {"type": "Polygon", "coordinates": [[[26.329168893880972, 62.79353202835229], [26.39580650996186, 62.79353202835229], [26.39580650996186, 62.860290580061104], [26.329168893880972, 62.860290580061104], [26.329168893880972, 62.79353202835229]]]}, "properties": {"category": "https://maytetoscano.github.io/Bioclima_OGC/def/indicator/zone-delay", "categoryKey": "delay", "categoryLabel": {"en": "Phenological delay zone", "es": "Zona de retraso fenol\u00f3gico", "zh": "\u7269\u5019\u5ef6\u8fdf\u533a", "ro": "Zon\u0103 cu \u00eent\u00e2rziere fenologic\u0103"}, "pci_value": 0.24972966313362122, "policyRelevance": ["https://maytetoscano.github.io/Bioclima_OGC/def/policy/kmgbf-target-1", "https://maytetoscano.github.io/Bioclima_OGC/def/policy/kmgbf-target-8"]}}, {"type": "Feature", "id": "zone-00268", "geometry": {"type": "Polygon", "coordinates": [[[26.595719358204537, 62.79353202835229], [26.662356974285427, 62.79353202835229], [26.662356974285427, 62.860290580061104], [26.595719358204537, 62.860290580061104], [26.595719358204537, 62.79353202835229]]]}, "properties": {"category": "https://maytetoscano.github.io/Bioclima_OGC/def/indicator/zone-delay", "categoryKey": "delay", "categoryLabel": {"en": "Phenological delay zone", "es": "Zona de retraso fenol\u00f3gico", "zh": "\u7269\u5019\u5ef6\u8fdf\u533a", "ro": "Zon\u0103 cu \u00eent\u00e2rziere fenologic\u0103"}, "pci_value": 0.2495802938938141, "policyRelevance": ["https://maytetoscano.github.io/Bioclima_OGC/def/policy/kmgbf-target-1", "https://maytetoscano.github.io/Bioclima_OGC/def/policy/kmgbf-target-8"]}}, {"type": "Feature", "id": "zone-00269", "geometry": {"type": "Polygon", "coordinates": [[[26.862269822528102, 62.79353202835229], [26.92890743860899, 62.79353202835229], [26.92890743860899, 62.860290580061104], [26.862269822528102, 62.860290580061104], [26.862269822528102, 62.79353202835229]]]}, "properties": {"category": "https://maytetoscano.github.io/Bioclima_OGC/def/indicator/zone-delay", "categoryKey": "delay", "categoryLabel": {"en": "Phenological delay zone", "es": "Zona de retraso fenol\u00f3gico", "zh": "\u7269\u5019\u5ef6\u8fdf\u533a", "ro": "Zon\u0103 cu \u00eent\u00e2rziere fenologic\u0103"}, "pci_value": 0.2602164149284363, "policyRelevance": ["https://maytetoscano.github.io/Bioclima_OGC/def/policy/kmgbf-target-1", "https://maytetoscano.github.io/Bioclima_OGC/def/policy/kmgbf-target-8"]}}, {"type": "Feature", "id": "zone-00270", "geometry": {"type": "Polygon", "coordinates": [[[27.128820286851663, 62.79353202835229], [27.195457902932553, 62.79353202835229], [27.195457902932553, 62.860290580061104], [27.128820286851663, 62.860290580061104], [27.128820286851663, 62.79353202835229]]]}, "properties": {"category": "https://maytetoscano.github.io/Bioclima_OGC/def/indicator/zone-stable", "categoryKey": "stable", "categoryLabel": {"en": "Stable phenology zone", "es": "Zona de fenolog\u00eda estable", "zh": "\u7269\u5019\u7a33\u5b9a\u533a", "ro": "Zon\u0103 cu fenologie stabil\u0103"}, "pci_value": 0.13017818331718445, "policyRelevance": ["https://maytetoscano.github.io/Bioclima_OGC/def/policy/kmgbf-target-1", "https://maytetoscano.github.io/Bioclima_OGC/def/policy/kmgbf-target-8"]}}, {"type": "Feature", "id": "zone-00271", "geometry": {"type": "Polygon", "coordinates": [[[27.395370751175225, 62.79353202835229], [27.462008367256114, 62.79353202835229], [27.462008367256114, 62.860290580061104], [27.395370751175225, 62.860290580061104], [27.395370751175225, 62.79353202835229]]]}, "properties": {"category": "https://maytetoscano.github.io/Bioclima_OGC/def/indicator/zone-stable", "categoryKey": "stable", "categoryLabel": {"en": "Stable phenology zone", "es": "Zona de fenolog\u00eda estable", "zh": "\u7269\u5019\u7a33\u5b9a\u533a", "ro": "Zon\u0103 cu fenologie stabil\u0103"}, "pci_value": 0.10443902015686035, "policyRelevance": ["https://maytetoscano.github.io/Bioclima_OGC/def/policy/kmgbf-target-1", "https://maytetoscano.github.io/Bioclima_OGC/def/policy/kmgbf-target-8"]}}, {"type": "Feature", "id": "zone-00272", "geometry": {"type": "Polygon", "coordinates": [[[27.66192121549879, 62.79353202835229], [27.72855883157968, 62.79353202835229], [27.72855883157968, 62.860290580061104], [27.66192121549879, 62.860290580061104], [27.66192121549879, 62.79353202835229]]]}, "properties": {"category": "https://maytetoscano.github.io/Bioclima_OGC/def/indicator/zone-stable", "categoryKey": "stable", "categoryLabel": {"en": "Stable phenology zone", "es": "Zona de fenolog\u00eda estable", "zh": "\u7269\u5019\u7a33\u5b9a\u533a", "ro": "Zon\u0103 cu fenologie stabil\u0103"}, "pci_value": 0.14455579221248627, "policyRelevance": ["https://maytetoscano.github.io/Bioclima_OGC/def/policy/kmgbf-target-1", "https://maytetoscano.github.io/Bioclima_OGC/def/policy/kmgbf-target-8"]}}, {"type": "Feature", "id": "zone-00273", "geometry": {"type": "Polygon", "coordinates": [[[27.928471679822355, 62.79353202835229], [27.995109295903244, 62.79353202835229], [27.995109295903244, 62.860290580061104], [27.928471679822355, 62.860290580061104], [27.928471679822355, 62.79353202835229]]]}, "properties": {"category": "https://maytetoscano.github.io/Bioclima_OGC/def/indicator/zone-stable", "categoryKey": "stable", "categoryLabel": {"en": "Stable phenology zone", "es": "Zona de fenolog\u00eda estable", "zh": "\u7269\u5019\u7a33\u5b9a\u533a", "ro": "Zon\u0103 cu fenologie stabil\u0103"}, "pci_value": 0.10353051126003265, "policyRelevance": ["https://maytetoscano.github.io/Bioclima_OGC/def/policy/kmgbf-target-1", "https://maytetoscano.github.io/Bioclima_OGC/def/policy/kmgbf-target-8"]}}, {"type": "Feature", "id": "zone-00274", "geometry": {"type": "Polygon", "coordinates": [[[28.19502214414592, 62.79353202835229], [28.26165976022681, 62.79353202835229], [28.26165976022681, 62.860290580061104], [28.19502214414592, 62.860290580061104], [28.19502214414592, 62.79353202835229]]]}, "properties": {"category": "https://maytetoscano.github.io/Bioclima_OGC/def/indicator/zone-stable", "categoryKey": "stable", "categoryLabel": {"en": "Stable phenology zone", "es": "Zona de fenolog\u00eda estable", "zh": "\u7269\u5019\u7a33\u5b9a\u533a", "ro": "Zon\u0103 cu fenologie stabil\u0103"}, "pci_value": -0.008235360495746136, "policyRelevance": ["https://maytetoscano.github.io/Bioclima_OGC/def/policy/kmgbf-target-1", "https://maytetoscano.github.io/Bioclima_OGC/def/policy/kmgbf-target-8"]}}, {"type": "Feature", "id": "zone-00275", "geometry": {"type": "Polygon", "coordinates": [[[28.46157260846948, 62.79353202835229], [28.52821022455037, 62.79353202835229], [28.52821022455037, 62.860290580061104], [28.46157260846948, 62.860290580061104], [28.46157260846948, 62.79353202835229]]]}, "properties": {"category": "https://maytetoscano.github.io/Bioclima_OGC/def/indicator/zone-stable", "categoryKey": "stable", "categoryLabel": {"en": "Stable phenology zone", "es": "Zona de fenolog\u00eda estable", "zh": "\u7269\u5019\u7a33\u5b9a\u533a", "ro": "Zon\u0103 cu fenologie stabil\u0103"}, "pci_value": 0.001645103795453906, "policyRelevance": ["https://maytetoscano.github.io/Bioclima_OGC/def/policy/kmgbf-target-1", "https://maytetoscano.github.io/Bioclima_OGC/def/policy/kmgbf-target-8"]}}, {"type": "Feature", "id": "zone-00276", "geometry": {"type": "Polygon", "coordinates": [[[28.728123072793043, 62.79353202835229], [28.794760688873932, 62.79353202835229], [28.794760688873932, 62.860290580061104], [28.728123072793043, 62.860290580061104], [28.728123072793043, 62.79353202835229]]]}, "properties": {"category": "https://maytetoscano.github.io/Bioclima_OGC/def/indicator/zone-stable", "categoryKey": "stable", "categoryLabel": {"en": "Stable phenology zone", "es": "Zona de fenolog\u00eda estable", "zh": "\u7269\u5019\u7a33\u5b9a\u533a", "ro": "Zon\u0103 cu fenologie stabil\u0103"}, "pci_value": 0.1042533591389656, "policyRelevance": ["https://maytetoscano.github.io/Bioclima_OGC/def/policy/kmgbf-target-1", "https://maytetoscano.github.io/Bioclima_OGC/def/policy/kmgbf-target-8"]}}, {"type": "Feature", "id": "zone-00277", "geometry": {"type": "Polygon", "coordinates": [[[28.994673537116608, 62.79353202835229], [29.061311153197497, 62.79353202835229], [29.061311153197497, 62.860290580061104], [28.994673537116608, 62.860290580061104], [28.994673537116608, 62.79353202835229]]]}, "properties": {"category": "https://maytetoscano.github.io/Bioclima_OGC/def/indicator/zone-stable", "categoryKey": "stable", "categoryLabel": {"en": "Stable phenology zone", "es": "Zona de fenolog\u00eda estable", "zh": "\u7269\u5019\u7a33\u5b9a\u533a", "ro": "Zon\u0103 cu fenologie stabil\u0103"}, "pci_value": 0.06386420130729675, "policyRelevance": ["https://maytetoscano.github.io/Bioclima_OGC/def/policy/kmgbf-target-1", "https://maytetoscano.github.io/Bioclima_OGC/def/policy/kmgbf-target-8"]}}, {"type": "Feature", "id": "zone-00278", "geometry": {"type": "Polygon", "coordinates": [[[29.261224001440173, 62.79353202835229], [29.327861617521062, 62.79353202835229], [29.327861617521062, 62.860290580061104], [29.261224001440173, 62.860290580061104], [29.261224001440173, 62.79353202835229]]]}, "properties": {"category": "https://maytetoscano.github.io/Bioclima_OGC/def/indicator/zone-stable", "categoryKey": "stable", "categoryLabel": {"en": "Stable phenology zone", "es": "Zona de fenolog\u00eda estable", "zh": "\u7269\u5019\u7a33\u5b9a\u533a", "ro": "Zon\u0103 cu fenologie stabil\u0103"}, "pci_value": 0.1733485460281372, "policyRelevance": ["https://maytetoscano.github.io/Bioclima_OGC/def/policy/kmgbf-target-1", "https://maytetoscano.github.io/Bioclima_OGC/def/policy/kmgbf-target-8"]}}, {"type": "Feature", "id": "zone-00279", "geometry": {"type": "Polygon", "coordinates": [[[29.527774465763734, 62.79353202835229], [29.594412081844624, 62.79353202835229], [29.594412081844624, 62.860290580061104], [29.527774465763734, 62.860290580061104], [29.527774465763734, 62.79353202835229]]]}, "properties": {"category": "https://maytetoscano.github.io/Bioclima_OGC/def/indicator/zone-stable", "categoryKey": "stable", "categoryLabel": {"en": "Stable phenology zone", "es": "Zona de fenolog\u00eda estable", "zh": "\u7269\u5019\u7a33\u5b9a\u533a", "ro": "Zon\u0103 cu fenologie stabil\u0103"}, "pci_value": 0.15895625948905945, "policyRelevance": ["https://maytetoscano.github.io/Bioclima_OGC/def/policy/kmgbf-target-1", "https://maytetoscano.github.io/Bioclima_OGC/def/policy/kmgbf-target-8"]}}, {"type": "Feature", "id": "zone-00280", "geometry": {"type": "Polygon", "coordinates": [[[29.794324930087296, 62.79353202835229], [29.860962546168185, 62.79353202835229], [29.860962546168185, 62.860290580061104], [29.794324930087296, 62.860290580061104], [29.794324930087296, 62.79353202835229]]]}, "properties": {"category": "https://maytetoscano.github.io/Bioclima_OGC/def/indicator/zone-stable", "categoryKey": "stable", "categoryLabel": {"en": "Stable phenology zone", "es": "Zona de fenolog\u00eda estable", "zh": "\u7269\u5019\u7a33\u5b9a\u533a", "ro": "Zon\u0103 cu fenologie stabil\u0103"}, "pci_value": 0.1708485335111618, "policyRelevance": ["https://maytetoscano.github.io/Bioclima_OGC/def/policy/kmgbf-target-1", "https://maytetoscano.github.io/Bioclima_OGC/def/policy/kmgbf-target-8"]}}, {"type": "Feature", "id": "zone-00281", "geometry": {"type": "Polygon", "coordinates": [[[24.196765179292466, 63.06056623518754], [24.263402795373356, 63.06056623518754], [24.263402795373356, 63.12732478689634], [24.196765179292466, 63.12732478689634], [24.196765179292466, 63.06056623518754]]]}, "properties": {"category": "https://maytetoscano.github.io/Bioclima_OGC/def/indicator/zone-stable", "categoryKey": "stable", "categoryLabel": {"en": "Stable phenology zone", "es": "Zona de fenolog\u00eda estable", "zh": "\u7269\u5019\u7a33\u5b9a\u533a", "ro": "Zon\u0103 cu fenologie stabil\u0103"}, "pci_value": 0.13539530336856842, "policyRelevance": ["https://maytetoscano.github.io/Bioclima_OGC/def/policy/kmgbf-target-1", "https://maytetoscano.github.io/Bioclima_OGC/def/policy/kmgbf-target-8"]}}, {"type": "Feature", "id": "zone-00282", "geometry": {"type": "Polygon", "coordinates": [[[24.46331564361603, 63.06056623518754], [24.52995325969692, 63.06056623518754], [24.52995325969692, 63.12732478689634], [24.46331564361603, 63.12732478689634], [24.46331564361603, 63.06056623518754]]]}, "properties": {"category": "https://maytetoscano.github.io/Bioclima_OGC/def/indicator/zone-stable", "categoryKey": "stable", "categoryLabel": {"en": "Stable phenology zone", "es": "Zona de fenolog\u00eda estable", "zh": "\u7269\u5019\u7a33\u5b9a\u533a", "ro": "Zon\u0103 cu fenologie stabil\u0103"}, "pci_value": 0.036871153861284256, "policyRelevance": ["https://maytetoscano.github.io/Bioclima_OGC/def/policy/kmgbf-target-1", "https://maytetoscano.github.io/Bioclima_OGC/def/policy/kmgbf-target-8"]}}, {"type": "Feature", "id": "zone-00283", "geometry": {"type": "Polygon", "coordinates": [[[24.729866107939593, 63.06056623518754], [24.796503724020482, 63.06056623518754], [24.796503724020482, 63.12732478689634], [24.729866107939593, 63.12732478689634], [24.729866107939593, 63.06056623518754]]]}, "properties": {"category": "https://maytetoscano.github.io/Bioclima_OGC/def/indicator/zone-stable", "categoryKey": "stable", "categoryLabel": {"en": "Stable phenology zone", "es": "Zona de fenolog\u00eda estable", "zh": "\u7269\u5019\u7a33\u5b9a\u533a", "ro": "Zon\u0103 cu fenologie stabil\u0103"}, "pci_value": 0.197859525680542, "policyRelevance": ["https://maytetoscano.github.io/Bioclima_OGC/def/policy/kmgbf-target-1", "https://maytetoscano.github.io/Bioclima_OGC/def/policy/kmgbf-target-8"]}}, {"type": "Feature", "id": "zone-00284", "geometry": {"type": "Polygon", "coordinates": [[[24.996416572263154, 63.06056623518754], [25.063054188344044, 63.06056623518754], [25.063054188344044, 63.12732478689634], [24.996416572263154, 63.12732478689634], [24.996416572263154, 63.06056623518754]]]}, "properties": {"category": "https://maytetoscano.github.io/Bioclima_OGC/def/indicator/zone-stable", "categoryKey": "stable", "categoryLabel": {"en": "Stable phenology zone", "es": "Zona de fenolog\u00eda estable", "zh": "\u7269\u5019\u7a33\u5b9a\u533a", "ro": "Zon\u0103 cu fenologie stabil\u0103"}, "pci_value": 0.15814299881458282, "policyRelevance": ["https://maytetoscano.github.io/Bioclima_OGC/def/policy/kmgbf-target-1", "https://maytetoscano.github.io/Bioclima_OGC/def/policy/kmgbf-target-8"]}}, {"type": "Feature", "id": "zone-00285", "geometry": {"type": "Polygon", "coordinates": [[[25.26296703658672, 63.06056623518754], [25.32960465266761, 63.06056623518754], [25.32960465266761, 63.12732478689634], [25.26296703658672, 63.12732478689634], [25.26296703658672, 63.06056623518754]]]}, "properties": {"category": "https://maytetoscano.github.io/Bioclima_OGC/def/indicator/zone-stable", "categoryKey": "stable", "categoryLabel": {"en": "Stable phenology zone", "es": "Zona de fenolog\u00eda estable", "zh": "\u7269\u5019\u7a33\u5b9a\u533a", "ro": "Zon\u0103 cu fenologie stabil\u0103"}, "pci_value": 0.08576641976833344, "policyRelevance": ["https://maytetoscano.github.io/Bioclima_OGC/def/policy/kmgbf-target-1", "https://maytetoscano.github.io/Bioclima_OGC/def/policy/kmgbf-target-8"]}}, {"type": "Feature", "id": "zone-00286", "geometry": {"type": "Polygon", "coordinates": [[[25.529517500910284, 63.06056623518754], [25.596155116991174, 63.06056623518754], [25.596155116991174, 63.12732478689634], [25.529517500910284, 63.12732478689634], [25.529517500910284, 63.06056623518754]]]}, "properties": {"category": "https://maytetoscano.github.io/Bioclima_OGC/def/indicator/zone-stable", "categoryKey": "stable", "categoryLabel": {"en": "Stable phenology zone", "es": "Zona de fenolog\u00eda estable", "zh": "\u7269\u5019\u7a33\u5b9a\u533a", "ro": "Zon\u0103 cu fenologie stabil\u0103"}, "pci_value": 0.0969434306025505, "policyRelevance": ["https://maytetoscano.github.io/Bioclima_OGC/def/policy/kmgbf-target-1", "https://maytetoscano.github.io/Bioclima_OGC/def/policy/kmgbf-target-8"]}}, {"type": "Feature", "id": "zone-00287", "geometry": {"type": "Polygon", "coordinates": [[[25.79606796523385, 63.06056623518754], [25.86270558131474, 63.06056623518754], [25.86270558131474, 63.12732478689634], [25.79606796523385, 63.12732478689634], [25.79606796523385, 63.06056623518754]]]}, "properties": {"category": "https://maytetoscano.github.io/Bioclima_OGC/def/indicator/zone-delay", "categoryKey": "delay", "categoryLabel": {"en": "Phenological delay zone", "es": "Zona de retraso fenol\u00f3gico", "zh": "\u7269\u5019\u5ef6\u8fdf\u533a", "ro": "Zon\u0103 cu \u00eent\u00e2rziere fenologic\u0103"}, "pci_value": 0.2202966809272766, "policyRelevance": ["https://maytetoscano.github.io/Bioclima_OGC/def/policy/kmgbf-target-1", "https://maytetoscano.github.io/Bioclima_OGC/def/policy/kmgbf-target-8"]}}, {"type": "Feature", "id": "zone-00288", "geometry": {"type": "Polygon", "coordinates": [[[26.06261842955741, 63.06056623518754], [26.1292560456383, 63.06056623518754], [26.1292560456383, 63.12732478689634], [26.06261842955741, 63.12732478689634], [26.06261842955741, 63.06056623518754]]]}, "properties": {"category": "https://maytetoscano.github.io/Bioclima_OGC/def/indicator/zone-stable", "categoryKey": "stable", "categoryLabel": {"en": "Stable phenology zone", "es": "Zona de fenolog\u00eda estable", "zh": "\u7269\u5019\u7a33\u5b9a\u533a", "ro": "Zon\u0103 cu fenologie stabil\u0103"}, "pci_value": 0.15357038378715515, "policyRelevance": ["https://maytetoscano.github.io/Bioclima_OGC/def/policy/kmgbf-target-1", "https://maytetoscano.github.io/Bioclima_OGC/def/policy/kmgbf-target-8"]}}, {"type": "Feature", "id": "zone-00289", "geometry": {"type": "Polygon", "coordinates": [[[26.329168893880972, 63.06056623518754], [26.39580650996186, 63.06056623518754], [26.39580650996186, 63.12732478689634], [26.329168893880972, 63.12732478689634], [26.329168893880972, 63.06056623518754]]]}, "properties": {"category": "https://maytetoscano.github.io/Bioclima_OGC/def/indicator/zone-stable", "categoryKey": "stable", "categoryLabel": {"en": "Stable phenology zone", "es": "Zona de fenolog\u00eda estable", "zh": "\u7269\u5019\u7a33\u5b9a\u533a", "ro": "Zon\u0103 cu fenologie stabil\u0103"}, "pci_value": 0.19271671772003174, "policyRelevance": ["https://maytetoscano.github.io/Bioclima_OGC/def/policy/kmgbf-target-1", "https://maytetoscano.github.io/Bioclima_OGC/def/policy/kmgbf-target-8"]}}, {"type": "Feature", "id": "zone-00290", "geometry": {"type": "Polygon", "coordinates": [[[26.595719358204537, 63.06056623518754], [26.662356974285427, 63.06056623518754], [26.662356974285427, 63.12732478689634], [26.595719358204537, 63.12732478689634], [26.595719358204537, 63.06056623518754]]]}, "properties": {"category": "https://maytetoscano.github.io/Bioclima_OGC/def/indicator/zone-delay", "categoryKey": "delay", "categoryLabel": {"en": "Phenological delay zone", "es": "Zona de retraso fenol\u00f3gico", "zh": "\u7269\u5019\u5ef6\u8fdf\u533a", "ro": "Zon\u0103 cu \u00eent\u00e2rziere fenologic\u0103"}, "pci_value": 0.3029704689979553, "policyRelevance": ["https://maytetoscano.github.io/Bioclima_OGC/def/policy/kmgbf-target-1", "https://maytetoscano.github.io/Bioclima_OGC/def/policy/kmgbf-target-8"]}}, {"type": "Feature", "id": "zone-00291", "geometry": {"type": "Polygon", "coordinates": [[[26.862269822528102, 63.06056623518754], [26.92890743860899, 63.06056623518754], [26.92890743860899, 63.12732478689634], [26.862269822528102, 63.12732478689634], [26.862269822528102, 63.06056623518754]]]}, "properties": {"category": "https://maytetoscano.github.io/Bioclima_OGC/def/indicator/zone-delay", "categoryKey": "delay", "categoryLabel": {"en": "Phenological delay zone", "es": "Zona de retraso fenol\u00f3gico", "zh": "\u7269\u5019\u5ef6\u8fdf\u533a", "ro": "Zon\u0103 cu \u00eent\u00e2rziere fenologic\u0103"}, "pci_value": 0.21780601143836975, "policyRelevance": ["https://maytetoscano.github.io/Bioclima_OGC/def/policy/kmgbf-target-1", "https://maytetoscano.github.io/Bioclima_OGC/def/policy/kmgbf-target-8"]}}, {"type": "Feature", "id": "zone-00292", "geometry": {"type": "Polygon", "coordinates": [[[27.128820286851663, 63.06056623518754], [27.195457902932553, 63.06056623518754], [27.195457902932553, 63.12732478689634], [27.128820286851663, 63.12732478689634], [27.128820286851663, 63.06056623518754]]]}, "properties": {"category": "https://maytetoscano.github.io/Bioclima_OGC/def/indicator/zone-delay", "categoryKey": "delay", "categoryLabel": {"en": "Phenological delay zone", "es": "Zona de retraso fenol\u00f3gico", "zh": "\u7269\u5019\u5ef6\u8fdf\u533a", "ro": "Zon\u0103 cu \u00eent\u00e2rziere fenologic\u0103"}, "pci_value": 0.24545374512672424, "policyRelevance": ["https://maytetoscano.github.io/Bioclima_OGC/def/policy/kmgbf-target-1", "https://maytetoscano.github.io/Bioclima_OGC/def/policy/kmgbf-target-8"]}}, {"type": "Feature", "id": "zone-00293", "geometry": {"type": "Polygon", "coordinates": [[[27.395370751175225, 63.06056623518754], [27.462008367256114, 63.06056623518754], [27.462008367256114, 63.12732478689634], [27.395370751175225, 63.12732478689634], [27.395370751175225, 63.06056623518754]]]}, "properties": {"category": "https://maytetoscano.github.io/Bioclima_OGC/def/indicator/zone-stable", "categoryKey": "stable", "categoryLabel": {"en": "Stable phenology zone", "es": "Zona de fenolog\u00eda estable", "zh": "\u7269\u5019\u7a33\u5b9a\u533a", "ro": "Zon\u0103 cu fenologie stabil\u0103"}, "pci_value": -0.028040269389748573, "policyRelevance": ["https://maytetoscano.github.io/Bioclima_OGC/def/policy/kmgbf-target-1", "https://maytetoscano.github.io/Bioclima_OGC/def/policy/kmgbf-target-8"]}}, {"type": "Feature", "id": "zone-00294", "geometry": {"type": "Polygon", "coordinates": [[[27.66192121549879, 63.06056623518754], [27.72855883157968, 63.06056623518754], [27.72855883157968, 63.12732478689634], [27.66192121549879, 63.12732478689634], [27.66192121549879, 63.06056623518754]]]}, "properties": {"category": "https://maytetoscano.github.io/Bioclima_OGC/def/indicator/zone-stable", "categoryKey": "stable", "categoryLabel": {"en": "Stable phenology zone", "es": "Zona de fenolog\u00eda estable", "zh": "\u7269\u5019\u7a33\u5b9a\u533a", "ro": "Zon\u0103 cu fenologie stabil\u0103"}, "pci_value": 0.17108237743377686, "policyRelevance": ["https://maytetoscano.github.io/Bioclima_OGC/def/policy/kmgbf-target-1", "https://maytetoscano.github.io/Bioclima_OGC/def/policy/kmgbf-target-8"]}}, {"type": "Feature", "id": "zone-00295", "geometry": {"type": "Polygon", "coordinates": [[[27.928471679822355, 63.06056623518754], [27.995109295903244, 63.06056623518754], [27.995109295903244, 63.12732478689634], [27.928471679822355, 63.12732478689634], [27.928471679822355, 63.06056623518754]]]}, "properties": {"category": "https://maytetoscano.github.io/Bioclima_OGC/def/indicator/zone-stable", "categoryKey": "stable", "categoryLabel": {"en": "Stable phenology zone", "es": "Zona de fenolog\u00eda estable", "zh": "\u7269\u5019\u7a33\u5b9a\u533a", "ro": "Zon\u0103 cu fenologie stabil\u0103"}, "pci_value": 0.1711651086807251, "policyRelevance": ["https://maytetoscano.github.io/Bioclima_OGC/def/policy/kmgbf-target-1", "https://maytetoscano.github.io/Bioclima_OGC/def/policy/kmgbf-target-8"]}}, {"type": "Feature", "id": "zone-00296", "geometry": {"type": "Polygon", "coordinates": [[[28.19502214414592, 63.06056623518754], [28.26165976022681, 63.06056623518754], [28.26165976022681, 63.12732478689634], [28.19502214414592, 63.12732478689634], [28.19502214414592, 63.06056623518754]]]}, "properties": {"category": "https://maytetoscano.github.io/Bioclima_OGC/def/indicator/zone-stable", "categoryKey": "stable", "categoryLabel": {"en": "Stable phenology zone", "es": "Zona de fenolog\u00eda estable", "zh": "\u7269\u5019\u7a33\u5b9a\u533a", "ro": "Zon\u0103 cu fenologie stabil\u0103"}, "pci_value": 0.14192210137844086, "policyRelevance": ["https://maytetoscano.github.io/Bioclima_OGC/def/policy/kmgbf-target-1", "https://maytetoscano.github.io/Bioclima_OGC/def/policy/kmgbf-target-8"]}}, {"type": "Feature", "id": "zone-00297", "geometry": {"type": "Polygon", "coordinates": [[[28.46157260846948, 63.06056623518754], [28.52821022455037, 63.06056623518754], [28.52821022455037, 63.12732478689634], [28.46157260846948, 63.12732478689634], [28.46157260846948, 63.06056623518754]]]}, "properties": {"category": "https://maytetoscano.github.io/Bioclima_OGC/def/indicator/zone-stable", "categoryKey": "stable", "categoryLabel": {"en": "Stable phenology zone", "es": "Zona de fenolog\u00eda estable", "zh": "\u7269\u5019\u7a33\u5b9a\u533a", "ro": "Zon\u0103 cu fenologie stabil\u0103"}, "pci_value": 0.1351928412914276, "policyRelevance": ["https://maytetoscano.github.io/Bioclima_OGC/def/policy/kmgbf-target-1", "https://maytetoscano.github.io/Bioclima_OGC/def/policy/kmgbf-target-8"]}}, {"type": "Feature", "id": "zone-00298", "geometry": {"type": "Polygon", "coordinates": [[[28.728123072793043, 63.06056623518754], [28.794760688873932, 63.06056623518754], [28.794760688873932, 63.12732478689634], [28.728123072793043, 63.12732478689634], [28.728123072793043, 63.06056623518754]]]}, "properties": {"category": "https://maytetoscano.github.io/Bioclima_OGC/def/indicator/zone-delay", "categoryKey": "delay", "categoryLabel": {"en": "Phenological delay zone", "es": "Zona de retraso fenol\u00f3gico", "zh": "\u7269\u5019\u5ef6\u8fdf\u533a", "ro": "Zon\u0103 cu \u00eent\u00e2rziere fenologic\u0103"}, "pci_value": 0.23769806325435638, "policyRelevance": ["https://maytetoscano.github.io/Bioclima_OGC/def/policy/kmgbf-target-1", "https://maytetoscano.github.io/Bioclima_OGC/def/policy/kmgbf-target-8"]}}, {"type": "Feature", "id": "zone-00299", "geometry": {"type": "Polygon", "coordinates": [[[28.994673537116608, 63.06056623518754], [29.061311153197497, 63.06056623518754], [29.061311153197497, 63.12732478689634], [28.994673537116608, 63.12732478689634], [28.994673537116608, 63.06056623518754]]]}, "properties": {"category": "https://maytetoscano.github.io/Bioclima_OGC/def/indicator/zone-delay", "categoryKey": "delay", "categoryLabel": {"en": "Phenological delay zone", "es": "Zona de retraso fenol\u00f3gico", "zh": "\u7269\u5019\u5ef6\u8fdf\u533a", "ro": "Zon\u0103 cu \u00eent\u00e2rziere fenologic\u0103"}, "pci_value": 0.2620662450790405, "policyRelevance": ["https://maytetoscano.github.io/Bioclima_OGC/def/policy/kmgbf-target-1", "https://maytetoscano.github.io/Bioclima_OGC/def/policy/kmgbf-target-8"]}}, {"type": "Feature", "id": "zone-00300", "geometry": {"type": "Polygon", "coordinates": [[[29.261224001440173, 63.06056623518754], [29.327861617521062, 63.06056623518754], [29.327861617521062, 63.12732478689634], [29.261224001440173, 63.12732478689634], [29.261224001440173, 63.06056623518754]]]}, "properties": {"category": "https://maytetoscano.github.io/Bioclima_OGC/def/indicator/zone-stable", "categoryKey": "stable", "categoryLabel": {"en": "Stable phenology zone", "es": "Zona de fenolog\u00eda estable", "zh": "\u7269\u5019\u7a33\u5b9a\u533a", "ro": "Zon\u0103 cu fenologie stabil\u0103"}, "pci_value": 0.18884800374507904, "policyRelevance": ["https://maytetoscano.github.io/Bioclima_OGC/def/policy/kmgbf-target-1", "https://maytetoscano.github.io/Bioclima_OGC/def/policy/kmgbf-target-8"]}}, {"type": "Feature", "id": "zone-00301", "geometry": {"type": "Polygon", "coordinates": [[[29.527774465763734, 63.06056623518754], [29.594412081844624, 63.06056623518754], [29.594412081844624, 63.12732478689634], [29.527774465763734, 63.12732478689634], [29.527774465763734, 63.06056623518754]]]}, "properties": {"category": "https://maytetoscano.github.io/Bioclima_OGC/def/indicator/zone-stable", "categoryKey": "stable", "categoryLabel": {"en": "Stable phenology zone", "es": "Zona de fenolog\u00eda estable", "zh": "\u7269\u5019\u7a33\u5b9a\u533a", "ro": "Zon\u0103 cu fenologie stabil\u0103"}, "pci_value": 0.09401726722717285, "policyRelevance": ["https://maytetoscano.github.io/Bioclima_OGC/def/policy/kmgbf-target-1", "https://maytetoscano.github.io/Bioclima_OGC/def/policy/kmgbf-target-8"]}}, {"type": "Feature", "id": "zone-00302", "geometry": {"type": "Polygon", "coordinates": [[[29.794324930087296, 63.06056623518754], [29.860962546168185, 63.06056623518754], [29.860962546168185, 63.12732478689634], [29.794324930087296, 63.12732478689634], [29.794324930087296, 63.06056623518754]]]}, "properties": {"category": "https://maytetoscano.github.io/Bioclima_OGC/def/indicator/zone-stable", "categoryKey": "stable", "categoryLabel": {"en": "Stable phenology zone", "es": "Zona de fenolog\u00eda estable", "zh": "\u7269\u5019\u7a33\u5b9a\u533a", "ro": "Zon\u0103 cu fenologie stabil\u0103"}, "pci_value": 0.07753054797649384, "policyRelevance": ["https://maytetoscano.github.io/Bioclima_OGC/def/policy/kmgbf-target-1", "https://maytetoscano.github.io/Bioclima_OGC/def/policy/kmgbf-target-8"]}}, {"type": "Feature", "id": "zone-00303", "geometry": {"type": "Polygon", "coordinates": [[[30.06087539441086, 63.06056623518754], [30.12751301049175, 63.06056623518754], [30.12751301049175, 63.12732478689634], [30.06087539441086, 63.12732478689634], [30.06087539441086, 63.06056623518754]]]}, "properties": {"category": "https://maytetoscano.github.io/Bioclima_OGC/def/indicator/zone-stable", "categoryKey": "stable", "categoryLabel": {"en": "Stable phenology zone", "es": "Zona de fenolog\u00eda estable", "zh": "\u7269\u5019\u7a33\u5b9a\u533a", "ro": "Zon\u0103 cu fenologie stabil\u0103"}, "pci_value": 0.01083992887288332, "policyRelevance": ["https://maytetoscano.github.io/Bioclima_OGC/def/policy/kmgbf-target-1", "https://maytetoscano.github.io/Bioclima_OGC/def/policy/kmgbf-target-8"]}}, {"type": "Feature", "id": "zone-00304", "geometry": {"type": "Polygon", "coordinates": [[[25.26296703658672, 63.32760044202277], [25.32960465266761, 63.32760044202277], [25.32960465266761, 63.394358993731586], [25.26296703658672, 63.394358993731586], [25.26296703658672, 63.32760044202277]]]}, "properties": {"category": "https://maytetoscano.github.io/Bioclima_OGC/def/indicator/zone-stable", "categoryKey": "stable", "categoryLabel": {"en": "Stable phenology zone", "es": "Zona de fenolog\u00eda estable", "zh": "\u7269\u5019\u7a33\u5b9a\u533a", "ro": "Zon\u0103 cu fenologie stabil\u0103"}, "pci_value": -0.05578846484422684, "policyRelevance": ["https://maytetoscano.github.io/Bioclima_OGC/def/policy/kmgbf-target-1", "https://maytetoscano.github.io/Bioclima_OGC/def/policy/kmgbf-target-8"]}}, {"type": "Feature", "id": "zone-00305", "geometry": {"type": "Polygon", "coordinates": [[[25.529517500910284, 63.32760044202277], [25.596155116991174, 63.32760044202277], [25.596155116991174, 63.394358993731586], [25.529517500910284, 63.394358993731586], [25.529517500910284, 63.32760044202277]]]}, "properties": {"category": "https://maytetoscano.github.io/Bioclima_OGC/def/indicator/zone-stable", "categoryKey": "stable", "categoryLabel": {"en": "Stable phenology zone", "es": "Zona de fenolog\u00eda estable", "zh": "\u7269\u5019\u7a33\u5b9a\u533a", "ro": "Zon\u0103 cu fenologie stabil\u0103"}, "pci_value": 0.09031800925731659, "policyRelevance": ["https://maytetoscano.github.io/Bioclima_OGC/def/policy/kmgbf-target-1", "https://maytetoscano.github.io/Bioclima_OGC/def/policy/kmgbf-target-8"]}}, {"type": "Feature", "id": "zone-00306", "geometry": {"type": "Polygon", "coordinates": [[[25.79606796523385, 63.32760044202277], [25.86270558131474, 63.32760044202277], [25.86270558131474, 63.394358993731586], [25.79606796523385, 63.394358993731586], [25.79606796523385, 63.32760044202277]]]}, "properties": {"category": "https://maytetoscano.github.io/Bioclima_OGC/def/indicator/zone-stable", "categoryKey": "stable", "categoryLabel": {"en": "Stable phenology zone", "es": "Zona de fenolog\u00eda estable", "zh": "\u7269\u5019\u7a33\u5b9a\u533a", "ro": "Zon\u0103 cu fenologie stabil\u0103"}, "pci_value": 0.05113968998193741, "policyRelevance": ["https://maytetoscano.github.io/Bioclima_OGC/def/policy/kmgbf-target-1", "https://maytetoscano.github.io/Bioclima_OGC/def/policy/kmgbf-target-8"]}}, {"type": "Feature", "id": "zone-00307", "geometry": {"type": "Polygon", "coordinates": [[[26.06261842955741, 63.32760044202277], [26.1292560456383, 63.32760044202277], [26.1292560456383, 63.394358993731586], [26.06261842955741, 63.394358993731586], [26.06261842955741, 63.32760044202277]]]}, "properties": {"category": "https://maytetoscano.github.io/Bioclima_OGC/def/indicator/zone-stable", "categoryKey": "stable", "categoryLabel": {"en": "Stable phenology zone", "es": "Zona de fenolog\u00eda estable", "zh": "\u7269\u5019\u7a33\u5b9a\u533a", "ro": "Zon\u0103 cu fenologie stabil\u0103"}, "pci_value": 0.10365035384893417, "policyRelevance": ["https://maytetoscano.github.io/Bioclima_OGC/def/policy/kmgbf-target-1", "https://maytetoscano.github.io/Bioclima_OGC/def/policy/kmgbf-target-8"]}}, {"type": "Feature", "id": "zone-00308", "geometry": {"type": "Polygon", "coordinates": [[[26.329168893880972, 63.32760044202277], [26.39580650996186, 63.32760044202277], [26.39580650996186, 63.394358993731586], [26.329168893880972, 63.394358993731586], [26.329168893880972, 63.32760044202277]]]}, "properties": {"category": "https://maytetoscano.github.io/Bioclima_OGC/def/indicator/zone-stable", "categoryKey": "stable", "categoryLabel": {"en": "Stable phenology zone", "es": "Zona de fenolog\u00eda estable", "zh": "\u7269\u5019\u7a33\u5b9a\u533a", "ro": "Zon\u0103 cu fenologie stabil\u0103"}, "pci_value": 0.0356471948325634, "policyRelevance": ["https://maytetoscano.github.io/Bioclima_OGC/def/policy/kmgbf-target-1", "https://maytetoscano.github.io/Bioclima_OGC/def/policy/kmgbf-target-8"]}}, {"type": "Feature", "id": "zone-00309", "geometry": {"type": "Polygon", "coordinates": [[[26.595719358204537, 63.32760044202277], [26.662356974285427, 63.32760044202277], [26.662356974285427, 63.394358993731586], [26.595719358204537, 63.394358993731586], [26.595719358204537, 63.32760044202277]]]}, "properties": {"category": "https://maytetoscano.github.io/Bioclima_OGC/def/indicator/zone-stable", "categoryKey": "stable", "categoryLabel": {"en": "Stable phenology zone", "es": "Zona de fenolog\u00eda estable", "zh": "\u7269\u5019\u7a33\u5b9a\u533a", "ro": "Zon\u0103 cu fenologie stabil\u0103"}, "pci_value": 0.0762801393866539, "policyRelevance": ["https://maytetoscano.github.io/Bioclima_OGC/def/policy/kmgbf-target-1", "https://maytetoscano.github.io/Bioclima_OGC/def/policy/kmgbf-target-8"]}}, {"type": "Feature", "id": "zone-00310", "geometry": {"type": "Polygon", "coordinates": [[[26.862269822528102, 63.32760044202277], [26.92890743860899, 63.32760044202277], [26.92890743860899, 63.394358993731586], [26.862269822528102, 63.394358993731586], [26.862269822528102, 63.32760044202277]]]}, "properties": {"category": "https://maytetoscano.github.io/Bioclima_OGC/def/indicator/zone-stable", "categoryKey": "stable", "categoryLabel": {"en": "Stable phenology zone", "es": "Zona de fenolog\u00eda estable", "zh": "\u7269\u5019\u7a33\u5b9a\u533a", "ro": "Zon\u0103 cu fenologie stabil\u0103"}, "pci_value": 0.11134400963783264, "policyRelevance": ["https://maytetoscano.github.io/Bioclima_OGC/def/policy/kmgbf-target-1", "https://maytetoscano.github.io/Bioclima_OGC/def/policy/kmgbf-target-8"]}}, {"type": "Feature", "id": "zone-00311", "geometry": {"type": "Polygon", "coordinates": [[[27.128820286851663, 63.32760044202277], [27.195457902932553, 63.32760044202277], [27.195457902932553, 63.394358993731586], [27.128820286851663, 63.394358993731586], [27.128820286851663, 63.32760044202277]]]}, "properties": {"category": "https://maytetoscano.github.io/Bioclima_OGC/def/indicator/zone-stable", "categoryKey": "stable", "categoryLabel": {"en": "Stable phenology zone", "es": "Zona de fenolog\u00eda estable", "zh": "\u7269\u5019\u7a33\u5b9a\u533a", "ro": "Zon\u0103 cu fenologie stabil\u0103"}, "pci_value": 0.13961821794509888, "policyRelevance": ["https://maytetoscano.github.io/Bioclima_OGC/def/policy/kmgbf-target-1", "https://maytetoscano.github.io/Bioclima_OGC/def/policy/kmgbf-target-8"]}}, {"type": "Feature", "id": "zone-00312", "geometry": {"type": "Polygon", "coordinates": [[[27.395370751175225, 63.32760044202277], [27.462008367256114, 63.32760044202277], [27.462008367256114, 63.394358993731586], [27.395370751175225, 63.394358993731586], [27.395370751175225, 63.32760044202277]]]}, "properties": {"category": "https://maytetoscano.github.io/Bioclima_OGC/def/indicator/zone-delay", "categoryKey": "delay", "categoryLabel": {"en": "Phenological delay zone", "es": "Zona de retraso fenol\u00f3gico", "zh": "\u7269\u5019\u5ef6\u8fdf\u533a", "ro": "Zon\u0103 cu \u00eent\u00e2rziere fenologic\u0103"}, "pci_value": 0.20689144730567932, "policyRelevance": ["https://maytetoscano.github.io/Bioclima_OGC/def/policy/kmgbf-target-1", "https://maytetoscano.github.io/Bioclima_OGC/def/policy/kmgbf-target-8"]}}, {"type": "Feature", "id": "zone-00313", "geometry": {"type": "Polygon", "coordinates": [[[27.66192121549879, 63.32760044202277], [27.72855883157968, 63.32760044202277], [27.72855883157968, 63.394358993731586], [27.66192121549879, 63.394358993731586], [27.66192121549879, 63.32760044202277]]]}, "properties": {"category": "https://maytetoscano.github.io/Bioclima_OGC/def/indicator/zone-stable", "categoryKey": "stable", "categoryLabel": {"en": "Stable phenology zone", "es": "Zona de fenolog\u00eda estable", "zh": "\u7269\u5019\u7a33\u5b9a\u533a", "ro": "Zon\u0103 cu fenologie stabil\u0103"}, "pci_value": 0.034575268626213074, "policyRelevance": ["https://maytetoscano.github.io/Bioclima_OGC/def/policy/kmgbf-target-1", "https://maytetoscano.github.io/Bioclima_OGC/def/policy/kmgbf-target-8"]}}, {"type": "Feature", "id": "zone-00314", "geometry": {"type": "Polygon", "coordinates": [[[27.928471679822355, 63.32760044202277], [27.995109295903244, 63.32760044202277], [27.995109295903244, 63.394358993731586], [27.928471679822355, 63.394358993731586], [27.928471679822355, 63.32760044202277]]]}, "properties": {"category": "https://maytetoscano.github.io/Bioclima_OGC/def/indicator/zone-stable", "categoryKey": "stable", "categoryLabel": {"en": "Stable phenology zone", "es": "Zona de fenolog\u00eda estable", "zh": "\u7269\u5019\u7a33\u5b9a\u533a", "ro": "Zon\u0103 cu fenologie stabil\u0103"}, "pci_value": 0.002033748896792531, "policyRelevance": ["https://maytetoscano.github.io/Bioclima_OGC/def/policy/kmgbf-target-1", "https://maytetoscano.github.io/Bioclima_OGC/def/policy/kmgbf-target-8"]}}, {"type": "Feature", "id": "zone-00315", "geometry": {"type": "Polygon", "coordinates": [[[28.19502214414592, 63.32760044202277], [28.26165976022681, 63.32760044202277], [28.26165976022681, 63.394358993731586], [28.19502214414592, 63.394358993731586], [28.19502214414592, 63.32760044202277]]]}, "properties": {"category": "https://maytetoscano.github.io/Bioclima_OGC/def/indicator/zone-delay", "categoryKey": "delay", "categoryLabel": {"en": "Phenological delay zone", "es": "Zona de retraso fenol\u00f3gico", "zh": "\u7269\u5019\u5ef6\u8fdf\u533a", "ro": "Zon\u0103 cu \u00eent\u00e2rziere fenologic\u0103"}, "pci_value": 0.2683645188808441, "policyRelevance": ["https://maytetoscano.github.io/Bioclima_OGC/def/policy/kmgbf-target-1", "https://maytetoscano.github.io/Bioclima_OGC/def/policy/kmgbf-target-8"]}}, {"type": "Feature", "id": "zone-00316", "geometry": {"type": "Polygon", "coordinates": [[[28.46157260846948, 63.32760044202277], [28.52821022455037, 63.32760044202277], [28.52821022455037, 63.394358993731586], [28.46157260846948, 63.394358993731586], [28.46157260846948, 63.32760044202277]]]}, "properties": {"category": "https://maytetoscano.github.io/Bioclima_OGC/def/indicator/zone-delay", "categoryKey": "delay", "categoryLabel": {"en": "Phenological delay zone", "es": "Zona de retraso fenol\u00f3gico", "zh": "\u7269\u5019\u5ef6\u8fdf\u533a", "ro": "Zon\u0103 cu \u00eent\u00e2rziere fenologic\u0103"}, "pci_value": 0.24182143807411194, "policyRelevance": ["https://maytetoscano.github.io/Bioclima_OGC/def/policy/kmgbf-target-1", "https://maytetoscano.github.io/Bioclima_OGC/def/policy/kmgbf-target-8"]}}, {"type": "Feature", "id": "zone-00317", "geometry": {"type": "Polygon", "coordinates": [[[28.728123072793043, 63.32760044202277], [28.794760688873932, 63.32760044202277], [28.794760688873932, 63.394358993731586], [28.728123072793043, 63.394358993731586], [28.728123072793043, 63.32760044202277]]]}, "properties": {"category": "https://maytetoscano.github.io/Bioclima_OGC/def/indicator/zone-stable", "categoryKey": "stable", "categoryLabel": {"en": "Stable phenology zone", "es": "Zona de fenolog\u00eda estable", "zh": "\u7269\u5019\u7a33\u5b9a\u533a", "ro": "Zon\u0103 cu fenologie stabil\u0103"}, "pci_value": 0.15717491507530212, "policyRelevance": ["https://maytetoscano.github.io/Bioclima_OGC/def/policy/kmgbf-target-1", "https://maytetoscano.github.io/Bioclima_OGC/def/policy/kmgbf-target-8"]}}, {"type": "Feature", "id": "zone-00318", "geometry": {"type": "Polygon", "coordinates": [[[28.994673537116608, 63.32760044202277], [29.061311153197497, 63.32760044202277], [29.061311153197497, 63.394358993731586], [28.994673537116608, 63.394358993731586], [28.994673537116608, 63.32760044202277]]]}, "properties": {"category": "https://maytetoscano.github.io/Bioclima_OGC/def/indicator/zone-stable", "categoryKey": "stable", "categoryLabel": {"en": "Stable phenology zone", "es": "Zona de fenolog\u00eda estable", "zh": "\u7269\u5019\u7a33\u5b9a\u533a", "ro": "Zon\u0103 cu fenologie stabil\u0103"}, "pci_value": 0.17692190408706665, "policyRelevance": ["https://maytetoscano.github.io/Bioclima_OGC/def/policy/kmgbf-target-1", "https://maytetoscano.github.io/Bioclima_OGC/def/policy/kmgbf-target-8"]}}, {"type": "Feature", "id": "zone-00319", "geometry": {"type": "Polygon", "coordinates": [[[29.261224001440173, 63.32760044202277], [29.327861617521062, 63.32760044202277], [29.327861617521062, 63.394358993731586], [29.261224001440173, 63.394358993731586], [29.261224001440173, 63.32760044202277]]]}, "properties": {"category": "https://maytetoscano.github.io/Bioclima_OGC/def/indicator/zone-delay", "categoryKey": "delay", "categoryLabel": {"en": "Phenological delay zone", "es": "Zona de retraso fenol\u00f3gico", "zh": "\u7269\u5019\u5ef6\u8fdf\u533a", "ro": "Zon\u0103 cu \u00eent\u00e2rziere fenologic\u0103"}, "pci_value": 0.24697643518447876, "policyRelevance": ["https://maytetoscano.github.io/Bioclima_OGC/def/policy/kmgbf-target-1", "https://maytetoscano.github.io/Bioclima_OGC/def/policy/kmgbf-target-8"]}}, {"type": "Feature", "id": "zone-00320", "geometry": {"type": "Polygon", "coordinates": [[[29.527774465763734, 63.32760044202277], [29.594412081844624, 63.32760044202277], [29.594412081844624, 63.394358993731586], [29.527774465763734, 63.394358993731586], [29.527774465763734, 63.32760044202277]]]}, "properties": {"category": "https://maytetoscano.github.io/Bioclima_OGC/def/indicator/zone-stable", "categoryKey": "stable", "categoryLabel": {"en": "Stable phenology zone", "es": "Zona de fenolog\u00eda estable", "zh": "\u7269\u5019\u7a33\u5b9a\u533a", "ro": "Zon\u0103 cu fenologie stabil\u0103"}, "pci_value": 0.18722493946552277, "policyRelevance": ["https://maytetoscano.github.io/Bioclima_OGC/def/policy/kmgbf-target-1", "https://maytetoscano.github.io/Bioclima_OGC/def/policy/kmgbf-target-8"]}}, {"type": "Feature", "id": "zone-00321", "geometry": {"type": "Polygon", "coordinates": [[[25.26296703658672, 63.59463464885802], [25.32960465266761, 63.59463464885802], [25.32960465266761, 63.66139320056682], [25.26296703658672, 63.66139320056682], [25.26296703658672, 63.59463464885802]]]}, "properties": {"category": "https://maytetoscano.github.io/Bioclima_OGC/def/indicator/zone-stable", "categoryKey": "stable", "categoryLabel": {"en": "Stable phenology zone", "es": "Zona de fenolog\u00eda estable", "zh": "\u7269\u5019\u7a33\u5b9a\u533a", "ro": "Zon\u0103 cu fenologie stabil\u0103"}, "pci_value": -0.17443902790546417, "policyRelevance": ["https://maytetoscano.github.io/Bioclima_OGC/def/policy/kmgbf-target-1", "https://maytetoscano.github.io/Bioclima_OGC/def/policy/kmgbf-target-8"]}}, {"type": "Feature", "id": "zone-00322", "geometry": {"type": "Polygon", "coordinates": [[[25.529517500910284, 63.59463464885802], [25.596155116991174, 63.59463464885802], [25.596155116991174, 63.66139320056682], [25.529517500910284, 63.66139320056682], [25.529517500910284, 63.59463464885802]]]}, "properties": {"category": "https://maytetoscano.github.io/Bioclima_OGC/def/indicator/zone-stable", "categoryKey": "stable", "categoryLabel": {"en": "Stable phenology zone", "es": "Zona de fenolog\u00eda estable", "zh": "\u7269\u5019\u7a33\u5b9a\u533a", "ro": "Zon\u0103 cu fenologie stabil\u0103"}, "pci_value": -0.024729249998927116, "policyRelevance": ["https://maytetoscano.github.io/Bioclima_OGC/def/policy/kmgbf-target-1", "https://maytetoscano.github.io/Bioclima_OGC/def/policy/kmgbf-target-8"]}}, {"type": "Feature", "id": "zone-00323", "geometry": {"type": "Polygon", "coordinates": [[[25.79606796523385, 63.59463464885802], [25.86270558131474, 63.59463464885802], [25.86270558131474, 63.66139320056682], [25.79606796523385, 63.66139320056682], [25.79606796523385, 63.59463464885802]]]}, "properties": {"category": "https://maytetoscano.github.io/Bioclima_OGC/def/indicator/zone-stable", "categoryKey": "stable", "categoryLabel": {"en": "Stable phenology zone", "es": "Zona de fenolog\u00eda estable", "zh": "\u7269\u5019\u7a33\u5b9a\u533a", "ro": "Zon\u0103 cu fenologie stabil\u0103"}, "pci_value": 0.02902536280453205, "policyRelevance": ["https://maytetoscano.github.io/Bioclima_OGC/def/policy/kmgbf-target-1", "https://maytetoscano.github.io/Bioclima_OGC/def/policy/kmgbf-target-8"]}}, {"type": "Feature", "id": "zone-00324", "geometry": {"type": "Polygon", "coordinates": [[[26.06261842955741, 63.59463464885802], [26.1292560456383, 63.59463464885802], [26.1292560456383, 63.66139320056682], [26.06261842955741, 63.66139320056682], [26.06261842955741, 63.59463464885802]]]}, "properties": {"category": "https://maytetoscano.github.io/Bioclima_OGC/def/indicator/zone-stable", "categoryKey": "stable", "categoryLabel": {"en": "Stable phenology zone", "es": "Zona de fenolog\u00eda estable", "zh": "\u7269\u5019\u7a33\u5b9a\u533a", "ro": "Zon\u0103 cu fenologie stabil\u0103"}, "pci_value": -0.09787111729383469, "policyRelevance": ["https://maytetoscano.github.io/Bioclima_OGC/def/policy/kmgbf-target-1", "https://maytetoscano.github.io/Bioclima_OGC/def/policy/kmgbf-target-8"]}}, {"type": "Feature", "id": "zone-00325", "geometry": {"type": "Polygon", "coordinates": [[[26.329168893880972, 63.59463464885802], [26.39580650996186, 63.59463464885802], [26.39580650996186, 63.66139320056682], [26.329168893880972, 63.66139320056682], [26.329168893880972, 63.59463464885802]]]}, "properties": {"category": "https://maytetoscano.github.io/Bioclima_OGC/def/indicator/zone-stable", "categoryKey": "stable", "categoryLabel": {"en": "Stable phenology zone", "es": "Zona de fenolog\u00eda estable", "zh": "\u7269\u5019\u7a33\u5b9a\u533a", "ro": "Zon\u0103 cu fenologie stabil\u0103"}, "pci_value": 0.04641854017972946, "policyRelevance": ["https://maytetoscano.github.io/Bioclima_OGC/def/policy/kmgbf-target-1", "https://maytetoscano.github.io/Bioclima_OGC/def/policy/kmgbf-target-8"]}}, {"type": "Feature", "id": "zone-00326", "geometry": {"type": "Polygon", "coordinates": [[[26.595719358204537, 63.59463464885802], [26.662356974285427, 63.59463464885802], [26.662356974285427, 63.66139320056682], [26.595719358204537, 63.66139320056682], [26.595719358204537, 63.59463464885802]]]}, "properties": {"category": "https://maytetoscano.github.io/Bioclima_OGC/def/indicator/zone-stable", "categoryKey": "stable", "categoryLabel": {"en": "Stable phenology zone", "es": "Zona de fenolog\u00eda estable", "zh": "\u7269\u5019\u7a33\u5b9a\u533a", "ro": "Zon\u0103 cu fenologie stabil\u0103"}, "pci_value": 0.050702862441539764, "policyRelevance": ["https://maytetoscano.github.io/Bioclima_OGC/def/policy/kmgbf-target-1", "https://maytetoscano.github.io/Bioclima_OGC/def/policy/kmgbf-target-8"]}}, {"type": "Feature", "id": "zone-00327", "geometry": {"type": "Polygon", "coordinates": [[[26.862269822528102, 63.59463464885802], [26.92890743860899, 63.59463464885802], [26.92890743860899, 63.66139320056682], [26.862269822528102, 63.66139320056682], [26.862269822528102, 63.59463464885802]]]}, "properties": {"category": "https://maytetoscano.github.io/Bioclima_OGC/def/indicator/zone-stable", "categoryKey": "stable", "categoryLabel": {"en": "Stable phenology zone", "es": "Zona de fenolog\u00eda estable", "zh": "\u7269\u5019\u7a33\u5b9a\u533a", "ro": "Zon\u0103 cu fenologie stabil\u0103"}, "pci_value": -0.011637312360107899, "policyRelevance": ["https://maytetoscano.github.io/Bioclima_OGC/def/policy/kmgbf-target-1", "https://maytetoscano.github.io/Bioclima_OGC/def/policy/kmgbf-target-8"]}}, {"type": "Feature", "id": "zone-00328", "geometry": {"type": "Polygon", "coordinates": [[[27.128820286851663, 63.59463464885802], [27.195457902932553, 63.59463464885802], [27.195457902932553, 63.66139320056682], [27.128820286851663, 63.66139320056682], [27.128820286851663, 63.59463464885802]]]}, "properties": {"category": "https://maytetoscano.github.io/Bioclima_OGC/def/indicator/zone-stable", "categoryKey": "stable", "categoryLabel": {"en": "Stable phenology zone", "es": "Zona de fenolog\u00eda estable", "zh": "\u7269\u5019\u7a33\u5b9a\u533a", "ro": "Zon\u0103 cu fenologie stabil\u0103"}, "pci_value": 0.14936725795269012, "policyRelevance": ["https://maytetoscano.github.io/Bioclima_OGC/def/policy/kmgbf-target-1", "https://maytetoscano.github.io/Bioclima_OGC/def/policy/kmgbf-target-8"]}}, {"type": "Feature", "id": "zone-00329", "geometry": {"type": "Polygon", "coordinates": [[[27.395370751175225, 63.59463464885802], [27.462008367256114, 63.59463464885802], [27.462008367256114, 63.66139320056682], [27.395370751175225, 63.66139320056682], [27.395370751175225, 63.59463464885802]]]}, "properties": {"category": "https://maytetoscano.github.io/Bioclima_OGC/def/indicator/zone-stable", "categoryKey": "stable", "categoryLabel": {"en": "Stable phenology zone", "es": "Zona de fenolog\u00eda estable", "zh": "\u7269\u5019\u7a33\u5b9a\u533a", "ro": "Zon\u0103 cu fenologie stabil\u0103"}, "pci_value": 0.1362828016281128, "policyRelevance": ["https://maytetoscano.github.io/Bioclima_OGC/def/policy/kmgbf-target-1", "https://maytetoscano.github.io/Bioclima_OGC/def/policy/kmgbf-target-8"]}}, {"type": "Feature", "id": "zone-00330", "geometry": {"type": "Polygon", "coordinates": [[[27.66192121549879, 63.59463464885802], [27.72855883157968, 63.59463464885802], [27.72855883157968, 63.66139320056682], [27.66192121549879, 63.66139320056682], [27.66192121549879, 63.59463464885802]]]}, "properties": {"category": "https://maytetoscano.github.io/Bioclima_OGC/def/indicator/zone-stable", "categoryKey": "stable", "categoryLabel": {"en": "Stable phenology zone", "es": "Zona de fenolog\u00eda estable", "zh": "\u7269\u5019\u7a33\u5b9a\u533a", "ro": "Zon\u0103 cu fenologie stabil\u0103"}, "pci_value": -0.03219008818268776, "policyRelevance": ["https://maytetoscano.github.io/Bioclima_OGC/def/policy/kmgbf-target-1", "https://maytetoscano.github.io/Bioclima_OGC/def/policy/kmgbf-target-8"]}}, {"type": "Feature", "id": "zone-00331", "geometry": {"type": "Polygon", "coordinates": [[[27.928471679822355, 63.59463464885802], [27.995109295903244, 63.59463464885802], [27.995109295903244, 63.66139320056682], [27.928471679822355, 63.66139320056682], [27.928471679822355, 63.59463464885802]]]}, "properties": {"category": "https://maytetoscano.github.io/Bioclima_OGC/def/indicator/zone-delay", "categoryKey": "delay", "categoryLabel": {"en": "Phenological delay zone", "es": "Zona de retraso fenol\u00f3gico", "zh": "\u7269\u5019\u5ef6\u8fdf\u533a", "ro": "Zon\u0103 cu \u00eent\u00e2rziere fenologic\u0103"}, "pci_value": 0.2066139429807663, "policyRelevance": ["https://maytetoscano.github.io/Bioclima_OGC/def/policy/kmgbf-target-1", "https://maytetoscano.github.io/Bioclima_OGC/def/policy/kmgbf-target-8"]}}, {"type": "Feature", "id": "zone-00332", "geometry": {"type": "Polygon", "coordinates": [[[28.19502214414592, 63.59463464885802], [28.26165976022681, 63.59463464885802], [28.26165976022681, 63.66139320056682], [28.19502214414592, 63.66139320056682], [28.19502214414592, 63.59463464885802]]]}, "properties": {"category": "https://maytetoscano.github.io/Bioclima_OGC/def/indicator/zone-delay", "categoryKey": "delay", "categoryLabel": {"en": "Phenological delay zone", "es": "Zona de retraso fenol\u00f3gico", "zh": "\u7269\u5019\u5ef6\u8fdf\u533a", "ro": "Zon\u0103 cu \u00eent\u00e2rziere fenologic\u0103"}, "pci_value": 0.29998481273651123, "policyRelevance": ["https://maytetoscano.github.io/Bioclima_OGC/def/policy/kmgbf-target-1", "https://maytetoscano.github.io/Bioclima_OGC/def/policy/kmgbf-target-8"]}}, {"type": "Feature", "id": "zone-00333", "geometry": {"type": "Polygon", "coordinates": [[[28.46157260846948, 63.59463464885802], [28.52821022455037, 63.59463464885802], [28.52821022455037, 63.66139320056682], [28.46157260846948, 63.66139320056682], [28.46157260846948, 63.59463464885802]]]}, "properties": {"category": "https://maytetoscano.github.io/Bioclima_OGC/def/indicator/zone-delay", "categoryKey": "delay", "categoryLabel": {"en": "Phenological delay zone", "es": "Zona de retraso fenol\u00f3gico", "zh": "\u7269\u5019\u5ef6\u8fdf\u533a", "ro": "Zon\u0103 cu \u00eent\u00e2rziere fenologic\u0103"}, "pci_value": 0.3677298426628113, "policyRelevance": ["https://maytetoscano.github.io/Bioclima_OGC/def/policy/kmgbf-target-1", "https://maytetoscano.github.io/Bioclima_OGC/def/policy/kmgbf-target-8"]}}, {"type": "Feature", "id": "zone-00334", "geometry": {"type": "Polygon", "coordinates": [[[28.728123072793043, 63.59463464885802], [28.794760688873932, 63.59463464885802], [28.794760688873932, 63.66139320056682], [28.728123072793043, 63.66139320056682], [28.728123072793043, 63.59463464885802]]]}, "properties": {"category": "https://maytetoscano.github.io/Bioclima_OGC/def/indicator/zone-delay", "categoryKey": "delay", "categoryLabel": {"en": "Phenological delay zone", "es": "Zona de retraso fenol\u00f3gico", "zh": "\u7269\u5019\u5ef6\u8fdf\u533a", "ro": "Zon\u0103 cu \u00eent\u00e2rziere fenologic\u0103"}, "pci_value": 0.2604048550128937, "policyRelevance": ["https://maytetoscano.github.io/Bioclima_OGC/def/policy/kmgbf-target-1", "https://maytetoscano.github.io/Bioclima_OGC/def/policy/kmgbf-target-8"]}}, {"type": "Feature", "id": "zone-00335", "geometry": {"type": "Polygon", "coordinates": [[[28.994673537116608, 63.59463464885802], [29.061311153197497, 63.59463464885802], [29.061311153197497, 63.66139320056682], [28.994673537116608, 63.66139320056682], [28.994673537116608, 63.59463464885802]]]}, "properties": {"category": "https://maytetoscano.github.io/Bioclima_OGC/def/indicator/zone-delay", "categoryKey": "delay", "categoryLabel": {"en": "Phenological delay zone", "es": "Zona de retraso fenol\u00f3gico", "zh": "\u7269\u5019\u5ef6\u8fdf\u533a", "ro": "Zon\u0103 cu \u00eent\u00e2rziere fenologic\u0103"}, "pci_value": 0.38487523794174194, "policyRelevance": ["https://maytetoscano.github.io/Bioclima_OGC/def/policy/kmgbf-target-1", "https://maytetoscano.github.io/Bioclima_OGC/def/policy/kmgbf-target-8"]}}, {"type": "Feature", "id": "zone-00336", "geometry": {"type": "Polygon", "coordinates": [[[29.261224001440173, 63.59463464885802], [29.327861617521062, 63.59463464885802], [29.327861617521062, 63.66139320056682], [29.261224001440173, 63.66139320056682], [29.261224001440173, 63.59463464885802]]]}, "properties": {"category": "https://maytetoscano.github.io/Bioclima_OGC/def/indicator/zone-delay", "categoryKey": "delay", "categoryLabel": {"en": "Phenological delay zone", "es": "Zona de retraso fenol\u00f3gico", "zh": "\u7269\u5019\u5ef6\u8fdf\u533a", "ro": "Zon\u0103 cu \u00eent\u00e2rziere fenologic\u0103"}, "pci_value": 0.27137938141822815, "policyRelevance": ["https://maytetoscano.github.io/Bioclima_OGC/def/policy/kmgbf-target-1", "https://maytetoscano.github.io/Bioclima_OGC/def/policy/kmgbf-target-8"]}}, {"type": "Feature", "id": "zone-00337", "geometry": {"type": "Polygon", "coordinates": [[[29.527774465763734, 63.59463464885802], [29.594412081844624, 63.59463464885802], [29.594412081844624, 63.66139320056682], [29.527774465763734, 63.66139320056682], [29.527774465763734, 63.59463464885802]]]}, "properties": {"category": "https://maytetoscano.github.io/Bioclima_OGC/def/indicator/zone-stable", "categoryKey": "stable", "categoryLabel": {"en": "Stable phenology zone", "es": "Zona de fenolog\u00eda estable", "zh": "\u7269\u5019\u7a33\u5b9a\u533a", "ro": "Zon\u0103 cu fenologie stabil\u0103"}, "pci_value": 0.1992238312959671, "policyRelevance": ["https://maytetoscano.github.io/Bioclima_OGC/def/policy/kmgbf-target-1", "https://maytetoscano.github.io/Bioclima_OGC/def/policy/kmgbf-target-8"]}}, {"type": "Feature", "id": "zone-00338", "geometry": {"type": "Polygon", "coordinates": [[[24.729866107939593, 63.86166885569325], [24.796503724020482, 63.86166885569325], [24.796503724020482, 63.92842740740207], [24.729866107939593, 63.92842740740207], [24.729866107939593, 63.86166885569325]]]}, "properties": {"category": "https://maytetoscano.github.io/Bioclima_OGC/def/indicator/zone-stable", "categoryKey": "stable", "categoryLabel": {"en": "Stable phenology zone", "es": "Zona de fenolog\u00eda estable", "zh": "\u7269\u5019\u7a33\u5b9a\u533a", "ro": "Zon\u0103 cu fenologie stabil\u0103"}, "pci_value": -0.14563848078250885, "policyRelevance": ["https://maytetoscano.github.io/Bioclima_OGC/def/policy/kmgbf-target-1", "https://maytetoscano.github.io/Bioclima_OGC/def/policy/kmgbf-target-8"]}}, {"type": "Feature", "id": "zone-00339", "geometry": {"type": "Polygon", "coordinates": [[[24.996416572263154, 63.86166885569325], [25.063054188344044, 63.86166885569325], [25.063054188344044, 63.92842740740207], [24.996416572263154, 63.92842740740207], [24.996416572263154, 63.86166885569325]]]}, "properties": {"category": "https://maytetoscano.github.io/Bioclima_OGC/def/indicator/zone-mild-advance", "categoryKey": "mild_advance", "categoryLabel": {"en": "Mild phenological advance", "es": "Adelanto fenol\u00f3gico leve", "zh": "\u7269\u5019\u8f7b\u5fae\u63d0\u524d", "ro": "Avans fenologic u\u0219or"}, "pci_value": -0.2163483202457428, "policyRelevance": ["https://maytetoscano.github.io/Bioclima_OGC/def/policy/kmgbf-target-1", "https://maytetoscano.github.io/Bioclima_OGC/def/policy/kmgbf-target-8"]}}, {"type": "Feature", "id": "zone-00340", "geometry": {"type": "Polygon", "coordinates": [[[25.529517500910284, 63.86166885569325], [25.596155116991174, 63.86166885569325], [25.596155116991174, 63.92842740740207], [25.529517500910284, 63.92842740740207], [25.529517500910284, 63.86166885569325]]]}, "properties": {"category": "https://maytetoscano.github.io/Bioclima_OGC/def/indicator/zone-stable", "categoryKey": "stable", "categoryLabel": {"en": "Stable phenology zone", "es": "Zona de fenolog\u00eda estable", "zh": "\u7269\u5019\u7a33\u5b9a\u533a", "ro": "Zon\u0103 cu fenologie stabil\u0103"}, "pci_value": -0.11005617678165436, "policyRelevance": ["https://maytetoscano.github.io/Bioclima_OGC/def/policy/kmgbf-target-1", "https://maytetoscano.github.io/Bioclima_OGC/def/policy/kmgbf-target-8"]}}, {"type": "Feature", "id": "zone-00341", "geometry": {"type": "Polygon", "coordinates": [[[25.79606796523385, 63.86166885569325], [25.86270558131474, 63.86166885569325], [25.86270558131474, 63.92842740740207], [25.79606796523385, 63.92842740740207], [25.79606796523385, 63.86166885569325]]]}, "properties": {"category": "https://maytetoscano.github.io/Bioclima_OGC/def/indicator/zone-stable", "categoryKey": "stable", "categoryLabel": {"en": "Stable phenology zone", "es": "Zona de fenolog\u00eda estable", "zh": "\u7269\u5019\u7a33\u5b9a\u533a", "ro": "Zon\u0103 cu fenologie stabil\u0103"}, "pci_value": 0.08994381874799728, "policyRelevance": ["https://maytetoscano.github.io/Bioclima_OGC/def/policy/kmgbf-target-1", "https://maytetoscano.github.io/Bioclima_OGC/def/policy/kmgbf-target-8"]}}, {"type": "Feature", "id": "zone-00342", "geometry": {"type": "Polygon", "coordinates": [[[26.06261842955741, 63.86166885569325], [26.1292560456383, 63.86166885569325], [26.1292560456383, 63.92842740740207], [26.06261842955741, 63.92842740740207], [26.06261842955741, 63.86166885569325]]]}, "properties": {"category": "https://maytetoscano.github.io/Bioclima_OGC/def/indicator/zone-stable", "categoryKey": "stable", "categoryLabel": {"en": "Stable phenology zone", "es": "Zona de fenolog\u00eda estable", "zh": "\u7269\u5019\u7a33\u5b9a\u533a", "ro": "Zon\u0103 cu fenologie stabil\u0103"}, "pci_value": 0.030986016616225243, "policyRelevance": ["https://maytetoscano.github.io/Bioclima_OGC/def/policy/kmgbf-target-1", "https://maytetoscano.github.io/Bioclima_OGC/def/policy/kmgbf-target-8"]}}, {"type": "Feature", "id": "zone-00343", "geometry": {"type": "Polygon", "coordinates": [[[26.329168893880972, 63.86166885569325], [26.39580650996186, 63.86166885569325], [26.39580650996186, 63.92842740740207], [26.329168893880972, 63.92842740740207], [26.329168893880972, 63.86166885569325]]]}, "properties": {"category": "https://maytetoscano.github.io/Bioclima_OGC/def/indicator/zone-stable", "categoryKey": "stable", "categoryLabel": {"en": "Stable phenology zone", "es": "Zona de fenolog\u00eda estable", "zh": "\u7269\u5019\u7a33\u5b9a\u533a", "ro": "Zon\u0103 cu fenologie stabil\u0103"}, "pci_value": 0.10058394074440002, "policyRelevance": ["https://maytetoscano.github.io/Bioclima_OGC/def/policy/kmgbf-target-1", "https://maytetoscano.github.io/Bioclima_OGC/def/policy/kmgbf-target-8"]}}, {"type": "Feature", "id": "zone-00344", "geometry": {"type": "Polygon", "coordinates": [[[26.595719358204537, 63.86166885569325], [26.662356974285427, 63.86166885569325], [26.662356974285427, 63.92842740740207], [26.595719358204537, 63.92842740740207], [26.595719358204537, 63.86166885569325]]]}, "properties": {"category": "https://maytetoscano.github.io/Bioclima_OGC/def/indicator/zone-stable", "categoryKey": "stable", "categoryLabel": {"en": "Stable phenology zone", "es": "Zona de fenolog\u00eda estable", "zh": "\u7269\u5019\u7a33\u5b9a\u533a", "ro": "Zon\u0103 cu fenologie stabil\u0103"}, "pci_value": 0.058913104236125946, "policyRelevance": ["https://maytetoscano.github.io/Bioclima_OGC/def/policy/kmgbf-target-1", "https://maytetoscano.github.io/Bioclima_OGC/def/policy/kmgbf-target-8"]}}, {"type": "Feature", "id": "zone-00345", "geometry": {"type": "Polygon", "coordinates": [[[26.862269822528102, 63.86166885569325], [26.92890743860899, 63.86166885569325], [26.92890743860899, 63.92842740740207], [26.862269822528102, 63.92842740740207], [26.862269822528102, 63.86166885569325]]]}, "properties": {"category": "https://maytetoscano.github.io/Bioclima_OGC/def/indicator/zone-stable", "categoryKey": "stable", "categoryLabel": {"en": "Stable phenology zone", "es": "Zona de fenolog\u00eda estable", "zh": "\u7269\u5019\u7a33\u5b9a\u533a", "ro": "Zon\u0103 cu fenologie stabil\u0103"}, "pci_value": 0.006366050336509943, "policyRelevance": ["https://maytetoscano.github.io/Bioclima_OGC/def/policy/kmgbf-target-1", "https://maytetoscano.github.io/Bioclima_OGC/def/policy/kmgbf-target-8"]}}, {"type": "Feature", "id": "zone-00346", "geometry": {"type": "Polygon", "coordinates": [[[27.128820286851663, 63.86166885569325], [27.195457902932553, 63.86166885569325], [27.195457902932553, 63.92842740740207], [27.128820286851663, 63.92842740740207], [27.128820286851663, 63.86166885569325]]]}, "properties": {"category": "https://maytetoscano.github.io/Bioclima_OGC/def/indicator/zone-stable", "categoryKey": "stable", "categoryLabel": {"en": "Stable phenology zone", "es": "Zona de fenolog\u00eda estable", "zh": "\u7269\u5019\u7a33\u5b9a\u533a", "ro": "Zon\u0103 cu fenologie stabil\u0103"}, "pci_value": 0.14650557935237885, "policyRelevance": ["https://maytetoscano.github.io/Bioclima_OGC/def/policy/kmgbf-target-1", "https://maytetoscano.github.io/Bioclima_OGC/def/policy/kmgbf-target-8"]}}, {"type": "Feature", "id": "zone-00347", "geometry": {"type": "Polygon", "coordinates": [[[27.395370751175225, 63.86166885569325], [27.462008367256114, 63.86166885569325], [27.462008367256114, 63.92842740740207], [27.395370751175225, 63.92842740740207], [27.395370751175225, 63.86166885569325]]]}, "properties": {"category": "https://maytetoscano.github.io/Bioclima_OGC/def/indicator/zone-stable", "categoryKey": "stable", "categoryLabel": {"en": "Stable phenology zone", "es": "Zona de fenolog\u00eda estable", "zh": "\u7269\u5019\u7a33\u5b9a\u533a", "ro": "Zon\u0103 cu fenologie stabil\u0103"}, "pci_value": 0.0995728075504303, "policyRelevance": ["https://maytetoscano.github.io/Bioclima_OGC/def/policy/kmgbf-target-1", "https://maytetoscano.github.io/Bioclima_OGC/def/policy/kmgbf-target-8"]}}, {"type": "Feature", "id": "zone-00348", "geometry": {"type": "Polygon", "coordinates": [[[27.66192121549879, 63.86166885569325], [27.72855883157968, 63.86166885569325], [27.72855883157968, 63.92842740740207], [27.66192121549879, 63.92842740740207], [27.66192121549879, 63.86166885569325]]]}, "properties": {"category": "https://maytetoscano.github.io/Bioclima_OGC/def/indicator/zone-stable", "categoryKey": "stable", "categoryLabel": {"en": "Stable phenology zone", "es": "Zona de fenolog\u00eda estable", "zh": "\u7269\u5019\u7a33\u5b9a\u533a", "ro": "Zon\u0103 cu fenologie stabil\u0103"}, "pci_value": 0.14679232239723206, "policyRelevance": ["https://maytetoscano.github.io/Bioclima_OGC/def/policy/kmgbf-target-1", "https://maytetoscano.github.io/Bioclima_OGC/def/policy/kmgbf-target-8"]}}, {"type": "Feature", "id": "zone-00349", "geometry": {"type": "Polygon", "coordinates": [[[27.928471679822355, 63.86166885569325], [27.995109295903244, 63.86166885569325], [27.995109295903244, 63.92842740740207], [27.928471679822355, 63.92842740740207], [27.928471679822355, 63.86166885569325]]]}, "properties": {"category": "https://maytetoscano.github.io/Bioclima_OGC/def/indicator/zone-delay", "categoryKey": "delay", "categoryLabel": {"en": "Phenological delay zone", "es": "Zona de retraso fenol\u00f3gico", "zh": "\u7269\u5019\u5ef6\u8fdf\u533a", "ro": "Zon\u0103 cu \u00eent\u00e2rziere fenologic\u0103"}, "pci_value": 0.21632708609104156, "policyRelevance": ["https://maytetoscano.github.io/Bioclima_OGC/def/policy/kmgbf-target-1", "https://maytetoscano.github.io/Bioclima_OGC/def/policy/kmgbf-target-8"]}}, {"type": "Feature", "id": "zone-00350", "geometry": {"type": "Polygon", "coordinates": [[[28.19502214414592, 63.86166885569325], [28.26165976022681, 63.86166885569325], [28.26165976022681, 63.92842740740207], [28.19502214414592, 63.92842740740207], [28.19502214414592, 63.86166885569325]]]}, "properties": {"category": "https://maytetoscano.github.io/Bioclima_OGC/def/indicator/zone-stable", "categoryKey": "stable", "categoryLabel": {"en": "Stable phenology zone", "es": "Zona de fenolog\u00eda estable", "zh": "\u7269\u5019\u7a33\u5b9a\u533a", "ro": "Zon\u0103 cu fenologie stabil\u0103"}, "pci_value": 0.07024829834699631, "policyRelevance": ["https://maytetoscano.github.io/Bioclima_OGC/def/policy/kmgbf-target-1", "https://maytetoscano.github.io/Bioclima_OGC/def/policy/kmgbf-target-8"]}}, {"type": "Feature", "id": "zone-00351", "geometry": {"type": "Polygon", "coordinates": [[[28.46157260846948, 63.86166885569325], [28.52821022455037, 63.86166885569325], [28.52821022455037, 63.92842740740207], [28.46157260846948, 63.92842740740207], [28.46157260846948, 63.86166885569325]]]}, "properties": {"category": "https://maytetoscano.github.io/Bioclima_OGC/def/indicator/zone-delay", "categoryKey": "delay", "categoryLabel": {"en": "Phenological delay zone", "es": "Zona de retraso fenol\u00f3gico", "zh": "\u7269\u5019\u5ef6\u8fdf\u533a", "ro": "Zon\u0103 cu \u00eent\u00e2rziere fenologic\u0103"}, "pci_value": 0.21389280259609222, "policyRelevance": ["https://maytetoscano.github.io/Bioclima_OGC/def/policy/kmgbf-target-1", "https://maytetoscano.github.io/Bioclima_OGC/def/policy/kmgbf-target-8"]}}, {"type": "Feature", "id": "zone-00352", "geometry": {"type": "Polygon", "coordinates": [[[28.728123072793043, 63.86166885569325], [28.794760688873932, 63.86166885569325], [28.794760688873932, 63.92842740740207], [28.728123072793043, 63.92842740740207], [28.728123072793043, 63.86166885569325]]]}, "properties": {"category": "https://maytetoscano.github.io/Bioclima_OGC/def/indicator/zone-delay", "categoryKey": "delay", "categoryLabel": {"en": "Phenological delay zone", "es": "Zona de retraso fenol\u00f3gico", "zh": "\u7269\u5019\u5ef6\u8fdf\u533a", "ro": "Zon\u0103 cu \u00eent\u00e2rziere fenologic\u0103"}, "pci_value": 0.29515960812568665, "policyRelevance": ["https://maytetoscano.github.io/Bioclima_OGC/def/policy/kmgbf-target-1", "https://maytetoscano.github.io/Bioclima_OGC/def/policy/kmgbf-target-8"]}}, {"type": "Feature", "id": "zone-00353", "geometry": {"type": "Polygon", "coordinates": [[[28.994673537116608, 63.86166885569325], [29.061311153197497, 63.86166885569325], [29.061311153197497, 63.92842740740207], [28.994673537116608, 63.92842740740207], [28.994673537116608, 63.86166885569325]]]}, "properties": {"category": "https://maytetoscano.github.io/Bioclima_OGC/def/indicator/zone-delay", "categoryKey": "delay", "categoryLabel": {"en": "Phenological delay zone", "es": "Zona de retraso fenol\u00f3gico", "zh": "\u7269\u5019\u5ef6\u8fdf\u533a", "ro": "Zon\u0103 cu \u00eent\u00e2rziere fenologic\u0103"}, "pci_value": 0.2279980331659317, "policyRelevance": ["https://maytetoscano.github.io/Bioclima_OGC/def/policy/kmgbf-target-1", "https://maytetoscano.github.io/Bioclima_OGC/def/policy/kmgbf-target-8"]}}, {"type": "Feature", "id": "zone-00354", "geometry": {"type": "Polygon", "coordinates": [[[29.261224001440173, 63.86166885569325], [29.327861617521062, 63.86166885569325], [29.327861617521062, 63.92842740740207], [29.261224001440173, 63.92842740740207], [29.261224001440173, 63.86166885569325]]]}, "properties": {"category": "https://maytetoscano.github.io/Bioclima_OGC/def/indicator/zone-delay", "categoryKey": "delay", "categoryLabel": {"en": "Phenological delay zone", "es": "Zona de retraso fenol\u00f3gico", "zh": "\u7269\u5019\u5ef6\u8fdf\u533a", "ro": "Zon\u0103 cu \u00eent\u00e2rziere fenologic\u0103"}, "pci_value": 0.23552489280700684, "policyRelevance": ["https://maytetoscano.github.io/Bioclima_OGC/def/policy/kmgbf-target-1", "https://maytetoscano.github.io/Bioclima_OGC/def/policy/kmgbf-target-8"]}}, {"type": "Feature", "id": "zone-00355", "geometry": {"type": "Polygon", "coordinates": [[[29.527774465763734, 63.86166885569325], [29.594412081844624, 63.86166885569325], [29.594412081844624, 63.92842740740207], [29.527774465763734, 63.92842740740207], [29.527774465763734, 63.86166885569325]]]}, "properties": {"category": "https://maytetoscano.github.io/Bioclima_OGC/def/indicator/zone-delay", "categoryKey": "delay", "categoryLabel": {"en": "Phenological delay zone", "es": "Zona de retraso fenol\u00f3gico", "zh": "\u7269\u5019\u5ef6\u8fdf\u533a", "ro": "Zon\u0103 cu \u00eent\u00e2rziere fenologic\u0103"}, "pci_value": 0.2687533497810364, "policyRelevance": ["https://maytetoscano.github.io/Bioclima_OGC/def/policy/kmgbf-target-1", "https://maytetoscano.github.io/Bioclima_OGC/def/policy/kmgbf-target-8"]}}, {"type": "Feature", "id": "zone-00356", "geometry": {"type": "Polygon", "coordinates": [[[24.729866107939593, 64.1287030625285], [24.796503724020482, 64.1287030625285], [24.796503724020482, 64.1954616142373], [24.729866107939593, 64.1954616142373], [24.729866107939593, 64.1287030625285]]]}, "properties": {"category": "https://maytetoscano.github.io/Bioclima_OGC/def/indicator/zone-stable", "categoryKey": "stable", "categoryLabel": {"en": "Stable phenology zone", "es": "Zona de fenolog\u00eda estable", "zh": "\u7269\u5019\u7a33\u5b9a\u533a", "ro": "Zon\u0103 cu fenologie stabil\u0103"}, "pci_value": -0.012275281362235546, "policyRelevance": ["https://maytetoscano.github.io/Bioclima_OGC/def/policy/kmgbf-target-1", "https://maytetoscano.github.io/Bioclima_OGC/def/policy/kmgbf-target-8"]}}, {"type": "Feature", "id": "zone-00357", "geometry": {"type": "Polygon", "coordinates": [[[24.996416572263154, 64.1287030625285], [25.063054188344044, 64.1287030625285], [25.063054188344044, 64.1954616142373], [24.996416572263154, 64.1954616142373], [24.996416572263154, 64.1287030625285]]]}, "properties": {"category": "https://maytetoscano.github.io/Bioclima_OGC/def/indicator/zone-stable", "categoryKey": "stable", "categoryLabel": {"en": "Stable phenology zone", "es": "Zona de fenolog\u00eda estable", "zh": "\u7269\u5019\u7a33\u5b9a\u533a", "ro": "Zon\u0103 cu fenologie stabil\u0103"}, "pci_value": 0.09660112112760544, "policyRelevance": ["https://maytetoscano.github.io/Bioclima_OGC/def/policy/kmgbf-target-1", "https://maytetoscano.github.io/Bioclima_OGC/def/policy/kmgbf-target-8"]}}, {"type": "Feature", "id": "zone-00358", "geometry": {"type": "Polygon", "coordinates": [[[25.26296703658672, 64.1287030625285], [25.32960465266761, 64.1287030625285], [25.32960465266761, 64.1954616142373], [25.26296703658672, 64.1954616142373], [25.26296703658672, 64.1287030625285]]]}, "properties": {"category": "https://maytetoscano.github.io/Bioclima_OGC/def/indicator/zone-stable", "categoryKey": "stable", "categoryLabel": {"en": "Stable phenology zone", "es": "Zona de fenolog\u00eda estable", "zh": "\u7269\u5019\u7a33\u5b9a\u533a", "ro": "Zon\u0103 cu fenologie stabil\u0103"}, "pci_value": 0.18921348452568054, "policyRelevance": ["https://maytetoscano.github.io/Bioclima_OGC/def/policy/kmgbf-target-1", "https://maytetoscano.github.io/Bioclima_OGC/def/policy/kmgbf-target-8"]}}, {"type": "Feature", "id": "zone-00359", "geometry": {"type": "Polygon", "coordinates": [[[25.529517500910284, 64.1287030625285], [25.596155116991174, 64.1287030625285], [25.596155116991174, 64.1954616142373], [25.529517500910284, 64.1954616142373], [25.529517500910284, 64.1287030625285]]]}, "properties": {"category": "https://maytetoscano.github.io/Bioclima_OGC/def/indicator/zone-stable", "categoryKey": "stable", "categoryLabel": {"en": "Stable phenology zone", "es": "Zona de fenolog\u00eda estable", "zh": "\u7269\u5019\u7a33\u5b9a\u533a", "ro": "Zon\u0103 cu fenologie stabil\u0103"}, "pci_value": -0.16514597833156586, "policyRelevance": ["https://maytetoscano.github.io/Bioclima_OGC/def/policy/kmgbf-target-1", "https://maytetoscano.github.io/Bioclima_OGC/def/policy/kmgbf-target-8"]}}, {"type": "Feature", "id": "zone-00360", "geometry": {"type": "Polygon", "coordinates": [[[25.79606796523385, 64.1287030625285], [25.86270558131474, 64.1287030625285], [25.86270558131474, 64.1954616142373], [25.79606796523385, 64.1954616142373], [25.79606796523385, 64.1287030625285]]]}, "properties": {"category": "https://maytetoscano.github.io/Bioclima_OGC/def/indicator/zone-stable", "categoryKey": "stable", "categoryLabel": {"en": "Stable phenology zone", "es": "Zona de fenolog\u00eda estable", "zh": "\u7269\u5019\u7a33\u5b9a\u533a", "ro": "Zon\u0103 cu fenologie stabil\u0103"}, "pci_value": -0.08651398122310638, "policyRelevance": ["https://maytetoscano.github.io/Bioclima_OGC/def/policy/kmgbf-target-1", "https://maytetoscano.github.io/Bioclima_OGC/def/policy/kmgbf-target-8"]}}, {"type": "Feature", "id": "zone-00361", "geometry": {"type": "Polygon", "coordinates": [[[26.06261842955741, 64.1287030625285], [26.1292560456383, 64.1287030625285], [26.1292560456383, 64.1954616142373], [26.06261842955741, 64.1954616142373], [26.06261842955741, 64.1287030625285]]]}, "properties": {"category": "https://maytetoscano.github.io/Bioclima_OGC/def/indicator/zone-stable", "categoryKey": "stable", "categoryLabel": {"en": "Stable phenology zone", "es": "Zona de fenolog\u00eda estable", "zh": "\u7269\u5019\u7a33\u5b9a\u533a", "ro": "Zon\u0103 cu fenologie stabil\u0103"}, "pci_value": 0.16651685535907745, "policyRelevance": ["https://maytetoscano.github.io/Bioclima_OGC/def/policy/kmgbf-target-1", "https://maytetoscano.github.io/Bioclima_OGC/def/policy/kmgbf-target-8"]}}, {"type": "Feature", "id": "zone-00362", "geometry": {"type": "Polygon", "coordinates": [[[26.329168893880972, 64.1287030625285], [26.39580650996186, 64.1287030625285], [26.39580650996186, 64.1954616142373], [26.329168893880972, 64.1954616142373], [26.329168893880972, 64.1287030625285]]]}, "properties": {"category": "https://maytetoscano.github.io/Bioclima_OGC/def/indicator/zone-stable", "categoryKey": "stable", "categoryLabel": {"en": "Stable phenology zone", "es": "Zona de fenolog\u00eda estable", "zh": "\u7269\u5019\u7a33\u5b9a\u533a", "ro": "Zon\u0103 cu fenologie stabil\u0103"}, "pci_value": 0.006841322872787714, "policyRelevance": ["https://maytetoscano.github.io/Bioclima_OGC/def/policy/kmgbf-target-1", "https://maytetoscano.github.io/Bioclima_OGC/def/policy/kmgbf-target-8"]}}, {"type": "Feature", "id": "zone-00363", "geometry": {"type": "Polygon", "coordinates": [[[26.595719358204537, 64.1287030625285], [26.662356974285427, 64.1287030625285], [26.662356974285427, 64.1954616142373], [26.595719358204537, 64.1954616142373], [26.595719358204537, 64.1287030625285]]]}, "properties": {"category": "https://maytetoscano.github.io/Bioclima_OGC/def/indicator/zone-stable", "categoryKey": "stable", "categoryLabel": {"en": "Stable phenology zone", "es": "Zona de fenolog\u00eda estable", "zh": "\u7269\u5019\u7a33\u5b9a\u533a", "ro": "Zon\u0103 cu fenologie stabil\u0103"}, "pci_value": 0.1005147397518158, "policyRelevance": ["https://maytetoscano.github.io/Bioclima_OGC/def/policy/kmgbf-target-1", "https://maytetoscano.github.io/Bioclima_OGC/def/policy/kmgbf-target-8"]}}, {"type": "Feature", "id": "zone-00364", "geometry": {"type": "Polygon", "coordinates": [[[26.862269822528102, 64.1287030625285], [26.92890743860899, 64.1287030625285], [26.92890743860899, 64.1954616142373], [26.862269822528102, 64.1954616142373], [26.862269822528102, 64.1287030625285]]]}, "properties": {"category": "https://maytetoscano.github.io/Bioclima_OGC/def/indicator/zone-stable", "categoryKey": "stable", "categoryLabel": {"en": "Stable phenology zone", "es": "Zona de fenolog\u00eda estable", "zh": "\u7269\u5019\u7a33\u5b9a\u533a", "ro": "Zon\u0103 cu fenologie stabil\u0103"}, "pci_value": 0.08001640439033508, "policyRelevance": ["https://maytetoscano.github.io/Bioclima_OGC/def/policy/kmgbf-target-1", "https://maytetoscano.github.io/Bioclima_OGC/def/policy/kmgbf-target-8"]}}, {"type": "Feature", "id": "zone-00365", "geometry": {"type": "Polygon", "coordinates": [[[27.128820286851663, 64.1287030625285], [27.195457902932553, 64.1287030625285], [27.195457902932553, 64.1954616142373], [27.128820286851663, 64.1954616142373], [27.128820286851663, 64.1287030625285]]]}, "properties": {"category": "https://maytetoscano.github.io/Bioclima_OGC/def/indicator/zone-stable", "categoryKey": "stable", "categoryLabel": {"en": "Stable phenology zone", "es": "Zona de fenolog\u00eda estable", "zh": "\u7269\u5019\u7a33\u5b9a\u533a", "ro": "Zon\u0103 cu fenologie stabil\u0103"}, "pci_value": 0.1565418690443039, "policyRelevance": ["https://maytetoscano.github.io/Bioclima_OGC/def/policy/kmgbf-target-1", "https://maytetoscano.github.io/Bioclima_OGC/def/policy/kmgbf-target-8"]}}, {"type": "Feature", "id": "zone-00366", "geometry": {"type": "Polygon", "coordinates": [[[27.395370751175225, 64.1287030625285], [27.462008367256114, 64.1287030625285], [27.462008367256114, 64.1954616142373], [27.395370751175225, 64.1954616142373], [27.395370751175225, 64.1287030625285]]]}, "properties": {"category": "https://maytetoscano.github.io/Bioclima_OGC/def/indicator/zone-stable", "categoryKey": "stable", "categoryLabel": {"en": "Stable phenology zone", "es": "Zona de fenolog\u00eda estable", "zh": "\u7269\u5019\u7a33\u5b9a\u533a", "ro": "Zon\u0103 cu fenologie stabil\u0103"}, "pci_value": -0.032351452857255936, "policyRelevance": ["https://maytetoscano.github.io/Bioclima_OGC/def/policy/kmgbf-target-1", "https://maytetoscano.github.io/Bioclima_OGC/def/policy/kmgbf-target-8"]}}, {"type": "Feature", "id": "zone-00367", "geometry": {"type": "Polygon", "coordinates": [[[27.66192121549879, 64.1287030625285], [27.72855883157968, 64.1287030625285], [27.72855883157968, 64.1954616142373], [27.66192121549879, 64.1954616142373], [27.66192121549879, 64.1287030625285]]]}, "properties": {"category": "https://maytetoscano.github.io/Bioclima_OGC/def/indicator/zone-stable", "categoryKey": "stable", "categoryLabel": {"en": "Stable phenology zone", "es": "Zona de fenolog\u00eda estable", "zh": "\u7269\u5019\u7a33\u5b9a\u533a", "ro": "Zon\u0103 cu fenologie stabil\u0103"}, "pci_value": 0.18948709964752197, "policyRelevance": ["https://maytetoscano.github.io/Bioclima_OGC/def/policy/kmgbf-target-1", "https://maytetoscano.github.io/Bioclima_OGC/def/policy/kmgbf-target-8"]}}, {"type": "Feature", "id": "zone-00368", "geometry": {"type": "Polygon", "coordinates": [[[27.928471679822355, 64.1287030625285], [27.995109295903244, 64.1287030625285], [27.995109295903244, 64.1954616142373], [27.928471679822355, 64.1954616142373], [27.928471679822355, 64.1287030625285]]]}, "properties": {"category": "https://maytetoscano.github.io/Bioclima_OGC/def/indicator/zone-delay", "categoryKey": "delay", "categoryLabel": {"en": "Phenological delay zone", "es": "Zona de retraso fenol\u00f3gico", "zh": "\u7269\u5019\u5ef6\u8fdf\u533a", "ro": "Zon\u0103 cu \u00eent\u00e2rziere fenologic\u0103"}, "pci_value": 0.2835571765899658, "policyRelevance": ["https://maytetoscano.github.io/Bioclima_OGC/def/policy/kmgbf-target-1", "https://maytetoscano.github.io/Bioclima_OGC/def/policy/kmgbf-target-8"]}}, {"type": "Feature", "id": "zone-00369", "geometry": {"type": "Polygon", "coordinates": [[[28.19502214414592, 64.1287030625285], [28.26165976022681, 64.1287030625285], [28.26165976022681, 64.1954616142373], [28.19502214414592, 64.1954616142373], [28.19502214414592, 64.1287030625285]]]}, "properties": {"category": "https://maytetoscano.github.io/Bioclima_OGC/def/indicator/zone-stable", "categoryKey": "stable", "categoryLabel": {"en": "Stable phenology zone", "es": "Zona de fenolog\u00eda estable", "zh": "\u7269\u5019\u7a33\u5b9a\u533a", "ro": "Zon\u0103 cu fenologie stabil\u0103"}, "pci_value": 0.16579368710517883, "policyRelevance": ["https://maytetoscano.github.io/Bioclima_OGC/def/policy/kmgbf-target-1", "https://maytetoscano.github.io/Bioclima_OGC/def/policy/kmgbf-target-8"]}}, {"type": "Feature", "id": "zone-00370", "geometry": {"type": "Polygon", "coordinates": [[[28.46157260846948, 64.1287030625285], [28.52821022455037, 64.1287030625285], [28.52821022455037, 64.1954616142373], [28.46157260846948, 64.1954616142373], [28.46157260846948, 64.1287030625285]]]}, "properties": {"category": "https://maytetoscano.github.io/Bioclima_OGC/def/indicator/zone-stable", "categoryKey": "stable", "categoryLabel": {"en": "Stable phenology zone", "es": "Zona de fenolog\u00eda estable", "zh": "\u7269\u5019\u7a33\u5b9a\u533a", "ro": "Zon\u0103 cu fenologie stabil\u0103"}, "pci_value": 0.09490209817886353, "policyRelevance": ["https://maytetoscano.github.io/Bioclima_OGC/def/policy/kmgbf-target-1", "https://maytetoscano.github.io/Bioclima_OGC/def/policy/kmgbf-target-8"]}}, {"type": "Feature", "id": "zone-00371", "geometry": {"type": "Polygon", "coordinates": [[[28.728123072793043, 64.1287030625285], [28.794760688873932, 64.1287030625285], [28.794760688873932, 64.1954616142373], [28.728123072793043, 64.1954616142373], [28.728123072793043, 64.1287030625285]]]}, "properties": {"category": "https://maytetoscano.github.io/Bioclima_OGC/def/indicator/zone-stable", "categoryKey": "stable", "categoryLabel": {"en": "Stable phenology zone", "es": "Zona de fenolog\u00eda estable", "zh": "\u7269\u5019\u7a33\u5b9a\u533a", "ro": "Zon\u0103 cu fenologie stabil\u0103"}, "pci_value": 0.14865610003471375, "policyRelevance": ["https://maytetoscano.github.io/Bioclima_OGC/def/policy/kmgbf-target-1", "https://maytetoscano.github.io/Bioclima_OGC/def/policy/kmgbf-target-8"]}}, {"type": "Feature", "id": "zone-00372", "geometry": {"type": "Polygon", "coordinates": [[[28.994673537116608, 64.1287030625285], [29.061311153197497, 64.1287030625285], [29.061311153197497, 64.1954616142373], [28.994673537116608, 64.1954616142373], [28.994673537116608, 64.1287030625285]]]}, "properties": {"category": "https://maytetoscano.github.io/Bioclima_OGC/def/indicator/zone-delay", "categoryKey": "delay", "categoryLabel": {"en": "Phenological delay zone", "es": "Zona de retraso fenol\u00f3gico", "zh": "\u7269\u5019\u5ef6\u8fdf\u533a", "ro": "Zon\u0103 cu \u00eent\u00e2rziere fenologic\u0103"}, "pci_value": 0.2218639850616455, "policyRelevance": ["https://maytetoscano.github.io/Bioclima_OGC/def/policy/kmgbf-target-1", "https://maytetoscano.github.io/Bioclima_OGC/def/policy/kmgbf-target-8"]}}, {"type": "Feature", "id": "zone-00373", "geometry": {"type": "Polygon", "coordinates": [[[29.261224001440173, 64.1287030625285], [29.327861617521062, 64.1287030625285], [29.327861617521062, 64.1954616142373], [29.261224001440173, 64.1954616142373], [29.261224001440173, 64.1287030625285]]]}, "properties": {"category": "https://maytetoscano.github.io/Bioclima_OGC/def/indicator/zone-stable", "categoryKey": "stable", "categoryLabel": {"en": "Stable phenology zone", "es": "Zona de fenolog\u00eda estable", "zh": "\u7269\u5019\u7a33\u5b9a\u533a", "ro": "Zon\u0103 cu fenologie stabil\u0103"}, "pci_value": 0.12847484648227692, "policyRelevance": ["https://maytetoscano.github.io/Bioclima_OGC/def/policy/kmgbf-target-1", "https://maytetoscano.github.io/Bioclima_OGC/def/policy/kmgbf-target-8"]}}, {"type": "Feature", "id": "zone-00374", "geometry": {"type": "Polygon", "coordinates": [[[29.527774465763734, 64.1287030625285], [29.594412081844624, 64.1287030625285], [29.594412081844624, 64.1954616142373], [29.527774465763734, 64.1954616142373], [29.527774465763734, 64.1287030625285]]]}, "properties": {"category": "https://maytetoscano.github.io/Bioclima_OGC/def/indicator/zone-stable", "categoryKey": "stable", "categoryLabel": {"en": "Stable phenology zone", "es": "Zona de fenolog\u00eda estable", "zh": "\u7269\u5019\u7a33\u5b9a\u533a", "ro": "Zon\u0103 cu fenologie stabil\u0103"}, "pci_value": 0.1780378222465515, "policyRelevance": ["https://maytetoscano.github.io/Bioclima_OGC/def/policy/kmgbf-target-1", "https://maytetoscano.github.io/Bioclima_OGC/def/policy/kmgbf-target-8"]}}, {"type": "Feature", "id": "zone-00375", "geometry": {"type": "Polygon", "coordinates": [[[29.794324930087296, 64.1287030625285], [29.860962546168185, 64.1287030625285], [29.860962546168185, 64.1954616142373], [29.794324930087296, 64.1954616142373], [29.794324930087296, 64.1287030625285]]]}, "properties": {"category": "https://maytetoscano.github.io/Bioclima_OGC/def/indicator/zone-delay", "categoryKey": "delay", "categoryLabel": {"en": "Phenological delay zone", "es": "Zona de retraso fenol\u00f3gico", "zh": "\u7269\u5019\u5ef6\u8fdf\u533a", "ro": "Zon\u0103 cu \u00eent\u00e2rziere fenologic\u0103"}, "pci_value": 0.2157295197248459, "policyRelevance": ["https://maytetoscano.github.io/Bioclima_OGC/def/policy/kmgbf-target-1", "https://maytetoscano.github.io/Bioclima_OGC/def/policy/kmgbf-target-8"]}}, {"type": "Feature", "id": "zone-00376", "geometry": {"type": "Polygon", "coordinates": [[[30.06087539441086, 64.1287030625285], [30.12751301049175, 64.1287030625285], [30.12751301049175, 64.1954616142373], [30.06087539441086, 64.1954616142373], [30.06087539441086, 64.1287030625285]]]}, "properties": {"category": "https://maytetoscano.github.io/Bioclima_OGC/def/indicator/zone-delay", "categoryKey": "delay", "categoryLabel": {"en": "Phenological delay zone", "es": "Zona de retraso fenol\u00f3gico", "zh": "\u7269\u5019\u5ef6\u8fdf\u533a", "ro": "Zon\u0103 cu \u00eent\u00e2rziere fenologic\u0103"}, "pci_value": 0.27556112408638, "policyRelevance": ["https://maytetoscano.github.io/Bioclima_OGC/def/policy/kmgbf-target-1", "https://maytetoscano.github.io/Bioclima_OGC/def/policy/kmgbf-target-8"]}}, {"type": "Feature", "id": "zone-00377", "geometry": {"type": "Polygon", "coordinates": [[[24.46331564361603, 64.39573726936375], [24.52995325969692, 64.39573726936375], [24.52995325969692, 64.46249582107255], [24.46331564361603, 64.46249582107255], [24.46331564361603, 64.39573726936375]]]}, "properties": {"category": "https://maytetoscano.github.io/Bioclima_OGC/def/indicator/zone-delay", "categoryKey": "delay", "categoryLabel": {"en": "Phenological delay zone", "es": "Zona de retraso fenol\u00f3gico", "zh": "\u7269\u5019\u5ef6\u8fdf\u533a", "ro": "Zon\u0103 cu \u00eent\u00e2rziere fenologic\u0103"}, "pci_value": 0.2038101851940155, "policyRelevance": ["https://maytetoscano.github.io/Bioclima_OGC/def/policy/kmgbf-target-1", "https://maytetoscano.github.io/Bioclima_OGC/def/policy/kmgbf-target-8"]}}, {"type": "Feature", "id": "zone-00378", "geometry": {"type": "Polygon", "coordinates": [[[24.729866107939593, 64.39573726936375], [24.796503724020482, 64.39573726936375], [24.796503724020482, 64.46249582107255], [24.729866107939593, 64.46249582107255], [24.729866107939593, 64.39573726936375]]]}, "properties": {"category": "https://maytetoscano.github.io/Bioclima_OGC/def/indicator/zone-stable", "categoryKey": "stable", "categoryLabel": {"en": "Stable phenology zone", "es": "Zona de fenolog\u00eda estable", "zh": "\u7269\u5019\u7a33\u5b9a\u533a", "ro": "Zon\u0103 cu fenologie stabil\u0103"}, "pci_value": 0.15012896060943604, "policyRelevance": ["https://maytetoscano.github.io/Bioclima_OGC/def/policy/kmgbf-target-1", "https://maytetoscano.github.io/Bioclima_OGC/def/policy/kmgbf-target-8"]}}, {"type": "Feature", "id": "zone-00379", "geometry": {"type": "Polygon", "coordinates": [[[24.996416572263154, 64.39573726936375], [25.063054188344044, 64.39573726936375], [25.063054188344044, 64.46249582107255], [24.996416572263154, 64.46249582107255], [24.996416572263154, 64.39573726936375]]]}, "properties": {"category": "https://maytetoscano.github.io/Bioclima_OGC/def/indicator/zone-stable", "categoryKey": "stable", "categoryLabel": {"en": "Stable phenology zone", "es": "Zona de fenolog\u00eda estable", "zh": "\u7269\u5019\u7a33\u5b9a\u533a", "ro": "Zon\u0103 cu fenologie stabil\u0103"}, "pci_value": 0.06594070047140121, "policyRelevance": ["https://maytetoscano.github.io/Bioclima_OGC/def/policy/kmgbf-target-1", "https://maytetoscano.github.io/Bioclima_OGC/def/policy/kmgbf-target-8"]}}, {"type": "Feature", "id": "zone-00380", "geometry": {"type": "Polygon", "coordinates": [[[25.26296703658672, 64.39573726936375], [25.32960465266761, 64.39573726936375], [25.32960465266761, 64.46249582107255], [25.26296703658672, 64.46249582107255], [25.26296703658672, 64.39573726936375]]]}, "properties": {"category": "https://maytetoscano.github.io/Bioclima_OGC/def/indicator/zone-stable", "categoryKey": "stable", "categoryLabel": {"en": "Stable phenology zone", "es": "Zona de fenolog\u00eda estable", "zh": "\u7269\u5019\u7a33\u5b9a\u533a", "ro": "Zon\u0103 cu fenologie stabil\u0103"}, "pci_value": 0.07143945246934891, "policyRelevance": ["https://maytetoscano.github.io/Bioclima_OGC/def/policy/kmgbf-target-1", "https://maytetoscano.github.io/Bioclima_OGC/def/policy/kmgbf-target-8"]}}, {"type": "Feature", "id": "zone-00381", "geometry": {"type": "Polygon", "coordinates": [[[25.529517500910284, 64.39573726936375], [25.596155116991174, 64.39573726936375], [25.596155116991174, 64.46249582107255], [25.529517500910284, 64.46249582107255], [25.529517500910284, 64.39573726936375]]]}, "properties": {"category": "https://maytetoscano.github.io/Bioclima_OGC/def/indicator/zone-stable", "categoryKey": "stable", "categoryLabel": {"en": "Stable phenology zone", "es": "Zona de fenolog\u00eda estable", "zh": "\u7269\u5019\u7a33\u5b9a\u533a", "ro": "Zon\u0103 cu fenologie stabil\u0103"}, "pci_value": 0.02923819050192833, "policyRelevance": ["https://maytetoscano.github.io/Bioclima_OGC/def/policy/kmgbf-target-1", "https://maytetoscano.github.io/Bioclima_OGC/def/policy/kmgbf-target-8"]}}, {"type": "Feature", "id": "zone-00382", "geometry": {"type": "Polygon", "coordinates": [[[25.79606796523385, 64.39573726936375], [25.86270558131474, 64.39573726936375], [25.86270558131474, 64.46249582107255], [25.79606796523385, 64.46249582107255], [25.79606796523385, 64.39573726936375]]]}, "properties": {"category": "https://maytetoscano.github.io/Bioclima_OGC/def/indicator/zone-stable", "categoryKey": "stable", "categoryLabel": {"en": "Stable phenology zone", "es": "Zona de fenolog\u00eda estable", "zh": "\u7269\u5019\u7a33\u5b9a\u533a", "ro": "Zon\u0103 cu fenologie stabil\u0103"}, "pci_value": 0.1599157303571701, "policyRelevance": ["https://maytetoscano.github.io/Bioclima_OGC/def/policy/kmgbf-target-1", "https://maytetoscano.github.io/Bioclima_OGC/def/policy/kmgbf-target-8"]}}, {"type": "Feature", "id": "zone-00383", "geometry": {"type": "Polygon", "coordinates": [[[26.06261842955741, 64.39573726936375], [26.1292560456383, 64.39573726936375], [26.1292560456383, 64.46249582107255], [26.06261842955741, 64.46249582107255], [26.06261842955741, 64.39573726936375]]]}, "properties": {"category": "https://maytetoscano.github.io/Bioclima_OGC/def/indicator/zone-delay", "categoryKey": "delay", "categoryLabel": {"en": "Phenological delay zone", "es": "Zona de retraso fenol\u00f3gico", "zh": "\u7269\u5019\u5ef6\u8fdf\u533a", "ro": "Zon\u0103 cu \u00eent\u00e2rziere fenologic\u0103"}, "pci_value": 0.35758426785469055, "policyRelevance": ["https://maytetoscano.github.io/Bioclima_OGC/def/policy/kmgbf-target-1", "https://maytetoscano.github.io/Bioclima_OGC/def/policy/kmgbf-target-8"]}}, {"type": "Feature", "id": "zone-00384", "geometry": {"type": "Polygon", "coordinates": [[[26.329168893880972, 64.39573726936375], [26.39580650996186, 64.39573726936375], [26.39580650996186, 64.46249582107255], [26.329168893880972, 64.46249582107255], [26.329168893880972, 64.39573726936375]]]}, "properties": {"category": "https://maytetoscano.github.io/Bioclima_OGC/def/indicator/zone-delay", "categoryKey": "delay", "categoryLabel": {"en": "Phenological delay zone", "es": "Zona de retraso fenol\u00f3gico", "zh": "\u7269\u5019\u5ef6\u8fdf\u533a", "ro": "Zon\u0103 cu \u00eent\u00e2rziere fenologic\u0103"}, "pci_value": 0.2777528166770935, "policyRelevance": ["https://maytetoscano.github.io/Bioclima_OGC/def/policy/kmgbf-target-1", "https://maytetoscano.github.io/Bioclima_OGC/def/policy/kmgbf-target-8"]}}, {"type": "Feature", "id": "zone-00385", "geometry": {"type": "Polygon", "coordinates": [[[26.595719358204537, 64.39573726936375], [26.662356974285427, 64.39573726936375], [26.662356974285427, 64.46249582107255], [26.595719358204537, 64.46249582107255], [26.595719358204537, 64.39573726936375]]]}, "properties": {"category": "https://maytetoscano.github.io/Bioclima_OGC/def/indicator/zone-stable", "categoryKey": "stable", "categoryLabel": {"en": "Stable phenology zone", "es": "Zona de fenolog\u00eda estable", "zh": "\u7269\u5019\u7a33\u5b9a\u533a", "ro": "Zon\u0103 cu fenologie stabil\u0103"}, "pci_value": -0.04694138094782829, "policyRelevance": ["https://maytetoscano.github.io/Bioclima_OGC/def/policy/kmgbf-target-1", "https://maytetoscano.github.io/Bioclima_OGC/def/policy/kmgbf-target-8"]}}, {"type": "Feature", "id": "zone-00386", "geometry": {"type": "Polygon", "coordinates": [[[27.395370751175225, 64.39573726936375], [27.462008367256114, 64.39573726936375], [27.462008367256114, 64.46249582107255], [27.395370751175225, 64.46249582107255], [27.395370751175225, 64.39573726936375]]]}, "properties": {"category": "https://maytetoscano.github.io/Bioclima_OGC/def/indicator/zone-stable", "categoryKey": "stable", "categoryLabel": {"en": "Stable phenology zone", "es": "Zona de fenolog\u00eda estable", "zh": "\u7269\u5019\u7a33\u5b9a\u533a", "ro": "Zon\u0103 cu fenologie stabil\u0103"}, "pci_value": -0.018831295892596245, "policyRelevance": ["https://maytetoscano.github.io/Bioclima_OGC/def/policy/kmgbf-target-1", "https://maytetoscano.github.io/Bioclima_OGC/def/policy/kmgbf-target-8"]}}, {"type": "Feature", "id": "zone-00387", "geometry": {"type": "Polygon", "coordinates": [[[27.66192121549879, 64.39573726936375], [27.72855883157968, 64.39573726936375], [27.72855883157968, 64.46249582107255], [27.66192121549879, 64.46249582107255], [27.66192121549879, 64.39573726936375]]]}, "properties": {"category": "https://maytetoscano.github.io/Bioclima_OGC/def/indicator/zone-stable", "categoryKey": "stable", "categoryLabel": {"en": "Stable phenology zone", "es": "Zona de fenolog\u00eda estable", "zh": "\u7269\u5019\u7a33\u5b9a\u533a", "ro": "Zon\u0103 cu fenologie stabil\u0103"}, "pci_value": 0.153478741645813, "policyRelevance": ["https://maytetoscano.github.io/Bioclima_OGC/def/policy/kmgbf-target-1", "https://maytetoscano.github.io/Bioclima_OGC/def/policy/kmgbf-target-8"]}}, {"type": "Feature", "id": "zone-00388", "geometry": {"type": "Polygon", "coordinates": [[[27.928471679822355, 64.39573726936375], [27.995109295903244, 64.39573726936375], [27.995109295903244, 64.46249582107255], [27.928471679822355, 64.46249582107255], [27.928471679822355, 64.39573726936375]]]}, "properties": {"category": "https://maytetoscano.github.io/Bioclima_OGC/def/indicator/zone-stable", "categoryKey": "stable", "categoryLabel": {"en": "Stable phenology zone", "es": "Zona de fenolog\u00eda estable", "zh": "\u7269\u5019\u7a33\u5b9a\u533a", "ro": "Zon\u0103 cu fenologie stabil\u0103"}, "pci_value": 0.10817210376262665, "policyRelevance": ["https://maytetoscano.github.io/Bioclima_OGC/def/policy/kmgbf-target-1", "https://maytetoscano.github.io/Bioclima_OGC/def/policy/kmgbf-target-8"]}}, {"type": "Feature", "id": "zone-00389", "geometry": {"type": "Polygon", "coordinates": [[[28.19502214414592, 64.39573726936375], [28.26165976022681, 64.39573726936375], [28.26165976022681, 64.46249582107255], [28.19502214414592, 64.46249582107255], [28.19502214414592, 64.39573726936375]]]}, "properties": {"category": "https://maytetoscano.github.io/Bioclima_OGC/def/indicator/zone-stable", "categoryKey": "stable", "categoryLabel": {"en": "Stable phenology zone", "es": "Zona de fenolog\u00eda estable", "zh": "\u7269\u5019\u7a33\u5b9a\u533a", "ro": "Zon\u0103 cu fenologie stabil\u0103"}, "pci_value": -0.008040064014494419, "policyRelevance": ["https://maytetoscano.github.io/Bioclima_OGC/def/policy/kmgbf-target-1", "https://maytetoscano.github.io/Bioclima_OGC/def/policy/kmgbf-target-8"]}}, {"type": "Feature", "id": "zone-00390", "geometry": {"type": "Polygon", "coordinates": [[[28.46157260846948, 64.39573726936375], [28.52821022455037, 64.39573726936375], [28.52821022455037, 64.46249582107255], [28.46157260846948, 64.46249582107255], [28.46157260846948, 64.39573726936375]]]}, "properties": {"category": "https://maytetoscano.github.io/Bioclima_OGC/def/indicator/zone-stable", "categoryKey": "stable", "categoryLabel": {"en": "Stable phenology zone", "es": "Zona de fenolog\u00eda estable", "zh": "\u7269\u5019\u7a33\u5b9a\u533a", "ro": "Zon\u0103 cu fenologie stabil\u0103"}, "pci_value": 0.13556179404258728, "policyRelevance": ["https://maytetoscano.github.io/Bioclima_OGC/def/policy/kmgbf-target-1", "https://maytetoscano.github.io/Bioclima_OGC/def/policy/kmgbf-target-8"]}}, {"type": "Feature", "id": "zone-00391", "geometry": {"type": "Polygon", "coordinates": [[[28.728123072793043, 64.39573726936375], [28.794760688873932, 64.39573726936375], [28.794760688873932, 64.46249582107255], [28.728123072793043, 64.46249582107255], [28.728123072793043, 64.39573726936375]]]}, "properties": {"category": "https://maytetoscano.github.io/Bioclima_OGC/def/indicator/zone-delay", "categoryKey": "delay", "categoryLabel": {"en": "Phenological delay zone", "es": "Zona de retraso fenol\u00f3gico", "zh": "\u7269\u5019\u5ef6\u8fdf\u533a", "ro": "Zon\u0103 cu \u00eent\u00e2rziere fenologic\u0103"}, "pci_value": 0.27542051672935486, "policyRelevance": ["https://maytetoscano.github.io/Bioclima_OGC/def/policy/kmgbf-target-1", "https://maytetoscano.github.io/Bioclima_OGC/def/policy/kmgbf-target-8"]}}, {"type": "Feature", "id": "zone-00392", "geometry": {"type": "Polygon", "coordinates": [[[28.994673537116608, 64.39573726936375], [29.061311153197497, 64.39573726936375], [29.061311153197497, 64.46249582107255], [28.994673537116608, 64.46249582107255], [28.994673537116608, 64.39573726936375]]]}, "properties": {"category": "https://maytetoscano.github.io/Bioclima_OGC/def/indicator/zone-delay", "categoryKey": "delay", "categoryLabel": {"en": "Phenological delay zone", "es": "Zona de retraso fenol\u00f3gico", "zh": "\u7269\u5019\u5ef6\u8fdf\u533a", "ro": "Zon\u0103 cu \u00eent\u00e2rziere fenologic\u0103"}, "pci_value": 0.22429856657981873, "policyRelevance": ["https://maytetoscano.github.io/Bioclima_OGC/def/policy/kmgbf-target-1", "https://maytetoscano.github.io/Bioclima_OGC/def/policy/kmgbf-target-8"]}}, {"type": "Feature", "id": "zone-00393", "geometry": {"type": "Polygon", "coordinates": [[[29.261224001440173, 64.39573726936375], [29.327861617521062, 64.39573726936375], [29.327861617521062, 64.46249582107255], [29.261224001440173, 64.46249582107255], [29.261224001440173, 64.39573726936375]]]}, "properties": {"category": "https://maytetoscano.github.io/Bioclima_OGC/def/indicator/zone-stable", "categoryKey": "stable", "categoryLabel": {"en": "Stable phenology zone", "es": "Zona de fenolog\u00eda estable", "zh": "\u7269\u5019\u7a33\u5b9a\u533a", "ro": "Zon\u0103 cu fenologie stabil\u0103"}, "pci_value": 0.12195522338151932, "policyRelevance": ["https://maytetoscano.github.io/Bioclima_OGC/def/policy/kmgbf-target-1", "https://maytetoscano.github.io/Bioclima_OGC/def/policy/kmgbf-target-8"]}}, {"type": "Feature", "id": "zone-00394", "geometry": {"type": "Polygon", "coordinates": [[[29.527774465763734, 64.39573726936375], [29.594412081844624, 64.39573726936375], [29.594412081844624, 64.46249582107255], [29.527774465763734, 64.46249582107255], [29.527774465763734, 64.39573726936375]]]}, "properties": {"category": "https://maytetoscano.github.io/Bioclima_OGC/def/indicator/zone-delay", "categoryKey": "delay", "categoryLabel": {"en": "Phenological delay zone", "es": "Zona de retraso fenol\u00f3gico", "zh": "\u7269\u5019\u5ef6\u8fdf\u533a", "ro": "Zon\u0103 cu \u00eent\u00e2rziere fenologic\u0103"}, "pci_value": 0.2698557674884796, "policyRelevance": ["https://maytetoscano.github.io/Bioclima_OGC/def/policy/kmgbf-target-1", "https://maytetoscano.github.io/Bioclima_OGC/def/policy/kmgbf-target-8"]}}, {"type": "Feature", "id": "zone-00395", "geometry": {"type": "Polygon", "coordinates": [[[29.794324930087296, 64.39573726936375], [29.860962546168185, 64.39573726936375], [29.860962546168185, 64.46249582107255], [29.794324930087296, 64.46249582107255], [29.794324930087296, 64.39573726936375]]]}, "properties": {"category": "https://maytetoscano.github.io/Bioclima_OGC/def/indicator/zone-stable", "categoryKey": "stable", "categoryLabel": {"en": "Stable phenology zone", "es": "Zona de fenolog\u00eda estable", "zh": "\u7269\u5019\u7a33\u5b9a\u533a", "ro": "Zon\u0103 cu fenologie stabil\u0103"}, "pci_value": 0.16548983752727509, "policyRelevance": ["https://maytetoscano.github.io/Bioclima_OGC/def/policy/kmgbf-target-1", "https://maytetoscano.github.io/Bioclima_OGC/def/policy/kmgbf-target-8"]}}, {"type": "Feature", "id": "zone-00396", "geometry": {"type": "Polygon", "coordinates": [[[23.9302147149689, 64.66277147619898], [23.99685233104979, 64.66277147619898], [23.99685233104979, 64.72953002790778], [23.9302147149689, 64.72953002790778], [23.9302147149689, 64.66277147619898]]]}, "properties": {"category": "https://maytetoscano.github.io/Bioclima_OGC/def/indicator/zone-stable", "categoryKey": "stable", "categoryLabel": {"en": "Stable phenology zone", "es": "Zona de fenolog\u00eda estable", "zh": "\u7269\u5019\u7a33\u5b9a\u533a", "ro": "Zon\u0103 cu fenologie stabil\u0103"}, "pci_value": -0.15424269437789917, "policyRelevance": ["https://maytetoscano.github.io/Bioclima_OGC/def/policy/kmgbf-target-1", "https://maytetoscano.github.io/Bioclima_OGC/def/policy/kmgbf-target-8"]}}, {"type": "Feature", "id": "zone-00397", "geometry": {"type": "Polygon", "coordinates": [[[24.196765179292466, 64.66277147619898], [24.263402795373356, 64.66277147619898], [24.263402795373356, 64.72953002790778], [24.196765179292466, 64.72953002790778], [24.196765179292466, 64.66277147619898]]]}, "properties": {"category": "https://maytetoscano.github.io/Bioclima_OGC/def/indicator/zone-stable", "categoryKey": "stable", "categoryLabel": {"en": "Stable phenology zone", "es": "Zona de fenolog\u00eda estable", "zh": "\u7269\u5019\u7a33\u5b9a\u533a", "ro": "Zon\u0103 cu fenologie stabil\u0103"}, "pci_value": -0.1330748200416565, "policyRelevance": ["https://maytetoscano.github.io/Bioclima_OGC/def/policy/kmgbf-target-1", "https://maytetoscano.github.io/Bioclima_OGC/def/policy/kmgbf-target-8"]}}, {"type": "Feature", "id": "zone-00398", "geometry": {"type": "Polygon", "coordinates": [[[24.46331564361603, 64.66277147619898], [24.52995325969692, 64.66277147619898], [24.52995325969692, 64.72953002790778], [24.46331564361603, 64.72953002790778], [24.46331564361603, 64.66277147619898]]]}, "properties": {"category": "https://maytetoscano.github.io/Bioclima_OGC/def/indicator/zone-stable", "categoryKey": "stable", "categoryLabel": {"en": "Stable phenology zone", "es": "Zona de fenolog\u00eda estable", "zh": "\u7269\u5019\u7a33\u5b9a\u533a", "ro": "Zon\u0103 cu fenologie stabil\u0103"}, "pci_value": 0.06747262924909592, "policyRelevance": ["https://maytetoscano.github.io/Bioclima_OGC/def/policy/kmgbf-target-1", "https://maytetoscano.github.io/Bioclima_OGC/def/policy/kmgbf-target-8"]}}, {"type": "Feature", "id": "zone-00399", "geometry": {"type": "Polygon", "coordinates": [[[24.729866107939593, 64.66277147619898], [24.796503724020482, 64.66277147619898], [24.796503724020482, 64.72953002790778], [24.729866107939593, 64.72953002790778], [24.729866107939593, 64.66277147619898]]]}, "properties": {"category": "https://maytetoscano.github.io/Bioclima_OGC/def/indicator/zone-stable", "categoryKey": "stable", "categoryLabel": {"en": "Stable phenology zone", "es": "Zona de fenolog\u00eda estable", "zh": "\u7269\u5019\u7a33\u5b9a\u533a", "ro": "Zon\u0103 cu fenologie stabil\u0103"}, "pci_value": 0.02103102207183838, "policyRelevance": ["https://maytetoscano.github.io/Bioclima_OGC/def/policy/kmgbf-target-1", "https://maytetoscano.github.io/Bioclima_OGC/def/policy/kmgbf-target-8"]}}, {"type": "Feature", "id": "zone-00400", "geometry": {"type": "Polygon", "coordinates": [[[24.996416572263154, 64.66277147619898], [25.063054188344044, 64.66277147619898], [25.063054188344044, 64.72953002790778], [24.996416572263154, 64.72953002790778], [24.996416572263154, 64.66277147619898]]]}, "properties": {"category": "https://maytetoscano.github.io/Bioclima_OGC/def/indicator/zone-stable", "categoryKey": "stable", "categoryLabel": {"en": "Stable phenology zone", "es": "Zona de fenolog\u00eda estable", "zh": "\u7269\u5019\u7a33\u5b9a\u533a", "ro": "Zon\u0103 cu fenologie stabil\u0103"}, "pci_value": 0.08873175084590912, "policyRelevance": ["https://maytetoscano.github.io/Bioclima_OGC/def/policy/kmgbf-target-1", "https://maytetoscano.github.io/Bioclima_OGC/def/policy/kmgbf-target-8"]}}, {"type": "Feature", "id": "zone-00401", "geometry": {"type": "Polygon", "coordinates": [[[25.26296703658672, 64.66277147619898], [25.32960465266761, 64.66277147619898], [25.32960465266761, 64.72953002790778], [25.26296703658672, 64.72953002790778], [25.26296703658672, 64.66277147619898]]]}, "properties": {"category": "https://maytetoscano.github.io/Bioclima_OGC/def/indicator/zone-delay", "categoryKey": "delay", "categoryLabel": {"en": "Phenological delay zone", "es": "Zona de retraso fenol\u00f3gico", "zh": "\u7269\u5019\u5ef6\u8fdf\u533a", "ro": "Zon\u0103 cu \u00eent\u00e2rziere fenologic\u0103"}, "pci_value": 0.2229927033185959, "policyRelevance": ["https://maytetoscano.github.io/Bioclima_OGC/def/policy/kmgbf-target-1", "https://maytetoscano.github.io/Bioclima_OGC/def/policy/kmgbf-target-8"]}}, {"type": "Feature", "id": "zone-00402", "geometry": {"type": "Polygon", "coordinates": [[[25.529517500910284, 64.66277147619898], [25.596155116991174, 64.66277147619898], [25.596155116991174, 64.72953002790778], [25.529517500910284, 64.72953002790778], [25.529517500910284, 64.66277147619898]]]}, "properties": {"category": "https://maytetoscano.github.io/Bioclima_OGC/def/indicator/zone-stable", "categoryKey": "stable", "categoryLabel": {"en": "Stable phenology zone", "es": "Zona de fenolog\u00eda estable", "zh": "\u7269\u5019\u7a33\u5b9a\u533a", "ro": "Zon\u0103 cu fenologie stabil\u0103"}, "pci_value": 0.1840328425168991, "policyRelevance": ["https://maytetoscano.github.io/Bioclima_OGC/def/policy/kmgbf-target-1", "https://maytetoscano.github.io/Bioclima_OGC/def/policy/kmgbf-target-8"]}}, {"type": "Feature", "id": "zone-00403", "geometry": {"type": "Polygon", "coordinates": [[[25.79606796523385, 64.66277147619898], [25.86270558131474, 64.66277147619898], [25.86270558131474, 64.72953002790778], [25.79606796523385, 64.72953002790778], [25.79606796523385, 64.66277147619898]]]}, "properties": {"category": "https://maytetoscano.github.io/Bioclima_OGC/def/indicator/zone-delay", "categoryKey": "delay", "categoryLabel": {"en": "Phenological delay zone", "es": "Zona de retraso fenol\u00f3gico", "zh": "\u7269\u5019\u5ef6\u8fdf\u533a", "ro": "Zon\u0103 cu \u00eent\u00e2rziere fenologic\u0103"}, "pci_value": 0.21692518889904022, "policyRelevance": ["https://maytetoscano.github.io/Bioclima_OGC/def/policy/kmgbf-target-1", "https://maytetoscano.github.io/Bioclima_OGC/def/policy/kmgbf-target-8"]}}, {"type": "Feature", "id": "zone-00404", "geometry": {"type": "Polygon", "coordinates": [[[26.06261842955741, 64.66277147619898], [26.1292560456383, 64.66277147619898], [26.1292560456383, 64.72953002790778], [26.06261842955741, 64.72953002790778], [26.06261842955741, 64.66277147619898]]]}, "properties": {"category": "https://maytetoscano.github.io/Bioclima_OGC/def/indicator/zone-delay", "categoryKey": "delay", "categoryLabel": {"en": "Phenological delay zone", "es": "Zona de retraso fenol\u00f3gico", "zh": "\u7269\u5019\u5ef6\u8fdf\u533a", "ro": "Zon\u0103 cu \u00eent\u00e2rziere fenologic\u0103"}, "pci_value": 0.3393811881542206, "policyRelevance": ["https://maytetoscano.github.io/Bioclima_OGC/def/policy/kmgbf-target-1", "https://maytetoscano.github.io/Bioclima_OGC/def/policy/kmgbf-target-8"]}}, {"type": "Feature", "id": "zone-00405", "geometry": {"type": "Polygon", "coordinates": [[[26.329168893880972, 64.66277147619898], [26.39580650996186, 64.66277147619898], [26.39580650996186, 64.72953002790778], [26.329168893880972, 64.72953002790778], [26.329168893880972, 64.66277147619898]]]}, "properties": {"category": "https://maytetoscano.github.io/Bioclima_OGC/def/indicator/zone-stable", "categoryKey": "stable", "categoryLabel": {"en": "Stable phenology zone", "es": "Zona de fenolog\u00eda estable", "zh": "\u7269\u5019\u7a33\u5b9a\u533a", "ro": "Zon\u0103 cu fenologie stabil\u0103"}, "pci_value": 0.19690538942813873, "policyRelevance": ["https://maytetoscano.github.io/Bioclima_OGC/def/policy/kmgbf-target-1", "https://maytetoscano.github.io/Bioclima_OGC/def/policy/kmgbf-target-8"]}}, {"type": "Feature", "id": "zone-00406", "geometry": {"type": "Polygon", "coordinates": [[[26.595719358204537, 64.66277147619898], [26.662356974285427, 64.66277147619898], [26.662356974285427, 64.72953002790778], [26.595719358204537, 64.72953002790778], [26.595719358204537, 64.66277147619898]]]}, "properties": {"category": "https://maytetoscano.github.io/Bioclima_OGC/def/indicator/zone-stable", "categoryKey": "stable", "categoryLabel": {"en": "Stable phenology zone", "es": "Zona de fenolog\u00eda estable", "zh": "\u7269\u5019\u7a33\u5b9a\u533a", "ro": "Zon\u0103 cu fenologie stabil\u0103"}, "pci_value": -0.02572992630302906, "policyRelevance": ["https://maytetoscano.github.io/Bioclima_OGC/def/policy/kmgbf-target-1", "https://maytetoscano.github.io/Bioclima_OGC/def/policy/kmgbf-target-8"]}}, {"type": "Feature", "id": "zone-00407", "geometry": {"type": "Polygon", "coordinates": [[[26.862269822528102, 64.66277147619898], [26.92890743860899, 64.66277147619898], [26.92890743860899, 64.72953002790778], [26.862269822528102, 64.72953002790778], [26.862269822528102, 64.66277147619898]]]}, "properties": {"category": "https://maytetoscano.github.io/Bioclima_OGC/def/indicator/zone-stable", "categoryKey": "stable", "categoryLabel": {"en": "Stable phenology zone", "es": "Zona de fenolog\u00eda estable", "zh": "\u7269\u5019\u7a33\u5b9a\u533a", "ro": "Zon\u0103 cu fenologie stabil\u0103"}, "pci_value": 0.12518247961997986, "policyRelevance": ["https://maytetoscano.github.io/Bioclima_OGC/def/policy/kmgbf-target-1", "https://maytetoscano.github.io/Bioclima_OGC/def/policy/kmgbf-target-8"]}}, {"type": "Feature", "id": "zone-00408", "geometry": {"type": "Polygon", "coordinates": [[[27.66192121549879, 64.66277147619898], [27.72855883157968, 64.66277147619898], [27.72855883157968, 64.72953002790778], [27.66192121549879, 64.72953002790778], [27.66192121549879, 64.66277147619898]]]}, "properties": {"category": "https://maytetoscano.github.io/Bioclima_OGC/def/indicator/zone-stable", "categoryKey": "stable", "categoryLabel": {"en": "Stable phenology zone", "es": "Zona de fenolog\u00eda estable", "zh": "\u7269\u5019\u7a33\u5b9a\u533a", "ro": "Zon\u0103 cu fenologie stabil\u0103"}, "pci_value": 0.06701642274856567, "policyRelevance": ["https://maytetoscano.github.io/Bioclima_OGC/def/policy/kmgbf-target-1", "https://maytetoscano.github.io/Bioclima_OGC/def/policy/kmgbf-target-8"]}}, {"type": "Feature", "id": "zone-00409", "geometry": {"type": "Polygon", "coordinates": [[[27.928471679822355, 64.66277147619898], [27.995109295903244, 64.66277147619898], [27.995109295903244, 64.72953002790778], [27.928471679822355, 64.72953002790778], [27.928471679822355, 64.66277147619898]]]}, "properties": {"category": "https://maytetoscano.github.io/Bioclima_OGC/def/indicator/zone-stable", "categoryKey": "stable", "categoryLabel": {"en": "Stable phenology zone", "es": "Zona de fenolog\u00eda estable", "zh": "\u7269\u5019\u7a33\u5b9a\u533a", "ro": "Zon\u0103 cu fenologie stabil\u0103"}, "pci_value": 0.16450729966163635, "policyRelevance": ["https://maytetoscano.github.io/Bioclima_OGC/def/policy/kmgbf-target-1", "https://maytetoscano.github.io/Bioclima_OGC/def/policy/kmgbf-target-8"]}}, {"type": "Feature", "id": "zone-00410", "geometry": {"type": "Polygon", "coordinates": [[[28.19502214414592, 64.66277147619898], [28.26165976022681, 64.66277147619898], [28.26165976022681, 64.72953002790778], [28.19502214414592, 64.72953002790778], [28.19502214414592, 64.66277147619898]]]}, "properties": {"category": "https://maytetoscano.github.io/Bioclima_OGC/def/indicator/zone-delay", "categoryKey": "delay", "categoryLabel": {"en": "Phenological delay zone", "es": "Zona de retraso fenol\u00f3gico", "zh": "\u7269\u5019\u5ef6\u8fdf\u533a", "ro": "Zon\u0103 cu \u00eent\u00e2rziere fenologic\u0103"}, "pci_value": 0.22814780473709106, "policyRelevance": ["https://maytetoscano.github.io/Bioclima_OGC/def/policy/kmgbf-target-1", "https://maytetoscano.github.io/Bioclima_OGC/def/policy/kmgbf-target-8"]}}, {"type": "Feature", "id": "zone-00411", "geometry": {"type": "Polygon", "coordinates": [[[28.46157260846948, 64.66277147619898], [28.52821022455037, 64.66277147619898], [28.52821022455037, 64.72953002790778], [28.46157260846948, 64.72953002790778], [28.46157260846948, 64.66277147619898]]]}, "properties": {"category": "https://maytetoscano.github.io/Bioclima_OGC/def/indicator/zone-stable", "categoryKey": "stable", "categoryLabel": {"en": "Stable phenology zone", "es": "Zona de fenolog\u00eda estable", "zh": "\u7269\u5019\u7a33\u5b9a\u533a", "ro": "Zon\u0103 cu fenologie stabil\u0103"}, "pci_value": 0.1159837618470192, "policyRelevance": ["https://maytetoscano.github.io/Bioclima_OGC/def/policy/kmgbf-target-1", "https://maytetoscano.github.io/Bioclima_OGC/def/policy/kmgbf-target-8"]}}, {"type": "Feature", "id": "zone-00412", "geometry": {"type": "Polygon", "coordinates": [[[28.728123072793043, 64.66277147619898], [28.794760688873932, 64.66277147619898], [28.794760688873932, 64.72953002790778], [28.728123072793043, 64.72953002790778], [28.728123072793043, 64.66277147619898]]]}, "properties": {"category": "https://maytetoscano.github.io/Bioclima_OGC/def/indicator/zone-stable", "categoryKey": "stable", "categoryLabel": {"en": "Stable phenology zone", "es": "Zona de fenolog\u00eda estable", "zh": "\u7269\u5019\u7a33\u5b9a\u533a", "ro": "Zon\u0103 cu fenologie stabil\u0103"}, "pci_value": 0.19790145754814148, "policyRelevance": ["https://maytetoscano.github.io/Bioclima_OGC/def/policy/kmgbf-target-1", "https://maytetoscano.github.io/Bioclima_OGC/def/policy/kmgbf-target-8"]}}, {"type": "Feature", "id": "zone-00413", "geometry": {"type": "Polygon", "coordinates": [[[28.994673537116608, 64.66277147619898], [29.061311153197497, 64.66277147619898], [29.061311153197497, 64.72953002790778], [28.994673537116608, 64.72953002790778], [28.994673537116608, 64.66277147619898]]]}, "properties": {"category": "https://maytetoscano.github.io/Bioclima_OGC/def/indicator/zone-stable", "categoryKey": "stable", "categoryLabel": {"en": "Stable phenology zone", "es": "Zona de fenolog\u00eda estable", "zh": "\u7269\u5019\u7a33\u5b9a\u533a", "ro": "Zon\u0103 cu fenologie stabil\u0103"}, "pci_value": 0.07664233446121216, "policyRelevance": ["https://maytetoscano.github.io/Bioclima_OGC/def/policy/kmgbf-target-1", "https://maytetoscano.github.io/Bioclima_OGC/def/policy/kmgbf-target-8"]}}, {"type": "Feature", "id": "zone-00414", "geometry": {"type": "Polygon", "coordinates": [[[29.261224001440173, 64.66277147619898], [29.327861617521062, 64.66277147619898], [29.327861617521062, 64.72953002790778], [29.261224001440173, 64.72953002790778], [29.261224001440173, 64.66277147619898]]]}, "properties": {"category": "https://maytetoscano.github.io/Bioclima_OGC/def/indicator/zone-stable", "categoryKey": "stable", "categoryLabel": {"en": "Stable phenology zone", "es": "Zona de fenolog\u00eda estable", "zh": "\u7269\u5019\u7a33\u5b9a\u533a", "ro": "Zon\u0103 cu fenologie stabil\u0103"}, "pci_value": 0.05241788178682327, "policyRelevance": ["https://maytetoscano.github.io/Bioclima_OGC/def/policy/kmgbf-target-1", "https://maytetoscano.github.io/Bioclima_OGC/def/policy/kmgbf-target-8"]}}, {"type": "Feature", "id": "zone-00415", "geometry": {"type": "Polygon", "coordinates": [[[29.794324930087296, 64.66277147619898], [29.860962546168185, 64.66277147619898], [29.860962546168185, 64.72953002790778], [29.794324930087296, 64.72953002790778], [29.794324930087296, 64.66277147619898]]]}, "properties": {"category": "https://maytetoscano.github.io/Bioclima_OGC/def/indicator/zone-stable", "categoryKey": "stable", "categoryLabel": {"en": "Stable phenology zone", "es": "Zona de fenolog\u00eda estable", "zh": "\u7269\u5019\u7a33\u5b9a\u533a", "ro": "Zon\u0103 cu fenologie stabil\u0103"}, "pci_value": 0.07586678862571716, "policyRelevance": ["https://maytetoscano.github.io/Bioclima_OGC/def/policy/kmgbf-target-1", "https://maytetoscano.github.io/Bioclima_OGC/def/policy/kmgbf-target-8"]}}, {"type": "Feature", "id": "zone-00416", "geometry": {"type": "Polygon", "coordinates": [[[30.06087539441086, 64.66277147619898], [30.12751301049175, 64.66277147619898], [30.12751301049175, 64.72953002790778], [30.06087539441086, 64.72953002790778], [30.06087539441086, 64.66277147619898]]]}, "properties": {"category": "https://maytetoscano.github.io/Bioclima_OGC/def/indicator/zone-delay", "categoryKey": "delay", "categoryLabel": {"en": "Phenological delay zone", "es": "Zona de retraso fenol\u00f3gico", "zh": "\u7269\u5019\u5ef6\u8fdf\u533a", "ro": "Zon\u0103 cu \u00eent\u00e2rziere fenologic\u0103"}, "pci_value": 0.2054288387298584, "policyRelevance": ["https://maytetoscano.github.io/Bioclima_OGC/def/policy/kmgbf-target-1", "https://maytetoscano.github.io/Bioclima_OGC/def/policy/kmgbf-target-8"]}}, {"type": "Feature", "id": "zone-00417", "geometry": {"type": "Polygon", "coordinates": [[[30.327425858734426, 64.66277147619898], [30.394063474815315, 64.66277147619898], [30.394063474815315, 64.72953002790778], [30.327425858734426, 64.72953002790778], [30.327425858734426, 64.66277147619898]]]}, "properties": {"category": "https://maytetoscano.github.io/Bioclima_OGC/def/indicator/zone-stable", "categoryKey": "stable", "categoryLabel": {"en": "Stable phenology zone", "es": "Zona de fenolog\u00eda estable", "zh": "\u7269\u5019\u7a33\u5b9a\u533a", "ro": "Zon\u0103 cu fenologie stabil\u0103"}, "pci_value": 0.18568317592144012, "policyRelevance": ["https://maytetoscano.github.io/Bioclima_OGC/def/policy/kmgbf-target-1", "https://maytetoscano.github.io/Bioclima_OGC/def/policy/kmgbf-target-8"]}}, {"type": "Feature", "id": "zone-00418", "geometry": {"type": "Polygon", "coordinates": [[[23.397113786321775, 64.92980568303423], [23.463751402402664, 64.92980568303423], [23.463751402402664, 64.99656423474303], [23.397113786321775, 64.99656423474303], [23.397113786321775, 64.92980568303423]]]}, "properties": {"category": "https://maytetoscano.github.io/Bioclima_OGC/def/indicator/zone-mild-advance", "categoryKey": "mild_advance", "categoryLabel": {"en": "Mild phenological advance", "es": "Adelanto fenol\u00f3gico leve", "zh": "\u7269\u5019\u8f7b\u5fae\u63d0\u524d", "ro": "Avans fenologic u\u0219or"}, "pci_value": -0.225912407040596, "policyRelevance": ["https://maytetoscano.github.io/Bioclima_OGC/def/policy/kmgbf-target-1", "https://maytetoscano.github.io/Bioclima_OGC/def/policy/kmgbf-target-8"]}}, {"type": "Feature", "id": "zone-00419", "geometry": {"type": "Polygon", "coordinates": [[[23.663664250645336, 64.92980568303423], [23.730301866726226, 64.92980568303423], [23.730301866726226, 64.99656423474303], [23.663664250645336, 64.99656423474303], [23.663664250645336, 64.92980568303423]]]}, "properties": {"category": "https://maytetoscano.github.io/Bioclima_OGC/def/indicator/zone-mild-advance", "categoryKey": "mild_advance", "categoryLabel": {"en": "Mild phenological advance", "es": "Adelanto fenol\u00f3gico leve", "zh": "\u7269\u5019\u8f7b\u5fae\u63d0\u524d", "ro": "Avans fenologic u\u0219or"}, "pci_value": -0.3339872360229492, "policyRelevance": ["https://maytetoscano.github.io/Bioclima_OGC/def/policy/kmgbf-target-1", "https://maytetoscano.github.io/Bioclima_OGC/def/policy/kmgbf-target-8"]}}, {"type": "Feature", "id": "zone-00420", "geometry": {"type": "Polygon", "coordinates": [[[23.9302147149689, 64.92980568303423], [23.99685233104979, 64.92980568303423], [23.99685233104979, 64.99656423474303], [23.9302147149689, 64.99656423474303], [23.9302147149689, 64.92980568303423]]]}, "properties": {"category": "https://maytetoscano.github.io/Bioclima_OGC/def/indicator/zone-mild-advance", "categoryKey": "mild_advance", "categoryLabel": {"en": "Mild phenological advance", "es": "Adelanto fenol\u00f3gico leve", "zh": "\u7269\u5019\u8f7b\u5fae\u63d0\u524d", "ro": "Avans fenologic u\u0219or"}, "pci_value": -0.22586679458618164, "policyRelevance": ["https://maytetoscano.github.io/Bioclima_OGC/def/policy/kmgbf-target-1", "https://maytetoscano.github.io/Bioclima_OGC/def/policy/kmgbf-target-8"]}}, {"type": "Feature", "id": "zone-00421", "geometry": {"type": "Polygon", "coordinates": [[[24.196765179292466, 64.92980568303423], [24.263402795373356, 64.92980568303423], [24.263402795373356, 64.99656423474303], [24.196765179292466, 64.99656423474303], [24.196765179292466, 64.92980568303423]]]}, "properties": {"category": "https://maytetoscano.github.io/Bioclima_OGC/def/indicator/zone-stable", "categoryKey": "stable", "categoryLabel": {"en": "Stable phenology zone", "es": "Zona de fenolog\u00eda estable", "zh": "\u7269\u5019\u7a33\u5b9a\u533a", "ro": "Zon\u0103 cu fenologie stabil\u0103"}, "pci_value": 0.013822992332279682, "policyRelevance": ["https://maytetoscano.github.io/Bioclima_OGC/def/policy/kmgbf-target-1", "https://maytetoscano.github.io/Bioclima_OGC/def/policy/kmgbf-target-8"]}}, {"type": "Feature", "id": "zone-00422", "geometry": {"type": "Polygon", "coordinates": [[[24.46331564361603, 64.92980568303423], [24.52995325969692, 64.92980568303423], [24.52995325969692, 64.99656423474303], [24.46331564361603, 64.99656423474303], [24.46331564361603, 64.92980568303423]]]}, "properties": {"category": "https://maytetoscano.github.io/Bioclima_OGC/def/indicator/zone-stable", "categoryKey": "stable", "categoryLabel": {"en": "Stable phenology zone", "es": "Zona de fenolog\u00eda estable", "zh": "\u7269\u5019\u7a33\u5b9a\u533a", "ro": "Zon\u0103 cu fenologie stabil\u0103"}, "pci_value": -0.03042883239686489, "policyRelevance": ["https://maytetoscano.github.io/Bioclima_OGC/def/policy/kmgbf-target-1", "https://maytetoscano.github.io/Bioclima_OGC/def/policy/kmgbf-target-8"]}}, {"type": "Feature", "id": "zone-00423", "geometry": {"type": "Polygon", "coordinates": [[[24.729866107939593, 64.92980568303423], [24.796503724020482, 64.92980568303423], [24.796503724020482, 64.99656423474303], [24.729866107939593, 64.99656423474303], [24.729866107939593, 64.92980568303423]]]}, "properties": {"category": "https://maytetoscano.github.io/Bioclima_OGC/def/indicator/zone-stable", "categoryKey": "stable", "categoryLabel": {"en": "Stable phenology zone", "es": "Zona de fenolog\u00eda estable", "zh": "\u7269\u5019\u7a33\u5b9a\u533a", "ro": "Zon\u0103 cu fenologie stabil\u0103"}, "pci_value": -0.037043794989585876, "policyRelevance": ["https://maytetoscano.github.io/Bioclima_OGC/def/policy/kmgbf-target-1", "https://maytetoscano.github.io/Bioclima_OGC/def/policy/kmgbf-target-8"]}}, {"type": "Feature", "id": "zone-00424", "geometry": {"type": "Polygon", "coordinates": [[[24.996416572263154, 64.92980568303423], [25.063054188344044, 64.92980568303423], [25.063054188344044, 64.99656423474303], [24.996416572263154, 64.99656423474303], [24.996416572263154, 64.92980568303423]]]}, "properties": {"category": "https://maytetoscano.github.io/Bioclima_OGC/def/indicator/zone-stable", "categoryKey": "stable", "categoryLabel": {"en": "Stable phenology zone", "es": "Zona de fenolog\u00eda estable", "zh": "\u7269\u5019\u7a33\u5b9a\u533a", "ro": "Zon\u0103 cu fenologie stabil\u0103"}, "pci_value": -0.05761861428618431, "policyRelevance": ["https://maytetoscano.github.io/Bioclima_OGC/def/policy/kmgbf-target-1", "https://maytetoscano.github.io/Bioclima_OGC/def/policy/kmgbf-target-8"]}}, {"type": "Feature", "id": "zone-00425", "geometry": {"type": "Polygon", "coordinates": [[[25.26296703658672, 64.92980568303423], [25.32960465266761, 64.92980568303423], [25.32960465266761, 64.99656423474303], [25.26296703658672, 64.99656423474303], [25.26296703658672, 64.92980568303423]]]}, "properties": {"category": "https://maytetoscano.github.io/Bioclima_OGC/def/indicator/zone-stable", "categoryKey": "stable", "categoryLabel": {"en": "Stable phenology zone", "es": "Zona de fenolog\u00eda estable", "zh": "\u7269\u5019\u7a33\u5b9a\u533a", "ro": "Zon\u0103 cu fenologie stabil\u0103"}, "pci_value": 0.12586678564548492, "policyRelevance": ["https://maytetoscano.github.io/Bioclima_OGC/def/policy/kmgbf-target-1", "https://maytetoscano.github.io/Bioclima_OGC/def/policy/kmgbf-target-8"]}}, {"type": "Feature", "id": "zone-00426", "geometry": {"type": "Polygon", "coordinates": [[[25.529517500910284, 64.92980568303423], [25.596155116991174, 64.92980568303423], [25.596155116991174, 64.99656423474303], [25.529517500910284, 64.99656423474303], [25.529517500910284, 64.92980568303423]]]}, "properties": {"category": "https://maytetoscano.github.io/Bioclima_OGC/def/indicator/zone-stable", "categoryKey": "stable", "categoryLabel": {"en": "Stable phenology zone", "es": "Zona de fenolog\u00eda estable", "zh": "\u7269\u5019\u7a33\u5b9a\u533a", "ro": "Zon\u0103 cu fenologie stabil\u0103"}, "pci_value": 0.11738138645887375, "policyRelevance": ["https://maytetoscano.github.io/Bioclima_OGC/def/policy/kmgbf-target-1", "https://maytetoscano.github.io/Bioclima_OGC/def/policy/kmgbf-target-8"]}}, {"type": "Feature", "id": "zone-00427", "geometry": {"type": "Polygon", "coordinates": [[[25.79606796523385, 64.92980568303423], [25.86270558131474, 64.92980568303423], [25.86270558131474, 64.99656423474303], [25.79606796523385, 64.99656423474303], [25.79606796523385, 64.92980568303423]]]}, "properties": {"category": "https://maytetoscano.github.io/Bioclima_OGC/def/indicator/zone-stable", "categoryKey": "stable", "categoryLabel": {"en": "Stable phenology zone", "es": "Zona de fenolog\u00eda estable", "zh": "\u7269\u5019\u7a33\u5b9a\u533a", "ro": "Zon\u0103 cu fenologie stabil\u0103"}, "pci_value": 0.03937043622136116, "policyRelevance": ["https://maytetoscano.github.io/Bioclima_OGC/def/policy/kmgbf-target-1", "https://maytetoscano.github.io/Bioclima_OGC/def/policy/kmgbf-target-8"]}}, {"type": "Feature", "id": "zone-00428", "geometry": {"type": "Polygon", "coordinates": [[[26.06261842955741, 64.92980568303423], [26.1292560456383, 64.92980568303423], [26.1292560456383, 64.99656423474303], [26.06261842955741, 64.99656423474303], [26.06261842955741, 64.92980568303423]]]}, "properties": {"category": "https://maytetoscano.github.io/Bioclima_OGC/def/indicator/zone-stable", "categoryKey": "stable", "categoryLabel": {"en": "Stable phenology zone", "es": "Zona de fenolog\u00eda estable", "zh": "\u7269\u5019\u7a33\u5b9a\u533a", "ro": "Zon\u0103 cu fenologie stabil\u0103"}, "pci_value": -0.03403105586767197, "policyRelevance": ["https://maytetoscano.github.io/Bioclima_OGC/def/policy/kmgbf-target-1", "https://maytetoscano.github.io/Bioclima_OGC/def/policy/kmgbf-target-8"]}}, {"type": "Feature", "id": "zone-00429", "geometry": {"type": "Polygon", "coordinates": [[[26.329168893880972, 64.92980568303423], [26.39580650996186, 64.92980568303423], [26.39580650996186, 64.99656423474303], [26.329168893880972, 64.99656423474303], [26.329168893880972, 64.92980568303423]]]}, "properties": {"category": "https://maytetoscano.github.io/Bioclima_OGC/def/indicator/zone-stable", "categoryKey": "stable", "categoryLabel": {"en": "Stable phenology zone", "es": "Zona de fenolog\u00eda estable", "zh": "\u7269\u5019\u7a33\u5b9a\u533a", "ro": "Zon\u0103 cu fenologie stabil\u0103"}, "pci_value": 0.09265510737895966, "policyRelevance": ["https://maytetoscano.github.io/Bioclima_OGC/def/policy/kmgbf-target-1", "https://maytetoscano.github.io/Bioclima_OGC/def/policy/kmgbf-target-8"]}}, {"type": "Feature", "id": "zone-00430", "geometry": {"type": "Polygon", "coordinates": [[[26.595719358204537, 64.92980568303423], [26.662356974285427, 64.92980568303423], [26.662356974285427, 64.99656423474303], [26.595719358204537, 64.99656423474303], [26.595719358204537, 64.92980568303423]]]}, "properties": {"category": "https://maytetoscano.github.io/Bioclima_OGC/def/indicator/zone-stable", "categoryKey": "stable", "categoryLabel": {"en": "Stable phenology zone", "es": "Zona de fenolog\u00eda estable", "zh": "\u7269\u5019\u7a33\u5b9a\u533a", "ro": "Zon\u0103 cu fenologie stabil\u0103"}, "pci_value": 0.12235401570796967, "policyRelevance": ["https://maytetoscano.github.io/Bioclima_OGC/def/policy/kmgbf-target-1", "https://maytetoscano.github.io/Bioclima_OGC/def/policy/kmgbf-target-8"]}}, {"type": "Feature", "id": "zone-00431", "geometry": {"type": "Polygon", "coordinates": [[[26.862269822528102, 64.92980568303423], [26.92890743860899, 64.92980568303423], [26.92890743860899, 64.99656423474303], [26.862269822528102, 64.99656423474303], [26.862269822528102, 64.92980568303423]]]}, "properties": {"category": "https://maytetoscano.github.io/Bioclima_OGC/def/indicator/zone-stable", "categoryKey": "stable", "categoryLabel": {"en": "Stable phenology zone", "es": "Zona de fenolog\u00eda estable", "zh": "\u7269\u5019\u7a33\u5b9a\u533a", "ro": "Zon\u0103 cu fenologie stabil\u0103"}, "pci_value": 0.1757299304008484, "policyRelevance": ["https://maytetoscano.github.io/Bioclima_OGC/def/policy/kmgbf-target-1", "https://maytetoscano.github.io/Bioclima_OGC/def/policy/kmgbf-target-8"]}}, {"type": "Feature", "id": "zone-00432", "geometry": {"type": "Polygon", "coordinates": [[[27.128820286851663, 64.92980568303423], [27.195457902932553, 64.92980568303423], [27.195457902932553, 64.99656423474303], [27.128820286851663, 64.99656423474303], [27.128820286851663, 64.92980568303423]]]}, "properties": {"category": "https://maytetoscano.github.io/Bioclima_OGC/def/indicator/zone-delay", "categoryKey": "delay", "categoryLabel": {"en": "Phenological delay zone", "es": "Zona de retraso fenol\u00f3gico", "zh": "\u7269\u5019\u5ef6\u8fdf\u533a", "ro": "Zon\u0103 cu \u00eent\u00e2rziere fenologic\u0103"}, "pci_value": 0.2152828425168991, "policyRelevance": ["https://maytetoscano.github.io/Bioclima_OGC/def/policy/kmgbf-target-1", "https://maytetoscano.github.io/Bioclima_OGC/def/policy/kmgbf-target-8"]}}, {"type": "Feature", "id": "zone-00433", "geometry": {"type": "Polygon", "coordinates": [[[27.395370751175225, 64.92980568303423], [27.462008367256114, 64.92980568303423], [27.462008367256114, 64.99656423474303], [27.395370751175225, 64.99656423474303], [27.395370751175225, 64.92980568303423]]]}, "properties": {"category": "https://maytetoscano.github.io/Bioclima_OGC/def/indicator/zone-stable", "categoryKey": "stable", "categoryLabel": {"en": "Stable phenology zone", "es": "Zona de fenolog\u00eda estable", "zh": "\u7269\u5019\u7a33\u5b9a\u533a", "ro": "Zon\u0103 cu fenologie stabil\u0103"}, "pci_value": 0.15634123980998993, "policyRelevance": ["https://maytetoscano.github.io/Bioclima_OGC/def/policy/kmgbf-target-1", "https://maytetoscano.github.io/Bioclima_OGC/def/policy/kmgbf-target-8"]}}, {"type": "Feature", "id": "zone-00434", "geometry": {"type": "Polygon", "coordinates": [[[27.66192121549879, 64.92980568303423], [27.72855883157968, 64.92980568303423], [27.72855883157968, 64.99656423474303], [27.66192121549879, 64.99656423474303], [27.66192121549879, 64.92980568303423]]]}, "properties": {"category": "https://maytetoscano.github.io/Bioclima_OGC/def/indicator/zone-stable", "categoryKey": "stable", "categoryLabel": {"en": "Stable phenology zone", "es": "Zona de fenolog\u00eda estable", "zh": "\u7269\u5019\u7a33\u5b9a\u533a", "ro": "Zon\u0103 cu fenologie stabil\u0103"}, "pci_value": 0.06829379498958588, "policyRelevance": ["https://maytetoscano.github.io/Bioclima_OGC/def/policy/kmgbf-target-1", "https://maytetoscano.github.io/Bioclima_OGC/def/policy/kmgbf-target-8"]}}, {"type": "Feature", "id": "zone-00435", "geometry": {"type": "Polygon", "coordinates": [[[27.928471679822355, 64.92980568303423], [27.995109295903244, 64.92980568303423], [27.995109295903244, 64.99656423474303], [27.928471679822355, 64.99656423474303], [27.928471679822355, 64.92980568303423]]]}, "properties": {"category": "https://maytetoscano.github.io/Bioclima_OGC/def/indicator/zone-stable", "categoryKey": "stable", "categoryLabel": {"en": "Stable phenology zone", "es": "Zona de fenolog\u00eda estable", "zh": "\u7269\u5019\u7a33\u5b9a\u533a", "ro": "Zon\u0103 cu fenologie stabil\u0103"}, "pci_value": 0.1378193497657776, "policyRelevance": ["https://maytetoscano.github.io/Bioclima_OGC/def/policy/kmgbf-target-1", "https://maytetoscano.github.io/Bioclima_OGC/def/policy/kmgbf-target-8"]}}, {"type": "Feature", "id": "zone-00436", "geometry": {"type": "Polygon", "coordinates": [[[28.19502214414592, 64.92980568303423], [28.26165976022681, 64.92980568303423], [28.26165976022681, 64.99656423474303], [28.19502214414592, 64.99656423474303], [28.19502214414592, 64.92980568303423]]]}, "properties": {"category": "https://maytetoscano.github.io/Bioclima_OGC/def/indicator/zone-stable", "categoryKey": "stable", "categoryLabel": {"en": "Stable phenology zone", "es": "Zona de fenolog\u00eda estable", "zh": "\u7269\u5019\u7a33\u5b9a\u533a", "ro": "Zon\u0103 cu fenologie stabil\u0103"}, "pci_value": 0.11546532809734344, "policyRelevance": ["https://maytetoscano.github.io/Bioclima_OGC/def/policy/kmgbf-target-1", "https://maytetoscano.github.io/Bioclima_OGC/def/policy/kmgbf-target-8"]}}, {"type": "Feature", "id": "zone-00437", "geometry": {"type": "Polygon", "coordinates": [[[28.46157260846948, 64.92980568303423], [28.52821022455037, 64.92980568303423], [28.52821022455037, 64.99656423474303], [28.46157260846948, 64.99656423474303], [28.46157260846948, 64.92980568303423]]]}, "properties": {"category": "https://maytetoscano.github.io/Bioclima_OGC/def/indicator/zone-stable", "categoryKey": "stable", "categoryLabel": {"en": "Stable phenology zone", "es": "Zona de fenolog\u00eda estable", "zh": "\u7269\u5019\u7a33\u5b9a\u533a", "ro": "Zon\u0103 cu fenologie stabil\u0103"}, "pci_value": 0.007116788532584906, "policyRelevance": ["https://maytetoscano.github.io/Bioclima_OGC/def/policy/kmgbf-target-1", "https://maytetoscano.github.io/Bioclima_OGC/def/policy/kmgbf-target-8"]}}, {"type": "Feature", "id": "zone-00438", "geometry": {"type": "Polygon", "coordinates": [[[28.728123072793043, 64.92980568303423], [28.794760688873932, 64.92980568303423], [28.794760688873932, 64.99656423474303], [28.728123072793043, 64.99656423474303], [28.728123072793043, 64.92980568303423]]]}, "properties": {"category": "https://maytetoscano.github.io/Bioclima_OGC/def/indicator/zone-stable", "categoryKey": "stable", "categoryLabel": {"en": "Stable phenology zone", "es": "Zona de fenolog\u00eda estable", "zh": "\u7269\u5019\u7a33\u5b9a\u533a", "ro": "Zon\u0103 cu fenologie stabil\u0103"}, "pci_value": 0.16774635016918182, "policyRelevance": ["https://maytetoscano.github.io/Bioclima_OGC/def/policy/kmgbf-target-1", "https://maytetoscano.github.io/Bioclima_OGC/def/policy/kmgbf-target-8"]}}, {"type": "Feature", "id": "zone-00439", "geometry": {"type": "Polygon", "coordinates": [[[28.994673537116608, 64.92980568303423], [29.061311153197497, 64.92980568303423], [29.061311153197497, 64.99656423474303], [28.994673537116608, 64.99656423474303], [28.994673537116608, 64.92980568303423]]]}, "properties": {"category": "https://maytetoscano.github.io/Bioclima_OGC/def/indicator/zone-delay", "categoryKey": "delay", "categoryLabel": {"en": "Phenological delay zone", "es": "Zona de retraso fenol\u00f3gico", "zh": "\u7269\u5019\u5ef6\u8fdf\u533a", "ro": "Zon\u0103 cu \u00eent\u00e2rziere fenologic\u0103"}, "pci_value": 0.21021898090839386, "policyRelevance": ["https://maytetoscano.github.io/Bioclima_OGC/def/policy/kmgbf-target-1", "https://maytetoscano.github.io/Bioclima_OGC/def/policy/kmgbf-target-8"]}}, {"type": "Feature", "id": "zone-00440", "geometry": {"type": "Polygon", "coordinates": [[[29.261224001440173, 64.92980568303423], [29.327861617521062, 64.92980568303423], [29.327861617521062, 64.99656423474303], [29.261224001440173, 64.99656423474303], [29.261224001440173, 64.92980568303423]]]}, "properties": {"category": "https://maytetoscano.github.io/Bioclima_OGC/def/indicator/zone-delay", "categoryKey": "delay", "categoryLabel": {"en": "Phenological delay zone", "es": "Zona de retraso fenol\u00f3gico", "zh": "\u7269\u5019\u5ef6\u8fdf\u533a", "ro": "Zon\u0103 cu \u00eent\u00e2rziere fenologic\u0103"}, "pci_value": 0.3226277232170105, "policyRelevance": ["https://maytetoscano.github.io/Bioclima_OGC/def/policy/kmgbf-target-1", "https://maytetoscano.github.io/Bioclima_OGC/def/policy/kmgbf-target-8"]}}, {"type": "Feature", "id": "zone-00441", "geometry": {"type": "Polygon", "coordinates": [[[29.527774465763734, 64.92980568303423], [29.594412081844624, 64.92980568303423], [29.594412081844624, 64.99656423474303], [29.527774465763734, 64.99656423474303], [29.527774465763734, 64.92980568303423]]]}, "properties": {"category": "https://maytetoscano.github.io/Bioclima_OGC/def/indicator/zone-delay", "categoryKey": "delay", "categoryLabel": {"en": "Phenological delay zone", "es": "Zona de retraso fenol\u00f3gico", "zh": "\u7269\u5019\u5ef6\u8fdf\u533a", "ro": "Zon\u0103 cu \u00eent\u00e2rziere fenologic\u0103"}, "pci_value": 0.2508668005466461, "policyRelevance": ["https://maytetoscano.github.io/Bioclima_OGC/def/policy/kmgbf-target-1", "https://maytetoscano.github.io/Bioclima_OGC/def/policy/kmgbf-target-8"]}}, {"type": "Feature", "id": "zone-00442", "geometry": {"type": "Polygon", "coordinates": [[[29.794324930087296, 64.92980568303423], [29.860962546168185, 64.92980568303423], [29.860962546168185, 64.99656423474303], [29.794324930087296, 64.99656423474303], [29.794324930087296, 64.92980568303423]]]}, "properties": {"category": "https://maytetoscano.github.io/Bioclima_OGC/def/indicator/zone-delay", "categoryKey": "delay", "categoryLabel": {"en": "Phenological delay zone", "es": "Zona de retraso fenol\u00f3gico", "zh": "\u7269\u5019\u5ef6\u8fdf\u533a", "ro": "Zon\u0103 cu \u00eent\u00e2rziere fenologic\u0103"}, "pci_value": 0.31181567907333374, "policyRelevance": ["https://maytetoscano.github.io/Bioclima_OGC/def/policy/kmgbf-target-1", "https://maytetoscano.github.io/Bioclima_OGC/def/policy/kmgbf-target-8"]}}, {"type": "Feature", "id": "zone-00443", "geometry": {"type": "Polygon", "coordinates": [[[30.06087539441086, 64.92980568303423], [30.12751301049175, 64.92980568303423], [30.12751301049175, 64.99656423474303], [30.06087539441086, 64.99656423474303], [30.06087539441086, 64.92980568303423]]]}, "properties": {"category": "https://maytetoscano.github.io/Bioclima_OGC/def/indicator/zone-delay", "categoryKey": "delay", "categoryLabel": {"en": "Phenological delay zone", "es": "Zona de retraso fenol\u00f3gico", "zh": "\u7269\u5019\u5ef6\u8fdf\u533a", "ro": "Zon\u0103 cu \u00eent\u00e2rziere fenologic\u0103"}, "pci_value": 0.24831204116344452, "policyRelevance": ["https://maytetoscano.github.io/Bioclima_OGC/def/policy/kmgbf-target-1", "https://maytetoscano.github.io/Bioclima_OGC/def/policy/kmgbf-target-8"]}}, {"type": "Feature", "id": "zone-00444", "geometry": {"type": "Polygon", "coordinates": [[[30.327425858734426, 64.92980568303423], [30.394063474815315, 64.92980568303423], [30.394063474815315, 64.99656423474303], [30.327425858734426, 64.99656423474303], [30.327425858734426, 64.92980568303423]]]}, "properties": {"category": "https://maytetoscano.github.io/Bioclima_OGC/def/indicator/zone-delay", "categoryKey": "delay", "categoryLabel": {"en": "Phenological delay zone", "es": "Zona de retraso fenol\u00f3gico", "zh": "\u7269\u5019\u5ef6\u8fdf\u533a", "ro": "Zon\u0103 cu \u00eent\u00e2rziere fenologic\u0103"}, "pci_value": 0.20775547623634338, "policyRelevance": ["https://maytetoscano.github.io/Bioclima_OGC/def/policy/kmgbf-target-1", "https://maytetoscano.github.io/Bioclima_OGC/def/policy/kmgbf-target-8"]}}, {"type": "Feature", "id": "zone-00445", "geometry": {"type": "Polygon", "coordinates": [[[22.597462393351083, 65.19683988986947], [22.664100009431973, 65.19683988986947], [22.664100009431973, 65.26359844157827], [22.597462393351083, 65.26359844157827], [22.597462393351083, 65.19683988986947]]]}, "properties": {"category": "https://maytetoscano.github.io/Bioclima_OGC/def/indicator/zone-stable", "categoryKey": "stable", "categoryLabel": {"en": "Stable phenology zone", "es": "Zona de fenolog\u00eda estable", "zh": "\u7269\u5019\u7a33\u5b9a\u533a", "ro": "Zon\u0103 cu fenologie stabil\u0103"}, "pci_value": 0.11838503926992416, "policyRelevance": ["https://maytetoscano.github.io/Bioclima_OGC/def/policy/kmgbf-target-1", "https://maytetoscano.github.io/Bioclima_OGC/def/policy/kmgbf-target-8"]}}, {"type": "Feature", "id": "zone-00446", "geometry": {"type": "Polygon", "coordinates": [[[22.86401285767465, 65.19683988986947], [22.930650473755538, 65.19683988986947], [22.930650473755538, 65.26359844157827], [22.86401285767465, 65.26359844157827], [22.86401285767465, 65.19683988986947]]]}, "properties": {"category": "https://maytetoscano.github.io/Bioclima_OGC/def/indicator/zone-stable", "categoryKey": "stable", "categoryLabel": {"en": "Stable phenology zone", "es": "Zona de fenolog\u00eda estable", "zh": "\u7269\u5019\u7a33\u5b9a\u533a", "ro": "Zon\u0103 cu fenologie stabil\u0103"}, "pci_value": 0.15716241300106049, "policyRelevance": ["https://maytetoscano.github.io/Bioclima_OGC/def/policy/kmgbf-target-1", "https://maytetoscano.github.io/Bioclima_OGC/def/policy/kmgbf-target-8"]}}, {"type": "Feature", "id": "zone-00447", "geometry": {"type": "Polygon", "coordinates": [[[23.130563321998213, 65.19683988986947], [23.197200938079103, 65.19683988986947], [23.197200938079103, 65.26359844157827], [23.130563321998213, 65.26359844157827], [23.130563321998213, 65.19683988986947]]]}, "properties": {"category": "https://maytetoscano.github.io/Bioclima_OGC/def/indicator/zone-stable", "categoryKey": "stable", "categoryLabel": {"en": "Stable phenology zone", "es": "Zona de fenolog\u00eda estable", "zh": "\u7269\u5019\u7a33\u5b9a\u533a", "ro": "Zon\u0103 cu fenologie stabil\u0103"}, "pci_value": -0.074543796479702, "policyRelevance": ["https://maytetoscano.github.io/Bioclima_OGC/def/policy/kmgbf-target-1", "https://maytetoscano.github.io/Bioclima_OGC/def/policy/kmgbf-target-8"]}}, {"type": "Feature", "id": "zone-00448", "geometry": {"type": "Polygon", "coordinates": [[[23.397113786321775, 65.19683988986947], [23.463751402402664, 65.19683988986947], [23.463751402402664, 65.26359844157827], [23.397113786321775, 65.26359844157827], [23.397113786321775, 65.19683988986947]]]}, "properties": {"category": "https://maytetoscano.github.io/Bioclima_OGC/def/indicator/zone-stable", "categoryKey": "stable", "categoryLabel": {"en": "Stable phenology zone", "es": "Zona de fenolog\u00eda estable", "zh": "\u7269\u5019\u7a33\u5b9a\u533a", "ro": "Zon\u0103 cu fenologie stabil\u0103"}, "pci_value": -0.07664233446121216, "policyRelevance": ["https://maytetoscano.github.io/Bioclima_OGC/def/policy/kmgbf-target-1", "https://maytetoscano.github.io/Bioclima_OGC/def/policy/kmgbf-target-8"]}}, {"type": "Feature", "id": "zone-00449", "geometry": {"type": "Polygon", "coordinates": [[[23.663664250645336, 65.19683988986947], [23.730301866726226, 65.19683988986947], [23.730301866726226, 65.26359844157827], [23.663664250645336, 65.26359844157827], [23.663664250645336, 65.19683988986947]]]}, "properties": {"category": "https://maytetoscano.github.io/Bioclima_OGC/def/indicator/zone-stable", "categoryKey": "stable", "categoryLabel": {"en": "Stable phenology zone", "es": "Zona de fenolog\u00eda estable", "zh": "\u7269\u5019\u7a33\u5b9a\u533a", "ro": "Zon\u0103 cu fenologie stabil\u0103"}, "pci_value": -0.08686131238937378, "policyRelevance": ["https://maytetoscano.github.io/Bioclima_OGC/def/policy/kmgbf-target-1", "https://maytetoscano.github.io/Bioclima_OGC/def/policy/kmgbf-target-8"]}}, {"type": "Feature", "id": "zone-00450", "geometry": {"type": "Polygon", "coordinates": [[[23.9302147149689, 65.19683988986947], [23.99685233104979, 65.19683988986947], [23.99685233104979, 65.26359844157827], [23.9302147149689, 65.26359844157827], [23.9302147149689, 65.19683988986947]]]}, "properties": {"category": "https://maytetoscano.github.io/Bioclima_OGC/def/indicator/zone-stable", "categoryKey": "stable", "categoryLabel": {"en": "Stable phenology zone", "es": "Zona de fenolog\u00eda estable", "zh": "\u7269\u5019\u7a33\u5b9a\u533a", "ro": "Zon\u0103 cu fenologie stabil\u0103"}, "pci_value": -0.047125913202762604, "policyRelevance": ["https://maytetoscano.github.io/Bioclima_OGC/def/policy/kmgbf-target-1", "https://maytetoscano.github.io/Bioclima_OGC/def/policy/kmgbf-target-8"]}}, {"type": "Feature", "id": "zone-00451", "geometry": {"type": "Polygon", "coordinates": [[[24.196765179292466, 65.19683988986947], [24.263402795373356, 65.19683988986947], [24.263402795373356, 65.26359844157827], [24.196765179292466, 65.26359844157827], [24.196765179292466, 65.19683988986947]]]}, "properties": {"category": "https://maytetoscano.github.io/Bioclima_OGC/def/indicator/zone-stable", "categoryKey": "stable", "categoryLabel": {"en": "Stable phenology zone", "es": "Zona de fenolog\u00eda estable", "zh": "\u7269\u5019\u7a33\u5b9a\u533a", "ro": "Zon\u0103 cu fenologie stabil\u0103"}, "pci_value": -0.055565692484378815, "policyRelevance": ["https://maytetoscano.github.io/Bioclima_OGC/def/policy/kmgbf-target-1", "https://maytetoscano.github.io/Bioclima_OGC/def/policy/kmgbf-target-8"]}}, {"type": "Feature", "id": "zone-00452", "geometry": {"type": "Polygon", "coordinates": [[[24.46331564361603, 65.19683988986947], [24.52995325969692, 65.19683988986947], [24.52995325969692, 65.26359844157827], [24.46331564361603, 65.26359844157827], [24.46331564361603, 65.19683988986947]]]}, "properties": {"category": "https://maytetoscano.github.io/Bioclima_OGC/def/indicator/zone-stable", "categoryKey": "stable", "categoryLabel": {"en": "Stable phenology zone", "es": "Zona de fenolog\u00eda estable", "zh": "\u7269\u5019\u7a33\u5b9a\u533a", "ro": "Zon\u0103 cu fenologie stabil\u0103"}, "pci_value": 0.09406934678554535, "policyRelevance": ["https://maytetoscano.github.io/Bioclima_OGC/def/policy/kmgbf-target-1", "https://maytetoscano.github.io/Bioclima_OGC/def/policy/kmgbf-target-8"]}}, {"type": "Feature", "id": "zone-00453", "geometry": {"type": "Polygon", "coordinates": [[[24.729866107939593, 65.19683988986947], [24.796503724020482, 65.19683988986947], [24.796503724020482, 65.26359844157827], [24.729866107939593, 65.26359844157827], [24.729866107939593, 65.19683988986947]]]}, "properties": {"category": "https://maytetoscano.github.io/Bioclima_OGC/def/indicator/zone-delay", "categoryKey": "delay", "categoryLabel": {"en": "Phenological delay zone", "es": "Zona de retraso fenol\u00f3gico", "zh": "\u7269\u5019\u5ef6\u8fdf\u533a", "ro": "Zon\u0103 cu \u00eent\u00e2rziere fenologic\u0103"}, "pci_value": 0.24187956750392914, "policyRelevance": ["https://maytetoscano.github.io/Bioclima_OGC/def/policy/kmgbf-target-1", "https://maytetoscano.github.io/Bioclima_OGC/def/policy/kmgbf-target-8"]}}, {"type": "Feature", "id": "zone-00454", "geometry": {"type": "Polygon", "coordinates": [[[24.996416572263154, 65.19683988986947], [25.063054188344044, 65.19683988986947], [25.063054188344044, 65.26359844157827], [24.996416572263154, 65.26359844157827], [24.996416572263154, 65.19683988986947]]]}, "properties": {"category": "https://maytetoscano.github.io/Bioclima_OGC/def/indicator/zone-stable", "categoryKey": "stable", "categoryLabel": {"en": "Stable phenology zone", "es": "Zona de fenolog\u00eda estable", "zh": "\u7269\u5019\u7a33\u5b9a\u533a", "ro": "Zon\u0103 cu fenologie stabil\u0103"}, "pci_value": 0.02988138608634472, "policyRelevance": ["https://maytetoscano.github.io/Bioclima_OGC/def/policy/kmgbf-target-1", "https://maytetoscano.github.io/Bioclima_OGC/def/policy/kmgbf-target-8"]}}, {"type": "Feature", "id": "zone-00455", "geometry": {"type": "Polygon", "coordinates": [[[25.26296703658672, 65.19683988986947], [25.32960465266761, 65.19683988986947], [25.32960465266761, 65.26359844157827], [25.26296703658672, 65.26359844157827], [25.26296703658672, 65.19683988986947]]]}, "properties": {"category": "https://maytetoscano.github.io/Bioclima_OGC/def/indicator/zone-stable", "categoryKey": "stable", "categoryLabel": {"en": "Stable phenology zone", "es": "Zona de fenolog\u00eda estable", "zh": "\u7269\u5019\u7a33\u5b9a\u533a", "ro": "Zon\u0103 cu fenologie stabil\u0103"}, "pci_value": 0.020346716046333313, "policyRelevance": ["https://maytetoscano.github.io/Bioclima_OGC/def/policy/kmgbf-target-1", "https://maytetoscano.github.io/Bioclima_OGC/def/policy/kmgbf-target-8"]}}, {"type": "Feature", "id": "zone-00456", "geometry": {"type": "Polygon", "coordinates": [[[25.529517500910284, 65.19683988986947], [25.596155116991174, 65.19683988986947], [25.596155116991174, 65.26359844157827], [25.529517500910284, 65.26359844157827], [25.529517500910284, 65.19683988986947]]]}, "properties": {"category": "https://maytetoscano.github.io/Bioclima_OGC/def/indicator/zone-stable", "categoryKey": "stable", "categoryLabel": {"en": "Stable phenology zone", "es": "Zona de fenolog\u00eda estable", "zh": "\u7269\u5019\u7a33\u5b9a\u533a", "ro": "Zon\u0103 cu fenologie stabil\u0103"}, "pci_value": 0.11085766553878784, "policyRelevance": ["https://maytetoscano.github.io/Bioclima_OGC/def/policy/kmgbf-target-1", "https://maytetoscano.github.io/Bioclima_OGC/def/policy/kmgbf-target-8"]}}, {"type": "Feature", "id": "zone-00457", "geometry": {"type": "Polygon", "coordinates": [[[25.79606796523385, 65.19683988986947], [25.86270558131474, 65.19683988986947], [25.86270558131474, 65.26359844157827], [25.79606796523385, 65.26359844157827], [25.79606796523385, 65.19683988986947]]]}, "properties": {"category": "https://maytetoscano.github.io/Bioclima_OGC/def/indicator/zone-delay", "categoryKey": "delay", "categoryLabel": {"en": "Phenological delay zone", "es": "Zona de retraso fenol\u00f3gico", "zh": "\u7269\u5019\u5ef6\u8fdf\u533a", "ro": "Zon\u0103 cu \u00eent\u00e2rziere fenologic\u0103"}, "pci_value": 0.2447536438703537, "policyRelevance": ["https://maytetoscano.github.io/Bioclima_OGC/def/policy/kmgbf-target-1", "https://maytetoscano.github.io/Bioclima_OGC/def/policy/kmgbf-target-8"]}}, {"type": "Feature", "id": "zone-00458", "geometry": {"type": "Polygon", "coordinates": [[[26.06261842955741, 65.19683988986947], [26.1292560456383, 65.19683988986947], [26.1292560456383, 65.26359844157827], [26.06261842955741, 65.26359844157827], [26.06261842955741, 65.19683988986947]]]}, "properties": {"category": "https://maytetoscano.github.io/Bioclima_OGC/def/indicator/zone-stable", "categoryKey": "stable", "categoryLabel": {"en": "Stable phenology zone", "es": "Zona de fenolog\u00eda estable", "zh": "\u7269\u5019\u7a33\u5b9a\u533a", "ro": "Zon\u0103 cu fenologie stabil\u0103"}, "pci_value": 0.1438412368297577, "policyRelevance": ["https://maytetoscano.github.io/Bioclima_OGC/def/policy/kmgbf-target-1", "https://maytetoscano.github.io/Bioclima_OGC/def/policy/kmgbf-target-8"]}}, {"type": "Feature", "id": "zone-00459", "geometry": {"type": "Polygon", "coordinates": [[[26.329168893880972, 65.19683988986947], [26.39580650996186, 65.19683988986947], [26.39580650996186, 65.26359844157827], [26.329168893880972, 65.26359844157827], [26.329168893880972, 65.19683988986947]]]}, "properties": {"category": "https://maytetoscano.github.io/Bioclima_OGC/def/indicator/zone-stable", "categoryKey": "stable", "categoryLabel": {"en": "Stable phenology zone", "es": "Zona de fenolog\u00eda estable", "zh": "\u7269\u5019\u7a33\u5b9a\u533a", "ro": "Zon\u0103 cu fenologie stabil\u0103"}, "pci_value": 0.07591240853071213, "policyRelevance": ["https://maytetoscano.github.io/Bioclima_OGC/def/policy/kmgbf-target-1", "https://maytetoscano.github.io/Bioclima_OGC/def/policy/kmgbf-target-8"]}}, {"type": "Feature", "id": "zone-00460", "geometry": {"type": "Polygon", "coordinates": [[[26.595719358204537, 65.19683988986947], [26.662356974285427, 65.19683988986947], [26.662356974285427, 65.26359844157827], [26.595719358204537, 65.26359844157827], [26.595719358204537, 65.19683988986947]]]}, "properties": {"category": "https://maytetoscano.github.io/Bioclima_OGC/def/indicator/zone-stable", "categoryKey": "stable", "categoryLabel": {"en": "Stable phenology zone", "es": "Zona de fenolog\u00eda estable", "zh": "\u7269\u5019\u7a33\u5b9a\u533a", "ro": "Zon\u0103 cu fenologie stabil\u0103"}, "pci_value": 0.12349452823400497, "policyRelevance": ["https://maytetoscano.github.io/Bioclima_OGC/def/policy/kmgbf-target-1", "https://maytetoscano.github.io/Bioclima_OGC/def/policy/kmgbf-target-8"]}}, {"type": "Feature", "id": "zone-00461", "geometry": {"type": "Polygon", "coordinates": [[[26.862269822528102, 65.19683988986947], [26.92890743860899, 65.19683988986947], [26.92890743860899, 65.26359844157827], [26.862269822528102, 65.26359844157827], [26.862269822528102, 65.19683988986947]]]}, "properties": {"category": "https://maytetoscano.github.io/Bioclima_OGC/def/indicator/zone-stable", "categoryKey": "stable", "categoryLabel": {"en": "Stable phenology zone", "es": "Zona de fenolog\u00eda estable", "zh": "\u7269\u5019\u7a33\u5b9a\u533a", "ro": "Zon\u0103 cu fenologie stabil\u0103"}, "pci_value": 0.0017791971331462264, "policyRelevance": ["https://maytetoscano.github.io/Bioclima_OGC/def/policy/kmgbf-target-1", "https://maytetoscano.github.io/Bioclima_OGC/def/policy/kmgbf-target-8"]}}, {"type": "Feature", "id": "zone-00462", "geometry": {"type": "Polygon", "coordinates": [[[27.128820286851663, 65.19683988986947], [27.195457902932553, 65.19683988986947], [27.195457902932553, 65.26359844157827], [27.128820286851663, 65.26359844157827], [27.128820286851663, 65.19683988986947]]]}, "properties": {"category": "https://maytetoscano.github.io/Bioclima_OGC/def/indicator/zone-stable", "categoryKey": "stable", "categoryLabel": {"en": "Stable phenology zone", "es": "Zona de fenolog\u00eda estable", "zh": "\u7269\u5019\u7a33\u5b9a\u533a", "ro": "Zon\u0103 cu fenologie stabil\u0103"}, "pci_value": 0.08476277440786362, "policyRelevance": ["https://maytetoscano.github.io/Bioclima_OGC/def/policy/kmgbf-target-1", "https://maytetoscano.github.io/Bioclima_OGC/def/policy/kmgbf-target-8"]}}, {"type": "Feature", "id": "zone-00463", "geometry": {"type": "Polygon", "coordinates": [[[27.395370751175225, 65.19683988986947], [27.462008367256114, 65.19683988986947], [27.462008367256114, 65.26359844157827], [27.395370751175225, 65.26359844157827], [27.395370751175225, 65.19683988986947]]]}, "properties": {"category": "https://maytetoscano.github.io/Bioclima_OGC/def/indicator/zone-stable", "categoryKey": "stable", "categoryLabel": {"en": "Stable phenology zone", "es": "Zona de fenolog\u00eda estable", "zh": "\u7269\u5019\u7a33\u5b9a\u533a", "ro": "Zon\u0103 cu fenologie stabil\u0103"}, "pci_value": 0.07855839282274246, "policyRelevance": ["https://maytetoscano.github.io/Bioclima_OGC/def/policy/kmgbf-target-1", "https://maytetoscano.github.io/Bioclima_OGC/def/policy/kmgbf-target-8"]}}, {"type": "Feature", "id": "zone-00464", "geometry": {"type": "Polygon", "coordinates": [[[27.66192121549879, 65.19683988986947], [27.72855883157968, 65.19683988986947], [27.72855883157968, 65.26359844157827], [27.66192121549879, 65.26359844157827], [27.66192121549879, 65.19683988986947]]]}, "properties": {"category": "https://maytetoscano.github.io/Bioclima_OGC/def/indicator/zone-stable", "categoryKey": "stable", "categoryLabel": {"en": "Stable phenology zone", "es": "Zona de fenolog\u00eda estable", "zh": "\u7269\u5019\u7a33\u5b9a\u533a", "ro": "Zon\u0103 cu fenologie stabil\u0103"}, "pci_value": 0.11989051103591919, "policyRelevance": ["https://maytetoscano.github.io/Bioclima_OGC/def/policy/kmgbf-target-1", "https://maytetoscano.github.io/Bioclima_OGC/def/policy/kmgbf-target-8"]}}, {"type": "Feature", "id": "zone-00465", "geometry": {"type": "Polygon", "coordinates": [[[27.928471679822355, 65.19683988986947], [27.995109295903244, 65.19683988986947], [27.995109295903244, 65.26359844157827], [27.928471679822355, 65.26359844157827], [27.928471679822355, 65.19683988986947]]]}, "properties": {"category": "https://maytetoscano.github.io/Bioclima_OGC/def/indicator/zone-stable", "categoryKey": "stable", "categoryLabel": {"en": "Stable phenology zone", "es": "Zona de fenolog\u00eda estable", "zh": "\u7269\u5019\u7a33\u5b9a\u533a", "ro": "Zon\u0103 cu fenologie stabil\u0103"}, "pci_value": 0.09530109167098999, "policyRelevance": ["https://maytetoscano.github.io/Bioclima_OGC/def/policy/kmgbf-target-1", "https://maytetoscano.github.io/Bioclima_OGC/def/policy/kmgbf-target-8"]}}, {"type": "Feature", "id": "zone-00466", "geometry": {"type": "Polygon", "coordinates": [[[28.19502214414592, 65.19683988986947], [28.26165976022681, 65.19683988986947], [28.26165976022681, 65.26359844157827], [28.19502214414592, 65.26359844157827], [28.19502214414592, 65.19683988986947]]]}, "properties": {"category": "https://maytetoscano.github.io/Bioclima_OGC/def/indicator/zone-delay", "categoryKey": "delay", "categoryLabel": {"en": "Phenological delay zone", "es": "Zona de retraso fenol\u00f3gico", "zh": "\u7269\u5019\u5ef6\u8fdf\u533a", "ro": "Zon\u0103 cu \u00eent\u00e2rziere fenologic\u0103"}, "pci_value": 0.20807482302188873, "policyRelevance": ["https://maytetoscano.github.io/Bioclima_OGC/def/policy/kmgbf-target-1", "https://maytetoscano.github.io/Bioclima_OGC/def/policy/kmgbf-target-8"]}}, {"type": "Feature", "id": "zone-00467", "geometry": {"type": "Polygon", "coordinates": [[[28.46157260846948, 65.19683988986947], [28.52821022455037, 65.19683988986947], [28.52821022455037, 65.26359844157827], [28.46157260846948, 65.26359844157827], [28.46157260846948, 65.19683988986947]]]}, "properties": {"category": "https://maytetoscano.github.io/Bioclima_OGC/def/indicator/zone-delay", "categoryKey": "delay", "categoryLabel": {"en": "Phenological delay zone", "es": "Zona de retraso fenol\u00f3gico", "zh": "\u7269\u5019\u5ef6\u8fdf\u533a", "ro": "Zon\u0103 cu \u00eent\u00e2rziere fenologic\u0103"}, "pci_value": 0.2866332232952118, "policyRelevance": ["https://maytetoscano.github.io/Bioclima_OGC/def/policy/kmgbf-target-1", "https://maytetoscano.github.io/Bioclima_OGC/def/policy/kmgbf-target-8"]}}, {"type": "Feature", "id": "zone-00468", "geometry": {"type": "Polygon", "coordinates": [[[28.728123072793043, 65.19683988986947], [28.794760688873932, 65.19683988986947], [28.794760688873932, 65.26359844157827], [28.728123072793043, 65.26359844157827], [28.728123072793043, 65.19683988986947]]]}, "properties": {"category": "https://maytetoscano.github.io/Bioclima_OGC/def/indicator/zone-stable", "categoryKey": "stable", "categoryLabel": {"en": "Stable phenology zone", "es": "Zona de fenolog\u00eda estable", "zh": "\u7269\u5019\u7a33\u5b9a\u533a", "ro": "Zon\u0103 cu fenologie stabil\u0103"}, "pci_value": 0.1123175173997879, "policyRelevance": ["https://maytetoscano.github.io/Bioclima_OGC/def/policy/kmgbf-target-1", "https://maytetoscano.github.io/Bioclima_OGC/def/policy/kmgbf-target-8"]}}, {"type": "Feature", "id": "zone-00469", "geometry": {"type": "Polygon", "coordinates": [[[28.994673537116608, 65.19683988986947], [29.061311153197497, 65.19683988986947], [29.061311153197497, 65.26359844157827], [28.994673537116608, 65.26359844157827], [28.994673537116608, 65.19683988986947]]]}, "properties": {"category": "https://maytetoscano.github.io/Bioclima_OGC/def/indicator/zone-stable", "categoryKey": "stable", "categoryLabel": {"en": "Stable phenology zone", "es": "Zona de fenolog\u00eda estable", "zh": "\u7269\u5019\u7a33\u5b9a\u533a", "ro": "Zon\u0103 cu fenologie stabil\u0103"}, "pci_value": 0.15629562735557556, "policyRelevance": ["https://maytetoscano.github.io/Bioclima_OGC/def/policy/kmgbf-target-1", "https://maytetoscano.github.io/Bioclima_OGC/def/policy/kmgbf-target-8"]}}, {"type": "Feature", "id": "zone-00470", "geometry": {"type": "Polygon", "coordinates": [[[29.261224001440173, 65.19683988986947], [29.327861617521062, 65.19683988986947], [29.327861617521062, 65.26359844157827], [29.261224001440173, 65.26359844157827], [29.261224001440173, 65.19683988986947]]]}, "properties": {"category": "https://maytetoscano.github.io/Bioclima_OGC/def/indicator/zone-stable", "categoryKey": "stable", "categoryLabel": {"en": "Stable phenology zone", "es": "Zona de fenolog\u00eda estable", "zh": "\u7269\u5019\u7a33\u5b9a\u533a", "ro": "Zon\u0103 cu fenologie stabil\u0103"}, "pci_value": 0.17299270629882812, "policyRelevance": ["https://maytetoscano.github.io/Bioclima_OGC/def/policy/kmgbf-target-1", "https://maytetoscano.github.io/Bioclima_OGC/def/policy/kmgbf-target-8"]}}, {"type": "Feature", "id": "zone-00471", "geometry": {"type": "Polygon", "coordinates": [[[29.527774465763734, 65.19683988986947], [29.594412081844624, 65.19683988986947], [29.594412081844624, 65.26359844157827], [29.527774465763734, 65.26359844157827], [29.527774465763734, 65.19683988986947]]]}, "properties": {"category": "https://maytetoscano.github.io/Bioclima_OGC/def/indicator/zone-delay", "categoryKey": "delay", "categoryLabel": {"en": "Phenological delay zone", "es": "Zona de retraso fenol\u00f3gico", "zh": "\u7269\u5019\u5ef6\u8fdf\u533a", "ro": "Zon\u0103 cu \u00eent\u00e2rziere fenologic\u0103"}, "pci_value": 0.2877737283706665, "policyRelevance": ["https://maytetoscano.github.io/Bioclima_OGC/def/policy/kmgbf-target-1", "https://maytetoscano.github.io/Bioclima_OGC/def/policy/kmgbf-target-8"]}}, {"type": "Feature", "id": "zone-00472", "geometry": {"type": "Polygon", "coordinates": [[[29.794324930087296, 65.19683988986947], [29.860962546168185, 65.19683988986947], [29.860962546168185, 65.26359844157827], [29.794324930087296, 65.26359844157827], [29.794324930087296, 65.19683988986947]]]}, "properties": {"category": "https://maytetoscano.github.io/Bioclima_OGC/def/indicator/zone-stable", "categoryKey": "stable", "categoryLabel": {"en": "Stable phenology zone", "es": "Zona de fenolog\u00eda estable", "zh": "\u7269\u5019\u7a33\u5b9a\u533a", "ro": "Zon\u0103 cu fenologie stabil\u0103"}, "pci_value": 0.15255475044250488, "policyRelevance": ["https://maytetoscano.github.io/Bioclima_OGC/def/policy/kmgbf-target-1", "https://maytetoscano.github.io/Bioclima_OGC/def/policy/kmgbf-target-8"]}}, {"type": "Feature", "id": "zone-00473", "geometry": {"type": "Polygon", "coordinates": [[[22.330911929027522, 65.46387409670471], [22.39754954510841, 65.46387409670471], [22.39754954510841, 65.53063264841352], [22.330911929027522, 65.53063264841352], [22.330911929027522, 65.46387409670471]]]}, "properties": {"category": "https://maytetoscano.github.io/Bioclima_OGC/def/indicator/zone-stable", "categoryKey": "stable", "categoryLabel": {"en": "Stable phenology zone", "es": "Zona de fenolog\u00eda estable", "zh": "\u7269\u5019\u7a33\u5b9a\u533a", "ro": "Zon\u0103 cu fenologie stabil\u0103"}, "pci_value": -0.05748175084590912, "policyRelevance": ["https://maytetoscano.github.io/Bioclima_OGC/def/policy/kmgbf-target-1", "https://maytetoscano.github.io/Bioclima_OGC/def/policy/kmgbf-target-8"]}}, {"type": "Feature", "id": "zone-00474", "geometry": {"type": "Polygon", "coordinates": [[[22.597462393351083, 65.46387409670471], [22.664100009431973, 65.46387409670471], [22.664100009431973, 65.53063264841352], [22.597462393351083, 65.53063264841352], [22.597462393351083, 65.46387409670471]]]}, "properties": {"category": "https://maytetoscano.github.io/Bioclima_OGC/def/indicator/zone-mild-advance", "categoryKey": "mild_advance", "categoryLabel": {"en": "Mild phenological advance", "es": "Adelanto fenol\u00f3gico leve", "zh": "\u7269\u5019\u8f7b\u5fae\u63d0\u524d", "ro": "Avans fenologic u\u0219or"}, "pci_value": -0.25287407636642456, "policyRelevance": ["https://maytetoscano.github.io/Bioclima_OGC/def/policy/kmgbf-target-1", "https://maytetoscano.github.io/Bioclima_OGC/def/policy/kmgbf-target-8"]}}, {"type": "Feature", "id": "zone-00475", "geometry": {"type": "Polygon", "coordinates": [[[22.86401285767465, 65.46387409670471], [22.930650473755538, 65.46387409670471], [22.930650473755538, 65.53063264841352], [22.86401285767465, 65.53063264841352], [22.86401285767465, 65.46387409670471]]]}, "properties": {"category": "https://maytetoscano.github.io/Bioclima_OGC/def/indicator/zone-stable", "categoryKey": "stable", "categoryLabel": {"en": "Stable phenology zone", "es": "Zona de fenolog\u00eda estable", "zh": "\u7269\u5019\u7a33\u5b9a\u533a", "ro": "Zon\u0103 cu fenologie stabil\u0103"}, "pci_value": -0.1264142394065857, "policyRelevance": ["https://maytetoscano.github.io/Bioclima_OGC/def/policy/kmgbf-target-1", "https://maytetoscano.github.io/Bioclima_OGC/def/policy/kmgbf-target-8"]}}, {"type": "Feature", "id": "zone-00476", "geometry": {"type": "Polygon", "coordinates": [[[23.130563321998213, 65.46387409670471], [23.197200938079103, 65.46387409670471], [23.197200938079103, 65.53063264841352], [23.130563321998213, 65.53063264841352], [23.130563321998213, 65.46387409670471]]]}, "properties": {"category": "https://maytetoscano.github.io/Bioclima_OGC/def/indicator/zone-stable", "categoryKey": "stable", "categoryLabel": {"en": "Stable phenology zone", "es": "Zona de fenolog\u00eda estable", "zh": "\u7269\u5019\u7a33\u5b9a\u533a", "ro": "Zon\u0103 cu fenologie stabil\u0103"}, "pci_value": -0.15529197454452515, "policyRelevance": ["https://maytetoscano.github.io/Bioclima_OGC/def/policy/kmgbf-target-1", "https://maytetoscano.github.io/Bioclima_OGC/def/policy/kmgbf-target-8"]}}, {"type": "Feature", "id": "zone-00477", "geometry": {"type": "Polygon", "coordinates": [[[23.397113786321775, 65.46387409670471], [23.463751402402664, 65.46387409670471], [23.463751402402664, 65.53063264841352], [23.397113786321775, 65.53063264841352], [23.397113786321775, 65.46387409670471]]]}, "properties": {"category": "https://maytetoscano.github.io/Bioclima_OGC/def/indicator/zone-stable", "categoryKey": "stable", "categoryLabel": {"en": "Stable phenology zone", "es": "Zona de fenolog\u00eda estable", "zh": "\u7269\u5019\u7a33\u5b9a\u533a", "ro": "Zon\u0103 cu fenologie stabil\u0103"}, "pci_value": -0.19484488666057587, "policyRelevance": ["https://maytetoscano.github.io/Bioclima_OGC/def/policy/kmgbf-target-1", "https://maytetoscano.github.io/Bioclima_OGC/def/policy/kmgbf-target-8"]}}, {"type": "Feature", "id": "zone-00478", "geometry": {"type": "Polygon", "coordinates": [[[23.663664250645336, 65.46387409670471], [23.730301866726226, 65.46387409670471], [23.730301866726226, 65.53063264841352], [23.663664250645336, 65.53063264841352], [23.663664250645336, 65.46387409670471]]]}, "properties": {"category": "https://maytetoscano.github.io/Bioclima_OGC/def/indicator/zone-stable", "categoryKey": "stable", "categoryLabel": {"en": "Stable phenology zone", "es": "Zona de fenolog\u00eda estable", "zh": "\u7269\u5019\u7a33\u5b9a\u533a", "ro": "Zon\u0103 cu fenologie stabil\u0103"}, "pci_value": -0.07718978077173233, "policyRelevance": ["https://maytetoscano.github.io/Bioclima_OGC/def/policy/kmgbf-target-1", "https://maytetoscano.github.io/Bioclima_OGC/def/policy/kmgbf-target-8"]}}, {"type": "Feature", "id": "zone-00479", "geometry": {"type": "Polygon", "coordinates": [[[23.9302147149689, 65.46387409670471], [23.99685233104979, 65.46387409670471], [23.99685233104979, 65.53063264841352], [23.9302147149689, 65.53063264841352], [23.9302147149689, 65.46387409670471]]]}, "properties": {"category": "https://maytetoscano.github.io/Bioclima_OGC/def/indicator/zone-stable", "categoryKey": "stable", "categoryLabel": {"en": "Stable phenology zone", "es": "Zona de fenolog\u00eda estable", "zh": "\u7269\u5019\u7a33\u5b9a\u533a", "ro": "Zon\u0103 cu fenologie stabil\u0103"}, "pci_value": -0.07805656641721725, "policyRelevance": ["https://maytetoscano.github.io/Bioclima_OGC/def/policy/kmgbf-target-1", "https://maytetoscano.github.io/Bioclima_OGC/def/policy/kmgbf-target-8"]}}, {"type": "Feature", "id": "zone-00480", "geometry": {"type": "Polygon", "coordinates": [[[24.196765179292466, 65.46387409670471], [24.263402795373356, 65.46387409670471], [24.263402795373356, 65.53063264841352], [24.196765179292466, 65.53063264841352], [24.196765179292466, 65.46387409670471]]]}, "properties": {"category": "https://maytetoscano.github.io/Bioclima_OGC/def/indicator/zone-stable", "categoryKey": "stable", "categoryLabel": {"en": "Stable phenology zone", "es": "Zona de fenolog\u00eda estable", "zh": "\u7269\u5019\u7a33\u5b9a\u533a", "ro": "Zon\u0103 cu fenologie stabil\u0103"}, "pci_value": 0.07586678862571716, "policyRelevance": ["https://maytetoscano.github.io/Bioclima_OGC/def/policy/kmgbf-target-1", "https://maytetoscano.github.io/Bioclima_OGC/def/policy/kmgbf-target-8"]}}, {"type": "Feature", "id": "zone-00481", "geometry": {"type": "Polygon", "coordinates": [[[24.46331564361603, 65.46387409670471], [24.52995325969692, 65.46387409670471], [24.52995325969692, 65.53063264841352], [24.46331564361603, 65.53063264841352], [24.46331564361603, 65.46387409670471]]]}, "properties": {"category": "https://maytetoscano.github.io/Bioclima_OGC/def/indicator/zone-stable", "categoryKey": "stable", "categoryLabel": {"en": "Stable phenology zone", "es": "Zona de fenolog\u00eda estable", "zh": "\u7269\u5019\u7a33\u5b9a\u533a", "ro": "Zon\u0103 cu fenologie stabil\u0103"}, "pci_value": 0.07173670083284378, "policyRelevance": ["https://maytetoscano.github.io/Bioclima_OGC/def/policy/kmgbf-target-1", "https://maytetoscano.github.io/Bioclima_OGC/def/policy/kmgbf-target-8"]}}, {"type": "Feature", "id": "zone-00482", "geometry": {"type": "Polygon", "coordinates": [[[24.729866107939593, 65.46387409670471], [24.796503724020482, 65.46387409670471], [24.796503724020482, 65.53063264841352], [24.729866107939593, 65.53063264841352], [24.729866107939593, 65.46387409670471]]]}, "properties": {"category": "https://maytetoscano.github.io/Bioclima_OGC/def/indicator/zone-stable", "categoryKey": "stable", "categoryLabel": {"en": "Stable phenology zone", "es": "Zona de fenolog\u00eda estable", "zh": "\u7269\u5019\u7a33\u5b9a\u533a", "ro": "Zon\u0103 cu fenologie stabil\u0103"}, "pci_value": 0.11049269884824753, "policyRelevance": ["https://maytetoscano.github.io/Bioclima_OGC/def/policy/kmgbf-target-1", "https://maytetoscano.github.io/Bioclima_OGC/def/policy/kmgbf-target-8"]}}, {"type": "Feature", "id": "zone-00483", "geometry": {"type": "Polygon", "coordinates": [[[24.996416572263154, 65.46387409670471], [25.063054188344044, 65.46387409670471], [25.063054188344044, 65.53063264841352], [24.996416572263154, 65.53063264841352], [24.996416572263154, 65.46387409670471]]]}, "properties": {"category": "https://maytetoscano.github.io/Bioclima_OGC/def/indicator/zone-stable", "categoryKey": "stable", "categoryLabel": {"en": "Stable phenology zone", "es": "Zona de fenolog\u00eda estable", "zh": "\u7269\u5019\u7a33\u5b9a\u533a", "ro": "Zon\u0103 cu fenologie stabil\u0103"}, "pci_value": -0.0003649634891189635, "policyRelevance": ["https://maytetoscano.github.io/Bioclima_OGC/def/policy/kmgbf-target-1", "https://maytetoscano.github.io/Bioclima_OGC/def/policy/kmgbf-target-8"]}}, {"type": "Feature", "id": "zone-00484", "geometry": {"type": "Polygon", "coordinates": [[[25.26296703658672, 65.46387409670471], [25.32960465266761, 65.46387409670471], [25.32960465266761, 65.53063264841352], [25.26296703658672, 65.53063264841352], [25.26296703658672, 65.46387409670471]]]}, "properties": {"category": "https://maytetoscano.github.io/Bioclima_OGC/def/indicator/zone-delay", "categoryKey": "delay", "categoryLabel": {"en": "Phenological delay zone", "es": "Zona de retraso fenol\u00f3gico", "zh": "\u7269\u5019\u5ef6\u8fdf\u533a", "ro": "Zon\u0103 cu \u00eent\u00e2rziere fenologic\u0103"}, "pci_value": 0.22673358023166656, "policyRelevance": ["https://maytetoscano.github.io/Bioclima_OGC/def/policy/kmgbf-target-1", "https://maytetoscano.github.io/Bioclima_OGC/def/policy/kmgbf-target-8"]}}, {"type": "Feature", "id": "zone-00485", "geometry": {"type": "Polygon", "coordinates": [[[25.529517500910284, 65.46387409670471], [25.596155116991174, 65.46387409670471], [25.596155116991174, 65.53063264841352], [25.529517500910284, 65.53063264841352], [25.529517500910284, 65.46387409670471]]]}, "properties": {"category": "https://maytetoscano.github.io/Bioclima_OGC/def/indicator/zone-stable", "categoryKey": "stable", "categoryLabel": {"en": "Stable phenology zone", "es": "Zona de fenolog\u00eda estable", "zh": "\u7269\u5019\u7a33\u5b9a\u533a", "ro": "Zon\u0103 cu fenologie stabil\u0103"}, "pci_value": 0.12144160270690918, "policyRelevance": ["https://maytetoscano.github.io/Bioclima_OGC/def/policy/kmgbf-target-1", "https://maytetoscano.github.io/Bioclima_OGC/def/policy/kmgbf-target-8"]}}, {"type": "Feature", "id": "zone-00486", "geometry": {"type": "Polygon", "coordinates": [[[25.79606796523385, 65.46387409670471], [25.86270558131474, 65.46387409670471], [25.86270558131474, 65.53063264841352], [25.79606796523385, 65.53063264841352], [25.79606796523385, 65.46387409670471]]]}, "properties": {"category": "https://maytetoscano.github.io/Bioclima_OGC/def/indicator/zone-stable", "categoryKey": "stable", "categoryLabel": {"en": "Stable phenology zone", "es": "Zona de fenolog\u00eda estable", "zh": "\u7269\u5019\u7a33\u5b9a\u533a", "ro": "Zon\u0103 cu fenologie stabil\u0103"}, "pci_value": 0.08809306472539902, "policyRelevance": ["https://maytetoscano.github.io/Bioclima_OGC/def/policy/kmgbf-target-1", "https://maytetoscano.github.io/Bioclima_OGC/def/policy/kmgbf-target-8"]}}, {"type": "Feature", "id": "zone-00487", "geometry": {"type": "Polygon", "coordinates": [[[26.06261842955741, 65.46387409670471], [26.1292560456383, 65.46387409670471], [26.1292560456383, 65.53063264841352], [26.06261842955741, 65.53063264841352], [26.06261842955741, 65.46387409670471]]]}, "properties": {"category": "https://maytetoscano.github.io/Bioclima_OGC/def/indicator/zone-delay", "categoryKey": "delay", "categoryLabel": {"en": "Phenological delay zone", "es": "Zona de retraso fenol\u00f3gico", "zh": "\u7269\u5019\u5ef6\u8fdf\u533a", "ro": "Zon\u0103 cu \u00eent\u00e2rziere fenologic\u0103"}, "pci_value": 0.20524634420871735, "policyRelevance": ["https://maytetoscano.github.io/Bioclima_OGC/def/policy/kmgbf-target-1", "https://maytetoscano.github.io/Bioclima_OGC/def/policy/kmgbf-target-8"]}}, {"type": "Feature", "id": "zone-00488", "geometry": {"type": "Polygon", "coordinates": [[[26.329168893880972, 65.46387409670471], [26.39580650996186, 65.46387409670471], [26.39580650996186, 65.53063264841352], [26.329168893880972, 65.53063264841352], [26.329168893880972, 65.46387409670471]]]}, "properties": {"category": "https://maytetoscano.github.io/Bioclima_OGC/def/indicator/zone-stable", "categoryKey": "stable", "categoryLabel": {"en": "Stable phenology zone", "es": "Zona de fenolog\u00eda estable", "zh": "\u7269\u5019\u7a33\u5b9a\u533a", "ro": "Zon\u0103 cu fenologie stabil\u0103"}, "pci_value": 0.18407846987247467, "policyRelevance": ["https://maytetoscano.github.io/Bioclima_OGC/def/policy/kmgbf-target-1", "https://maytetoscano.github.io/Bioclima_OGC/def/policy/kmgbf-target-8"]}}, {"type": "Feature", "id": "zone-00489", "geometry": {"type": "Polygon", "coordinates": [[[26.595719358204537, 65.46387409670471], [26.662356974285427, 65.46387409670471], [26.662356974285427, 65.53063264841352], [26.595719358204537, 65.53063264841352], [26.595719358204537, 65.46387409670471]]]}, "properties": {"category": "https://maytetoscano.github.io/Bioclima_OGC/def/indicator/zone-stable", "categoryKey": "stable", "categoryLabel": {"en": "Stable phenology zone", "es": "Zona de fenolog\u00eda estable", "zh": "\u7269\u5019\u7a33\u5b9a\u533a", "ro": "Zon\u0103 cu fenologie stabil\u0103"}, "pci_value": 0.1640511006116867, "policyRelevance": ["https://maytetoscano.github.io/Bioclima_OGC/def/policy/kmgbf-target-1", "https://maytetoscano.github.io/Bioclima_OGC/def/policy/kmgbf-target-8"]}}, {"type": "Feature", "id": "zone-00490", "geometry": {"type": "Polygon", "coordinates": [[[26.862269822528102, 65.46387409670471], [26.92890743860899, 65.46387409670471], [26.92890743860899, 65.53063264841352], [26.862269822528102, 65.53063264841352], [26.862269822528102, 65.46387409670471]]]}, "properties": {"category": "https://maytetoscano.github.io/Bioclima_OGC/def/indicator/zone-stable", "categoryKey": "stable", "categoryLabel": {"en": "Stable phenology zone", "es": "Zona de fenolog\u00eda estable", "zh": "\u7269\u5019\u7a33\u5b9a\u533a", "ro": "Zon\u0103 cu fenologie stabil\u0103"}, "pci_value": 0.10953467339277267, "policyRelevance": ["https://maytetoscano.github.io/Bioclima_OGC/def/policy/kmgbf-target-1", "https://maytetoscano.github.io/Bioclima_OGC/def/policy/kmgbf-target-8"]}}, {"type": "Feature", "id": "zone-00491", "geometry": {"type": "Polygon", "coordinates": [[[27.128820286851663, 65.46387409670471], [27.195457902932553, 65.46387409670471], [27.195457902932553, 65.53063264841352], [27.128820286851663, 65.53063264841352], [27.128820286851663, 65.46387409670471]]]}, "properties": {"category": "https://maytetoscano.github.io/Bioclima_OGC/def/indicator/zone-stable", "categoryKey": "stable", "categoryLabel": {"en": "Stable phenology zone", "es": "Zona de fenolog\u00eda estable", "zh": "\u7269\u5019\u7a33\u5b9a\u533a", "ro": "Zon\u0103 cu fenologie stabil\u0103"}, "pci_value": 0.09949817508459091, "policyRelevance": ["https://maytetoscano.github.io/Bioclima_OGC/def/policy/kmgbf-target-1", "https://maytetoscano.github.io/Bioclima_OGC/def/policy/kmgbf-target-8"]}}, {"type": "Feature", "id": "zone-00492", "geometry": {"type": "Polygon", "coordinates": [[[27.395370751175225, 65.46387409670471], [27.462008367256114, 65.46387409670471], [27.462008367256114, 65.53063264841352], [27.395370751175225, 65.53063264841352], [27.395370751175225, 65.46387409670471]]]}, "properties": {"category": "https://maytetoscano.github.io/Bioclima_OGC/def/indicator/zone-stable", "categoryKey": "stable", "categoryLabel": {"en": "Stable phenology zone", "es": "Zona de fenolog\u00eda estable", "zh": "\u7269\u5019\u7a33\u5b9a\u533a", "ro": "Zon\u0103 cu fenologie stabil\u0103"}, "pci_value": 0.06765510886907578, "policyRelevance": ["https://maytetoscano.github.io/Bioclima_OGC/def/policy/kmgbf-target-1", "https://maytetoscano.github.io/Bioclima_OGC/def/policy/kmgbf-target-8"]}}, {"type": "Feature", "id": "zone-00493", "geometry": {"type": "Polygon", "coordinates": [[[27.66192121549879, 65.46387409670471], [27.72855883157968, 65.46387409670471], [27.72855883157968, 65.53063264841352], [27.66192121549879, 65.53063264841352], [27.66192121549879, 65.46387409670471]]]}, "properties": {"category": "https://maytetoscano.github.io/Bioclima_OGC/def/indicator/zone-stable", "categoryKey": "stable", "categoryLabel": {"en": "Stable phenology zone", "es": "Zona de fenolog\u00eda estable", "zh": "\u7269\u5019\u7a33\u5b9a\u533a", "ro": "Zon\u0103 cu fenologie stabil\u0103"}, "pci_value": 0.1251368671655655, "policyRelevance": ["https://maytetoscano.github.io/Bioclima_OGC/def/policy/kmgbf-target-1", "https://maytetoscano.github.io/Bioclima_OGC/def/policy/kmgbf-target-8"]}}, {"type": "Feature", "id": "zone-00494", "geometry": {"type": "Polygon", "coordinates": [[[27.928471679822355, 65.46387409670471], [27.995109295903244, 65.46387409670471], [27.995109295903244, 65.53063264841352], [27.928471679822355, 65.53063264841352], [27.928471679822355, 65.46387409670471]]]}, "properties": {"category": "https://maytetoscano.github.io/Bioclima_OGC/def/indicator/zone-stable", "categoryKey": "stable", "categoryLabel": {"en": "Stable phenology zone", "es": "Zona de fenolog\u00eda estable", "zh": "\u7269\u5019\u7a33\u5b9a\u533a", "ro": "Zon\u0103 cu fenologie stabil\u0103"}, "pci_value": 0.13197992742061615, "policyRelevance": ["https://maytetoscano.github.io/Bioclima_OGC/def/policy/kmgbf-target-1", "https://maytetoscano.github.io/Bioclima_OGC/def/policy/kmgbf-target-8"]}}, {"type": "Feature", "id": "zone-00495", "geometry": {"type": "Polygon", "coordinates": [[[28.19502214414592, 65.46387409670471], [28.26165976022681, 65.46387409670471], [28.26165976022681, 65.53063264841352], [28.19502214414592, 65.53063264841352], [28.19502214414592, 65.46387409670471]]]}, "properties": {"category": "https://maytetoscano.github.io/Bioclima_OGC/def/indicator/zone-stable", "categoryKey": "stable", "categoryLabel": {"en": "Stable phenology zone", "es": "Zona de fenolog\u00eda estable", "zh": "\u7269\u5019\u7a33\u5b9a\u533a", "ro": "Zon\u0103 cu fenologie stabil\u0103"}, "pci_value": 0.19037409126758575, "policyRelevance": ["https://maytetoscano.github.io/Bioclima_OGC/def/policy/kmgbf-target-1", "https://maytetoscano.github.io/Bioclima_OGC/def/policy/kmgbf-target-8"]}}, {"type": "Feature", "id": "zone-00496", "geometry": {"type": "Polygon", "coordinates": [[[28.46157260846948, 65.46387409670471], [28.52821022455037, 65.46387409670471], [28.52821022455037, 65.53063264841352], [28.46157260846948, 65.53063264841352], [28.46157260846948, 65.46387409670471]]]}, "properties": {"category": "https://maytetoscano.github.io/Bioclima_OGC/def/indicator/zone-stable", "categoryKey": "stable", "categoryLabel": {"en": "Stable phenology zone", "es": "Zona de fenolog\u00eda estable", "zh": "\u7269\u5019\u7a33\u5b9a\u533a", "ro": "Zon\u0103 cu fenologie stabil\u0103"}, "pci_value": 0.11395985633134842, "policyRelevance": ["https://maytetoscano.github.io/Bioclima_OGC/def/policy/kmgbf-target-1", "https://maytetoscano.github.io/Bioclima_OGC/def/policy/kmgbf-target-8"]}}, {"type": "Feature", "id": "zone-00497", "geometry": {"type": "Polygon", "coordinates": [[[28.728123072793043, 65.46387409670471], [28.794760688873932, 65.46387409670471], [28.794760688873932, 65.53063264841352], [28.728123072793043, 65.53063264841352], [28.728123072793043, 65.46387409670471]]]}, "properties": {"category": "https://maytetoscano.github.io/Bioclima_OGC/def/indicator/zone-delay", "categoryKey": "delay", "categoryLabel": {"en": "Phenological delay zone", "es": "Zona de retraso fenol\u00f3gico", "zh": "\u7269\u5019\u5ef6\u8fdf\u533a", "ro": "Zon\u0103 cu \u00eent\u00e2rziere fenologic\u0103"}, "pci_value": 0.2185436189174652, "policyRelevance": ["https://maytetoscano.github.io/Bioclima_OGC/def/policy/kmgbf-target-1", "https://maytetoscano.github.io/Bioclima_OGC/def/policy/kmgbf-target-8"]}}, {"type": "Feature", "id": "zone-00498", "geometry": {"type": "Polygon", "coordinates": [[[28.994673537116608, 65.46387409670471], [29.061311153197497, 65.46387409670471], [29.061311153197497, 65.53063264841352], [28.994673537116608, 65.53063264841352], [28.994673537116608, 65.46387409670471]]]}, "properties": {"category": "https://maytetoscano.github.io/Bioclima_OGC/def/indicator/zone-stable", "categoryKey": "stable", "categoryLabel": {"en": "Stable phenology zone", "es": "Zona de fenolog\u00eda estable", "zh": "\u7269\u5019\u7a33\u5b9a\u533a", "ro": "Zon\u0103 cu fenologie stabil\u0103"}, "pci_value": 0.030656933784484863, "policyRelevance": ["https://maytetoscano.github.io/Bioclima_OGC/def/policy/kmgbf-target-1", "https://maytetoscano.github.io/Bioclima_OGC/def/policy/kmgbf-target-8"]}}, {"type": "Feature", "id": "zone-00499", "geometry": {"type": "Polygon", "coordinates": [[[29.527774465763734, 65.46387409670471], [29.594412081844624, 65.46387409670471], [29.594412081844624, 65.53063264841352], [29.527774465763734, 65.53063264841352], [29.527774465763734, 65.46387409670471]]]}, "properties": {"category": "https://maytetoscano.github.io/Bioclima_OGC/def/indicator/zone-stable", "categoryKey": "stable", "categoryLabel": {"en": "Stable phenology zone", "es": "Zona de fenolog\u00eda estable", "zh": "\u7269\u5019\u7a33\u5b9a\u533a", "ro": "Zon\u0103 cu fenologie stabil\u0103"}, "pci_value": 0.017107663676142693, "policyRelevance": ["https://maytetoscano.github.io/Bioclima_OGC/def/policy/kmgbf-target-1", "https://maytetoscano.github.io/Bioclima_OGC/def/policy/kmgbf-target-8"]}}, {"type": "Feature", "id": "zone-00500", "geometry": {"type": "Polygon", "coordinates": [[[29.794324930087296, 65.46387409670471], [29.860962546168185, 65.46387409670471], [29.860962546168185, 65.53063264841352], [29.794324930087296, 65.53063264841352], [29.794324930087296, 65.46387409670471]]]}, "properties": {"category": "https://maytetoscano.github.io/Bioclima_OGC/def/indicator/zone-delay", "categoryKey": "delay", "categoryLabel": {"en": "Phenological delay zone", "es": "Zona de retraso fenol\u00f3gico", "zh": "\u7269\u5019\u5ef6\u8fdf\u533a", "ro": "Zon\u0103 cu \u00eent\u00e2rziere fenologic\u0103"}, "pci_value": 0.2922445237636566, "policyRelevance": ["https://maytetoscano.github.io/Bioclima_OGC/def/policy/kmgbf-target-1", "https://maytetoscano.github.io/Bioclima_OGC/def/policy/kmgbf-target-8"]}}, {"type": "Feature", "id": "zone-00501", "geometry": {"type": "Polygon", "coordinates": [[[30.06087539441086, 65.46387409670471], [30.12751301049175, 65.46387409670471], [30.12751301049175, 65.53063264841352], [30.06087539441086, 65.53063264841352], [30.06087539441086, 65.46387409670471]]]}, "properties": {"category": "https://maytetoscano.github.io/Bioclima_OGC/def/indicator/zone-delay", "categoryKey": "delay", "categoryLabel": {"en": "Phenological delay zone", "es": "Zona de retraso fenol\u00f3gico", "zh": "\u7269\u5019\u5ef6\u8fdf\u533a", "ro": "Zon\u0103 cu \u00eent\u00e2rziere fenologic\u0103"}, "pci_value": 0.22969891130924225, "policyRelevance": ["https://maytetoscano.github.io/Bioclima_OGC/def/policy/kmgbf-target-1", "https://maytetoscano.github.io/Bioclima_OGC/def/policy/kmgbf-target-8"]}}, {"type": "Feature", "id": "zone-00502", "geometry": {"type": "Polygon", "coordinates": [[[30.327425858734426, 65.46387409670471], [30.394063474815315, 65.46387409670471], [30.394063474815315, 65.53063264841352], [30.327425858734426, 65.53063264841352], [30.327425858734426, 65.46387409670471]]]}, "properties": {"category": "https://maytetoscano.github.io/Bioclima_OGC/def/indicator/zone-stable", "categoryKey": "stable", "categoryLabel": {"en": "Stable phenology zone", "es": "Zona de fenolog\u00eda estable", "zh": "\u7269\u5019\u7a33\u5b9a\u533a", "ro": "Zon\u0103 cu fenologie stabil\u0103"}, "pci_value": 0.12933394312858582, "policyRelevance": ["https://maytetoscano.github.io/Bioclima_OGC/def/policy/kmgbf-target-1", "https://maytetoscano.github.io/Bioclima_OGC/def/policy/kmgbf-target-8"]}}, {"type": "Feature", "id": "zone-00503", "geometry": {"type": "Polygon", "coordinates": [[[30.59397632305799, 65.46387409670471], [30.66061393913888, 65.46387409670471], [30.66061393913888, 65.53063264841352], [30.59397632305799, 65.53063264841352], [30.59397632305799, 65.46387409670471]]]}, "properties": {"category": "https://maytetoscano.github.io/Bioclima_OGC/def/indicator/zone-stable", "categoryKey": "stable", "categoryLabel": {"en": "Stable phenology zone", "es": "Zona de fenolog\u00eda estable", "zh": "\u7269\u5019\u7a33\u5b9a\u533a", "ro": "Zon\u0103 cu fenologie stabil\u0103"}, "pci_value": 0.06382299214601517, "policyRelevance": ["https://maytetoscano.github.io/Bioclima_OGC/def/policy/kmgbf-target-1", "https://maytetoscano.github.io/Bioclima_OGC/def/policy/kmgbf-target-8"]}}, {"type": "Feature", "id": "zone-00504", "geometry": {"type": "Polygon", "coordinates": [[[21.26471007173327, 65.73090830353995], [21.33134768781416, 65.73090830353995], [21.33134768781416, 65.79766685524875], [21.26471007173327, 65.79766685524875], [21.26471007173327, 65.73090830353995]]]}, "properties": {"category": "https://maytetoscano.github.io/Bioclima_OGC/def/indicator/zone-mild-advance", "categoryKey": "mild_advance", "categoryLabel": {"en": "Mild phenological advance", "es": "Adelanto fenol\u00f3gico leve", "zh": "\u7269\u5019\u8f7b\u5fae\u63d0\u524d", "ro": "Avans fenologic u\u0219or"}, "pci_value": -0.20127737522125244, "policyRelevance": ["https://maytetoscano.github.io/Bioclima_OGC/def/policy/kmgbf-target-1", "https://maytetoscano.github.io/Bioclima_OGC/def/policy/kmgbf-target-8"]}}, {"type": "Feature", "id": "zone-00505", "geometry": {"type": "Polygon", "coordinates": [[[21.53126053605683, 65.73090830353995], [21.59789815213772, 65.73090830353995], [21.59789815213772, 65.79766685524875], [21.53126053605683, 65.79766685524875], [21.53126053605683, 65.73090830353995]]]}, "properties": {"category": "https://maytetoscano.github.io/Bioclima_OGC/def/indicator/zone-stable", "categoryKey": "stable", "categoryLabel": {"en": "Stable phenology zone", "es": "Zona de fenolog\u00eda estable", "zh": "\u7269\u5019\u7a33\u5b9a\u533a", "ro": "Zon\u0103 cu fenologie stabil\u0103"}, "pci_value": -0.164963498711586, "policyRelevance": ["https://maytetoscano.github.io/Bioclima_OGC/def/policy/kmgbf-target-1", "https://maytetoscano.github.io/Bioclima_OGC/def/policy/kmgbf-target-8"]}}, {"type": "Feature", "id": "zone-00506", "geometry": {"type": "Polygon", "coordinates": [[[21.797811000380396, 65.73090830353995], [21.864448616461285, 65.73090830353995], [21.864448616461285, 65.79766685524875], [21.797811000380396, 65.79766685524875], [21.797811000380396, 65.73090830353995]]]}, "properties": {"category": "https://maytetoscano.github.io/Bioclima_OGC/def/indicator/zone-mild-advance", "categoryKey": "mild_advance", "categoryLabel": {"en": "Mild phenological advance", "es": "Adelanto fenol\u00f3gico leve", "zh": "\u7269\u5019\u8f7b\u5fae\u63d0\u524d", "ro": "Avans fenologic u\u0219or"}, "pci_value": -0.2959854006767273, "policyRelevance": ["https://maytetoscano.github.io/Bioclima_OGC/def/policy/kmgbf-target-1", "https://maytetoscano.github.io/Bioclima_OGC/def/policy/kmgbf-target-8"]}}, {"type": "Feature", "id": "zone-00507", "geometry": {"type": "Polygon", "coordinates": [[[22.06436146470396, 65.73090830353995], [22.13099908078485, 65.73090830353995], [22.13099908078485, 65.79766685524875], [22.06436146470396, 65.79766685524875], [22.06436146470396, 65.73090830353995]]]}, "properties": {"category": "https://maytetoscano.github.io/Bioclima_OGC/def/indicator/zone-mild-advance", "categoryKey": "mild_advance", "categoryLabel": {"en": "Mild phenological advance", "es": "Adelanto fenol\u00f3gico leve", "zh": "\u7269\u5019\u8f7b\u5fae\u63d0\u524d", "ro": "Avans fenologic u\u0219or"}, "pci_value": -0.21564781665802002, "policyRelevance": ["https://maytetoscano.github.io/Bioclima_OGC/def/policy/kmgbf-target-1", "https://maytetoscano.github.io/Bioclima_OGC/def/policy/kmgbf-target-8"]}}, {"type": "Feature", "id": "zone-00508", "geometry": {"type": "Polygon", "coordinates": [[[22.330911929027522, 65.73090830353995], [22.39754954510841, 65.73090830353995], [22.39754954510841, 65.79766685524875], [22.330911929027522, 65.79766685524875], [22.330911929027522, 65.73090830353995]]]}, "properties": {"category": "https://maytetoscano.github.io/Bioclima_OGC/def/indicator/zone-mild-advance", "categoryKey": "mild_advance", "categoryLabel": {"en": "Mild phenological advance", "es": "Adelanto fenol\u00f3gico leve", "zh": "\u7269\u5019\u8f7b\u5fae\u63d0\u524d", "ro": "Avans fenologic u\u0219or"}, "pci_value": -0.23695255815982819, "policyRelevance": ["https://maytetoscano.github.io/Bioclima_OGC/def/policy/kmgbf-target-1", "https://maytetoscano.github.io/Bioclima_OGC/def/policy/kmgbf-target-8"]}}, {"type": "Feature", "id": "zone-00509", "geometry": {"type": "Polygon", "coordinates": [[[22.597462393351083, 65.73090830353995], [22.664100009431973, 65.73090830353995], [22.664100009431973, 65.79766685524875], [22.597462393351083, 65.79766685524875], [22.597462393351083, 65.73090830353995]]]}, "properties": {"category": "https://maytetoscano.github.io/Bioclima_OGC/def/indicator/zone-mild-advance", "categoryKey": "mild_advance", "categoryLabel": {"en": "Mild phenological advance", "es": "Adelanto fenol\u00f3gico leve", "zh": "\u7269\u5019\u8f7b\u5fae\u63d0\u524d", "ro": "Avans fenologic u\u0219or"}, "pci_value": -0.26464414596557617, "policyRelevance": ["https://maytetoscano.github.io/Bioclima_OGC/def/policy/kmgbf-target-1", "https://maytetoscano.github.io/Bioclima_OGC/def/policy/kmgbf-target-8"]}}, {"type": "Feature", "id": "zone-00510", "geometry": {"type": "Polygon", "coordinates": [[[22.86401285767465, 65.73090830353995], [22.930650473755538, 65.73090830353995], [22.930650473755538, 65.79766685524875], [22.86401285767465, 65.79766685524875], [22.86401285767465, 65.73090830353995]]]}, "properties": {"category": "https://maytetoscano.github.io/Bioclima_OGC/def/indicator/zone-stable", "categoryKey": "stable", "categoryLabel": {"en": "Stable phenology zone", "es": "Zona de fenolog\u00eda estable", "zh": "\u7269\u5019\u7a33\u5b9a\u533a", "ro": "Zon\u0103 cu fenologie stabil\u0103"}, "pci_value": -0.17614051699638367, "policyRelevance": ["https://maytetoscano.github.io/Bioclima_OGC/def/policy/kmgbf-target-1", "https://maytetoscano.github.io/Bioclima_OGC/def/policy/kmgbf-target-8"]}}, {"type": "Feature", "id": "zone-00511", "geometry": {"type": "Polygon", "coordinates": [[[23.130563321998213, 65.73090830353995], [23.197200938079103, 65.73090830353995], [23.197200938079103, 65.79766685524875], [23.130563321998213, 65.79766685524875], [23.130563321998213, 65.73090830353995]]]}, "properties": {"category": "https://maytetoscano.github.io/Bioclima_OGC/def/indicator/zone-mild-advance", "categoryKey": "mild_advance", "categoryLabel": {"en": "Mild phenological advance", "es": "Adelanto fenol\u00f3gico leve", "zh": "\u7269\u5019\u8f7b\u5fae\u63d0\u524d", "ro": "Avans fenologic u\u0219or"}, "pci_value": -0.28065693378448486, "policyRelevance": ["https://maytetoscano.github.io/Bioclima_OGC/def/policy/kmgbf-target-1", "https://maytetoscano.github.io/Bioclima_OGC/def/policy/kmgbf-target-8"]}}, {"type": "Feature", "id": "zone-00512", "geometry": {"type": "Polygon", "coordinates": [[[23.397113786321775, 65.73090830353995], [23.463751402402664, 65.73090830353995], [23.463751402402664, 65.79766685524875], [23.397113786321775, 65.79766685524875], [23.397113786321775, 65.73090830353995]]]}, "properties": {"category": "https://maytetoscano.github.io/Bioclima_OGC/def/indicator/zone-stable", "categoryKey": "stable", "categoryLabel": {"en": "Stable phenology zone", "es": "Zona de fenolog\u00eda estable", "zh": "\u7269\u5019\u7a33\u5b9a\u533a", "ro": "Zon\u0103 cu fenologie stabil\u0103"}, "pci_value": -0.04041970893740654, "policyRelevance": ["https://maytetoscano.github.io/Bioclima_OGC/def/policy/kmgbf-target-1", "https://maytetoscano.github.io/Bioclima_OGC/def/policy/kmgbf-target-8"]}}, {"type": "Feature", "id": "zone-00513", "geometry": {"type": "Polygon", "coordinates": [[[23.9302147149689, 65.73090830353995], [23.99685233104979, 65.73090830353995], [23.99685233104979, 65.79766685524875], [23.9302147149689, 65.79766685524875], [23.9302147149689, 65.73090830353995]]]}, "properties": {"category": "https://maytetoscano.github.io/Bioclima_OGC/def/indicator/zone-stable", "categoryKey": "stable", "categoryLabel": {"en": "Stable phenology zone", "es": "Zona de fenolog\u00eda estable", "zh": "\u7269\u5019\u7a33\u5b9a\u533a", "ro": "Zon\u0103 cu fenologie stabil\u0103"}, "pci_value": -0.01770072989165783, "policyRelevance": ["https://maytetoscano.github.io/Bioclima_OGC/def/policy/kmgbf-target-1", "https://maytetoscano.github.io/Bioclima_OGC/def/policy/kmgbf-target-8"]}}, {"type": "Feature", "id": "zone-00514", "geometry": {"type": "Polygon", "coordinates": [[[24.196765179292466, 65.73090830353995], [24.263402795373356, 65.73090830353995], [24.263402795373356, 65.79766685524875], [24.196765179292466, 65.79766685524875], [24.196765179292466, 65.73090830353995]]]}, "properties": {"category": "https://maytetoscano.github.io/Bioclima_OGC/def/indicator/zone-stable", "categoryKey": "stable", "categoryLabel": {"en": "Stable phenology zone", "es": "Zona de fenolog\u00eda estable", "zh": "\u7269\u5019\u7a33\u5b9a\u533a", "ro": "Zon\u0103 cu fenologie stabil\u0103"}, "pci_value": 0.14976032078266144, "policyRelevance": ["https://maytetoscano.github.io/Bioclima_OGC/def/policy/kmgbf-target-1", "https://maytetoscano.github.io/Bioclima_OGC/def/policy/kmgbf-target-8"]}}, {"type": "Feature", "id": "zone-00515", "geometry": {"type": "Polygon", "coordinates": [[[24.46331564361603, 65.73090830353995], [24.52995325969692, 65.73090830353995], [24.52995325969692, 65.79766685524875], [24.46331564361603, 65.79766685524875], [24.46331564361603, 65.73090830353995]]]}, "properties": {"category": "https://maytetoscano.github.io/Bioclima_OGC/def/indicator/zone-stable", "categoryKey": "stable", "categoryLabel": {"en": "Stable phenology zone", "es": "Zona de fenolog\u00eda estable", "zh": "\u7269\u5019\u7a33\u5b9a\u533a", "ro": "Zon\u0103 cu fenologie stabil\u0103"}, "pci_value": 0.1597171574831009, "policyRelevance": ["https://maytetoscano.github.io/Bioclima_OGC/def/policy/kmgbf-target-1", "https://maytetoscano.github.io/Bioclima_OGC/def/policy/kmgbf-target-8"]}}, {"type": "Feature", "id": "zone-00516", "geometry": {"type": "Polygon", "coordinates": [[[24.729866107939593, 65.73090830353995], [24.796503724020482, 65.73090830353995], [24.796503724020482, 65.79766685524875], [24.729866107939593, 65.79766685524875], [24.729866107939593, 65.73090830353995]]]}, "properties": {"category": "https://maytetoscano.github.io/Bioclima_OGC/def/indicator/zone-stable", "categoryKey": "stable", "categoryLabel": {"en": "Stable phenology zone", "es": "Zona de fenolog\u00eda estable", "zh": "\u7269\u5019\u7a33\u5b9a\u533a", "ro": "Zon\u0103 cu fenologie stabil\u0103"}, "pci_value": 0.1435675173997879, "policyRelevance": ["https://maytetoscano.github.io/Bioclima_OGC/def/policy/kmgbf-target-1", "https://maytetoscano.github.io/Bioclima_OGC/def/policy/kmgbf-target-8"]}}, {"type": "Feature", "id": "zone-00517", "geometry": {"type": "Polygon", "coordinates": [[[24.996416572263154, 65.73090830353995], [25.063054188344044, 65.73090830353995], [25.063054188344044, 65.79766685524875], [24.996416572263154, 65.79766685524875], [24.996416572263154, 65.73090830353995]]]}, "properties": {"category": "https://maytetoscano.github.io/Bioclima_OGC/def/indicator/zone-stable", "categoryKey": "stable", "categoryLabel": {"en": "Stable phenology zone", "es": "Zona de fenolog\u00eda estable", "zh": "\u7269\u5019\u7a33\u5b9a\u533a", "ro": "Zon\u0103 cu fenologie stabil\u0103"}, "pci_value": 0.10684306919574738, "policyRelevance": ["https://maytetoscano.github.io/Bioclima_OGC/def/policy/kmgbf-target-1", "https://maytetoscano.github.io/Bioclima_OGC/def/policy/kmgbf-target-8"]}}, {"type": "Feature", "id": "zone-00518", "geometry": {"type": "Polygon", "coordinates": [[[25.26296703658672, 65.73090830353995], [25.32960465266761, 65.73090830353995], [25.32960465266761, 65.79766685524875], [25.26296703658672, 65.79766685524875], [25.26296703658672, 65.73090830353995]]]}, "properties": {"category": "https://maytetoscano.github.io/Bioclima_OGC/def/indicator/zone-stable", "categoryKey": "stable", "categoryLabel": {"en": "Stable phenology zone", "es": "Zona de fenolog\u00eda estable", "zh": "\u7269\u5019\u7a33\u5b9a\u533a", "ro": "Zon\u0103 cu fenologie stabil\u0103"}, "pci_value": 0.07933393865823746, "policyRelevance": ["https://maytetoscano.github.io/Bioclima_OGC/def/policy/kmgbf-target-1", "https://maytetoscano.github.io/Bioclima_OGC/def/policy/kmgbf-target-8"]}}, {"type": "Feature", "id": "zone-00519", "geometry": {"type": "Polygon", "coordinates": [[[25.529517500910284, 65.73090830353995], [25.596155116991174, 65.73090830353995], [25.596155116991174, 65.79766685524875], [25.529517500910284, 65.79766685524875], [25.529517500910284, 65.73090830353995]]]}, "properties": {"category": "https://maytetoscano.github.io/Bioclima_OGC/def/indicator/zone-stable", "categoryKey": "stable", "categoryLabel": {"en": "Stable phenology zone", "es": "Zona de fenolog\u00eda estable", "zh": "\u7269\u5019\u7a33\u5b9a\u533a", "ro": "Zon\u0103 cu fenologie stabil\u0103"}, "pci_value": -0.055793795734643936, "policyRelevance": ["https://maytetoscano.github.io/Bioclima_OGC/def/policy/kmgbf-target-1", "https://maytetoscano.github.io/Bioclima_OGC/def/policy/kmgbf-target-8"]}}, {"type": "Feature", "id": "zone-00520", "geometry": {"type": "Polygon", "coordinates": [[[25.79606796523385, 65.73090830353995], [25.86270558131474, 65.73090830353995], [25.86270558131474, 65.79766685524875], [25.79606796523385, 65.79766685524875], [25.79606796523385, 65.73090830353995]]]}, "properties": {"category": "https://maytetoscano.github.io/Bioclima_OGC/def/indicator/zone-stable", "categoryKey": "stable", "categoryLabel": {"en": "Stable phenology zone", "es": "Zona de fenolog\u00eda estable", "zh": "\u7269\u5019\u7a33\u5b9a\u533a", "ro": "Zon\u0103 cu fenologie stabil\u0103"}, "pci_value": -0.07833029329776764, "policyRelevance": ["https://maytetoscano.github.io/Bioclima_OGC/def/policy/kmgbf-target-1", "https://maytetoscano.github.io/Bioclima_OGC/def/policy/kmgbf-target-8"]}}, {"type": "Feature", "id": "zone-00521", "geometry": {"type": "Polygon", "coordinates": [[[26.06261842955741, 65.73090830353995], [26.1292560456383, 65.73090830353995], [26.1292560456383, 65.79766685524875], [26.06261842955741, 65.79766685524875], [26.06261842955741, 65.73090830353995]]]}, "properties": {"category": "https://maytetoscano.github.io/Bioclima_OGC/def/indicator/zone-stable", "categoryKey": "stable", "categoryLabel": {"en": "Stable phenology zone", "es": "Zona de fenolog\u00eda estable", "zh": "\u7269\u5019\u7a33\u5b9a\u533a", "ro": "Zon\u0103 cu fenologie stabil\u0103"}, "pci_value": 0.16856752336025238, "policyRelevance": ["https://maytetoscano.github.io/Bioclima_OGC/def/policy/kmgbf-target-1", "https://maytetoscano.github.io/Bioclima_OGC/def/policy/kmgbf-target-8"]}}, {"type": "Feature", "id": "zone-00522", "geometry": {"type": "Polygon", "coordinates": [[[26.329168893880972, 65.73090830353995], [26.39580650996186, 65.73090830353995], [26.39580650996186, 65.79766685524875], [26.329168893880972, 65.79766685524875], [26.329168893880972, 65.73090830353995]]]}, "properties": {"category": "https://maytetoscano.github.io/Bioclima_OGC/def/indicator/zone-stable", "categoryKey": "stable", "categoryLabel": {"en": "Stable phenology zone", "es": "Zona de fenolog\u00eda estable", "zh": "\u7269\u5019\u7a33\u5b9a\u533a", "ro": "Zon\u0103 cu fenologie stabil\u0103"}, "pci_value": 0.09767335653305054, "policyRelevance": ["https://maytetoscano.github.io/Bioclima_OGC/def/policy/kmgbf-target-1", "https://maytetoscano.github.io/Bioclima_OGC/def/policy/kmgbf-target-8"]}}, {"type": "Feature", "id": "zone-00523", "geometry": {"type": "Polygon", "coordinates": [[[26.862269822528102, 65.73090830353995], [26.92890743860899, 65.73090830353995], [26.92890743860899, 65.79766685524875], [26.862269822528102, 65.79766685524875], [26.862269822528102, 65.73090830353995]]]}, "properties": {"category": "https://maytetoscano.github.io/Bioclima_OGC/def/indicator/zone-delay", "categoryKey": "delay", "categoryLabel": {"en": "Phenological delay zone", "es": "Zona de retraso fenol\u00f3gico", "zh": "\u7269\u5019\u5ef6\u8fdf\u533a", "ro": "Zon\u0103 cu \u00eent\u00e2rziere fenologic\u0103"}, "pci_value": 0.2976733446121216, "policyRelevance": ["https://maytetoscano.github.io/Bioclima_OGC/def/policy/kmgbf-target-1", "https://maytetoscano.github.io/Bioclima_OGC/def/policy/kmgbf-target-8"]}}, {"type": "Feature", "id": "zone-00524", "geometry": {"type": "Polygon", "coordinates": [[[27.128820286851663, 65.73090830353995], [27.195457902932553, 65.73090830353995], [27.195457902932553, 65.79766685524875], [27.128820286851663, 65.79766685524875], [27.128820286851663, 65.73090830353995]]]}, "properties": {"category": "https://maytetoscano.github.io/Bioclima_OGC/def/indicator/zone-stable", "categoryKey": "stable", "categoryLabel": {"en": "Stable phenology zone", "es": "Zona de fenolog\u00eda estable", "zh": "\u7269\u5019\u7a33\u5b9a\u533a", "ro": "Zon\u0103 cu fenologie stabil\u0103"}, "pci_value": 0.15323905646800995, "policyRelevance": ["https://maytetoscano.github.io/Bioclima_OGC/def/policy/kmgbf-target-1", "https://maytetoscano.github.io/Bioclima_OGC/def/policy/kmgbf-target-8"]}}, {"type": "Feature", "id": "zone-00525", "geometry": {"type": "Polygon", "coordinates": [[[27.395370751175225, 65.73090830353995], [27.462008367256114, 65.73090830353995], [27.462008367256114, 65.79766685524875], [27.395370751175225, 65.79766685524875], [27.395370751175225, 65.73090830353995]]]}, "properties": {"category": "https://maytetoscano.github.io/Bioclima_OGC/def/indicator/zone-stable", "categoryKey": "stable", "categoryLabel": {"en": "Stable phenology zone", "es": "Zona de fenolog\u00eda estable", "zh": "\u7269\u5019\u7a33\u5b9a\u533a", "ro": "Zon\u0103 cu fenologie stabil\u0103"}, "pci_value": 0.12162408977746964, "policyRelevance": ["https://maytetoscano.github.io/Bioclima_OGC/def/policy/kmgbf-target-1", "https://maytetoscano.github.io/Bioclima_OGC/def/policy/kmgbf-target-8"]}}, {"type": "Feature", "id": "zone-00526", "geometry": {"type": "Polygon", "coordinates": [[[27.66192121549879, 65.73090830353995], [27.72855883157968, 65.73090830353995], [27.72855883157968, 65.79766685524875], [27.66192121549879, 65.79766685524875], [27.66192121549879, 65.73090830353995]]]}, "properties": {"category": "https://maytetoscano.github.io/Bioclima_OGC/def/indicator/zone-stable", "categoryKey": "stable", "categoryLabel": {"en": "Stable phenology zone", "es": "Zona de fenolog\u00eda estable", "zh": "\u7269\u5019\u7a33\u5b9a\u533a", "ro": "Zon\u0103 cu fenologie stabil\u0103"}, "pci_value": 0.1319343000650406, "policyRelevance": ["https://maytetoscano.github.io/Bioclima_OGC/def/policy/kmgbf-target-1", "https://maytetoscano.github.io/Bioclima_OGC/def/policy/kmgbf-target-8"]}}, {"type": "Feature", "id": "zone-00527", "geometry": {"type": "Polygon", "coordinates": [[[27.928471679822355, 65.73090830353995], [27.995109295903244, 65.73090830353995], [27.995109295903244, 65.79766685524875], [27.928471679822355, 65.79766685524875], [27.928471679822355, 65.73090830353995]]]}, "properties": {"category": "https://maytetoscano.github.io/Bioclima_OGC/def/indicator/zone-stable", "categoryKey": "stable", "categoryLabel": {"en": "Stable phenology zone", "es": "Zona de fenolog\u00eda estable", "zh": "\u7269\u5019\u7a33\u5b9a\u533a", "ro": "Zon\u0103 cu fenologie stabil\u0103"}, "pci_value": 0.1826186180114746, "policyRelevance": ["https://maytetoscano.github.io/Bioclima_OGC/def/policy/kmgbf-target-1", "https://maytetoscano.github.io/Bioclima_OGC/def/policy/kmgbf-target-8"]}}, {"type": "Feature", "id": "zone-00528", "geometry": {"type": "Polygon", "coordinates": [[[28.19502214414592, 65.73090830353995], [28.26165976022681, 65.73090830353995], [28.26165976022681, 65.79766685524875], [28.19502214414592, 65.79766685524875], [28.19502214414592, 65.73090830353995]]]}, "properties": {"category": "https://maytetoscano.github.io/Bioclima_OGC/def/indicator/zone-stable", "categoryKey": "stable", "categoryLabel": {"en": "Stable phenology zone", "es": "Zona de fenolog\u00eda estable", "zh": "\u7269\u5019\u7a33\u5b9a\u533a", "ro": "Zon\u0103 cu fenologie stabil\u0103"}, "pci_value": 0.14379562437534332, "policyRelevance": ["https://maytetoscano.github.io/Bioclima_OGC/def/policy/kmgbf-target-1", "https://maytetoscano.github.io/Bioclima_OGC/def/policy/kmgbf-target-8"]}}, {"type": "Feature", "id": "zone-00529", "geometry": {"type": "Polygon", "coordinates": [[[28.46157260846948, 65.73090830353995], [28.52821022455037, 65.73090830353995], [28.52821022455037, 65.79766685524875], [28.46157260846948, 65.79766685524875], [28.46157260846948, 65.73090830353995]]]}, "properties": {"category": "https://maytetoscano.github.io/Bioclima_OGC/def/indicator/zone-stable", "categoryKey": "stable", "categoryLabel": {"en": "Stable phenology zone", "es": "Zona de fenolog\u00eda estable", "zh": "\u7269\u5019\u7a33\u5b9a\u533a", "ro": "Zon\u0103 cu fenologie stabil\u0103"}, "pci_value": 0.07677919417619705, "policyRelevance": ["https://maytetoscano.github.io/Bioclima_OGC/def/policy/kmgbf-target-1", "https://maytetoscano.github.io/Bioclima_OGC/def/policy/kmgbf-target-8"]}}, {"type": "Feature", "id": "zone-00530", "geometry": {"type": "Polygon", "coordinates": [[[28.728123072793043, 65.73090830353995], [28.794760688873932, 65.73090830353995], [28.794760688873932, 65.79766685524875], [28.728123072793043, 65.79766685524875], [28.728123072793043, 65.73090830353995]]]}, "properties": {"category": "https://maytetoscano.github.io/Bioclima_OGC/def/indicator/zone-delay", "categoryKey": "delay", "categoryLabel": {"en": "Phenological delay zone", "es": "Zona de retraso fenol\u00f3gico", "zh": "\u7269\u5019\u5ef6\u8fdf\u533a", "ro": "Zon\u0103 cu \u00eent\u00e2rziere fenologic\u0103"}, "pci_value": 0.32499998807907104, "policyRelevance": ["https://maytetoscano.github.io/Bioclima_OGC/def/policy/kmgbf-target-1", "https://maytetoscano.github.io/Bioclima_OGC/def/policy/kmgbf-target-8"]}}, {"type": "Feature", "id": "zone-00531", "geometry": {"type": "Polygon", "coordinates": [[[28.994673537116608, 65.73090830353995], [29.061311153197497, 65.73090830353995], [29.061311153197497, 65.79766685524875], [28.994673537116608, 65.79766685524875], [28.994673537116608, 65.73090830353995]]]}, "properties": {"category": "https://maytetoscano.github.io/Bioclima_OGC/def/indicator/zone-delay", "categoryKey": "delay", "categoryLabel": {"en": "Phenological delay zone", "es": "Zona de retraso fenol\u00f3gico", "zh": "\u7269\u5019\u5ef6\u8fdf\u533a", "ro": "Zon\u0103 cu \u00eent\u00e2rziere fenologic\u0103"}, "pci_value": 0.23166058957576752, "policyRelevance": ["https://maytetoscano.github.io/Bioclima_OGC/def/policy/kmgbf-target-1", "https://maytetoscano.github.io/Bioclima_OGC/def/policy/kmgbf-target-8"]}}, {"type": "Feature", "id": "zone-00532", "geometry": {"type": "Polygon", "coordinates": [[[29.261224001440173, 65.73090830353995], [29.327861617521062, 65.73090830353995], [29.327861617521062, 65.79766685524875], [29.261224001440173, 65.79766685524875], [29.261224001440173, 65.73090830353995]]]}, "properties": {"category": "https://maytetoscano.github.io/Bioclima_OGC/def/indicator/zone-stable", "categoryKey": "stable", "categoryLabel": {"en": "Stable phenology zone", "es": "Zona de fenolog\u00eda estable", "zh": "\u7269\u5019\u7a33\u5b9a\u533a", "ro": "Zon\u0103 cu fenologie stabil\u0103"}, "pci_value": 0.14885948598384857, "policyRelevance": ["https://maytetoscano.github.io/Bioclima_OGC/def/policy/kmgbf-target-1", "https://maytetoscano.github.io/Bioclima_OGC/def/policy/kmgbf-target-8"]}}, {"type": "Feature", "id": "zone-00533", "geometry": {"type": "Polygon", "coordinates": [[[30.06087539441086, 65.73090830353995], [30.12751301049175, 65.73090830353995], [30.12751301049175, 65.79766685524875], [30.06087539441086, 65.79766685524875], [30.06087539441086, 65.73090830353995]]]}, "properties": {"category": "https://maytetoscano.github.io/Bioclima_OGC/def/indicator/zone-stable", "categoryKey": "stable", "categoryLabel": {"en": "Stable phenology zone", "es": "Zona de fenolog\u00eda estable", "zh": "\u7269\u5019\u7a33\u5b9a\u533a", "ro": "Zon\u0103 cu fenologie stabil\u0103"}, "pci_value": 0.03978102281689644, "policyRelevance": ["https://maytetoscano.github.io/Bioclima_OGC/def/policy/kmgbf-target-1", "https://maytetoscano.github.io/Bioclima_OGC/def/policy/kmgbf-target-8"]}}, {"type": "Feature", "id": "zone-00534", "geometry": {"type": "Polygon", "coordinates": [[[30.327425858734426, 65.73090830353995], [30.394063474815315, 65.73090830353995], [30.394063474815315, 65.79766685524875], [30.327425858734426, 65.79766685524875], [30.327425858734426, 65.73090830353995]]]}, "properties": {"category": "https://maytetoscano.github.io/Bioclima_OGC/def/indicator/zone-delay", "categoryKey": "delay", "categoryLabel": {"en": "Phenological delay zone", "es": "Zona de retraso fenol\u00f3gico", "zh": "\u7269\u5019\u5ef6\u8fdf\u533a", "ro": "Zon\u0103 cu \u00eent\u00e2rziere fenologic\u0103"}, "pci_value": 0.22354014217853546, "policyRelevance": ["https://maytetoscano.github.io/Bioclima_OGC/def/policy/kmgbf-target-1", "https://maytetoscano.github.io/Bioclima_OGC/def/policy/kmgbf-target-8"]}}, {"type": "Feature", "id": "zone-00535", "geometry": {"type": "Polygon", "coordinates": [[[30.59397632305799, 65.73090830353995], [30.66061393913888, 65.73090830353995], [30.66061393913888, 65.79766685524875], [30.59397632305799, 65.79766685524875], [30.59397632305799, 65.73090830353995]]]}, "properties": {"category": "https://maytetoscano.github.io/Bioclima_OGC/def/indicator/zone-delay", "categoryKey": "delay", "categoryLabel": {"en": "Phenological delay zone", "es": "Zona de retraso fenol\u00f3gico", "zh": "\u7269\u5019\u5ef6\u8fdf\u533a", "ro": "Zon\u0103 cu \u00eent\u00e2rziere fenologic\u0103"}, "pci_value": 0.24292883276939392, "policyRelevance": ["https://maytetoscano.github.io/Bioclima_OGC/def/policy/kmgbf-target-1", "https://maytetoscano.github.io/Bioclima_OGC/def/policy/kmgbf-target-8"]}}, {"type": "Feature", "id": "zone-00536", "geometry": {"type": "Polygon", "coordinates": [[[30.86052678738155, 65.73090830353995], [30.927164403462438, 65.73090830353995], [30.927164403462438, 65.79766685524875], [30.86052678738155, 65.79766685524875], [30.86052678738155, 65.73090830353995]]]}, "properties": {"category": "https://maytetoscano.github.io/Bioclima_OGC/def/indicator/zone-stable", "categoryKey": "stable", "categoryLabel": {"en": "Stable phenology zone", "es": "Zona de fenolog\u00eda estable", "zh": "\u7269\u5019\u7a33\u5b9a\u533a", "ro": "Zon\u0103 cu fenologie stabil\u0103"}, "pci_value": 0.19584853947162628, "policyRelevance": ["https://maytetoscano.github.io/Bioclima_OGC/def/policy/kmgbf-target-1", "https://maytetoscano.github.io/Bioclima_OGC/def/policy/kmgbf-target-8"]}}, {"type": "Feature", "id": "zone-00537", "geometry": {"type": "Polygon", "coordinates": [[[31.127077251705114, 65.73090830353995], [31.193714867786003, 65.73090830353995], [31.193714867786003, 65.79766685524875], [31.127077251705114, 65.79766685524875], [31.127077251705114, 65.73090830353995]]]}, "properties": {"category": "https://maytetoscano.github.io/Bioclima_OGC/def/indicator/zone-stable", "categoryKey": "stable", "categoryLabel": {"en": "Stable phenology zone", "es": "Zona de fenolog\u00eda estable", "zh": "\u7269\u5019\u7a33\u5b9a\u533a", "ro": "Zon\u0103 cu fenologie stabil\u0103"}, "pci_value": 0.18448905646800995, "policyRelevance": ["https://maytetoscano.github.io/Bioclima_OGC/def/policy/kmgbf-target-1", "https://maytetoscano.github.io/Bioclima_OGC/def/policy/kmgbf-target-8"]}}, {"type": "Feature", "id": "zone-00538", "geometry": {"type": "Polygon", "coordinates": [[[21.53126053605683, 65.9979425103752], [21.59789815213772, 65.9979425103752], [21.59789815213772, 66.064701062084], [21.53126053605683, 66.064701062084], [21.53126053605683, 65.9979425103752]]]}, "properties": {"category": "https://maytetoscano.github.io/Bioclima_OGC/def/indicator/zone-mild-advance", "categoryKey": "mild_advance", "categoryLabel": {"en": "Mild phenological advance", "es": "Adelanto fenol\u00f3gico leve", "zh": "\u7269\u5019\u8f7b\u5fae\u63d0\u524d", "ro": "Avans fenologic u\u0219or"}, "pci_value": -0.20054744184017181, "policyRelevance": ["https://maytetoscano.github.io/Bioclima_OGC/def/policy/kmgbf-target-1", "https://maytetoscano.github.io/Bioclima_OGC/def/policy/kmgbf-target-8"]}}, {"type": "Feature", "id": "zone-00539", "geometry": {"type": "Polygon", "coordinates": [[[21.797811000380396, 65.9979425103752], [21.864448616461285, 65.9979425103752], [21.864448616461285, 66.064701062084], [21.797811000380396, 66.064701062084], [21.797811000380396, 65.9979425103752]]]}, "properties": {"category": "https://maytetoscano.github.io/Bioclima_OGC/def/indicator/zone-mild-advance", "categoryKey": "mild_advance", "categoryLabel": {"en": "Mild phenological advance", "es": "Adelanto fenol\u00f3gico leve", "zh": "\u7269\u5019\u8f7b\u5fae\u63d0\u524d", "ro": "Avans fenologic u\u0219or"}, "pci_value": -0.4151916205883026, "policyRelevance": ["https://maytetoscano.github.io/Bioclima_OGC/def/policy/kmgbf-target-1", "https://maytetoscano.github.io/Bioclima_OGC/def/policy/kmgbf-target-8"]}}, {"type": "Feature", "id": "zone-00540", "geometry": {"type": "Polygon", "coordinates": [[[22.06436146470396, 65.9979425103752], [22.13099908078485, 65.9979425103752], [22.13099908078485, 66.064701062084], [22.06436146470396, 66.064701062084], [22.06436146470396, 65.9979425103752]]]}, "properties": {"category": "https://maytetoscano.github.io/Bioclima_OGC/def/indicator/zone-mild-advance", "categoryKey": "mild_advance", "categoryLabel": {"en": "Mild phenological advance", "es": "Adelanto fenol\u00f3gico leve", "zh": "\u7269\u5019\u8f7b\u5fae\u63d0\u524d", "ro": "Avans fenologic u\u0219or"}, "pci_value": -0.3972627818584442, "policyRelevance": ["https://maytetoscano.github.io/Bioclima_OGC/def/policy/kmgbf-target-1", "https://maytetoscano.github.io/Bioclima_OGC/def/policy/kmgbf-target-8"]}}, {"type": "Feature", "id": "zone-00541", "geometry": {"type": "Polygon", "coordinates": [[[22.330911929027522, 65.9979425103752], [22.39754954510841, 65.9979425103752], [22.39754954510841, 66.064701062084], [22.330911929027522, 66.064701062084], [22.330911929027522, 65.9979425103752]]]}, "properties": {"category": "https://maytetoscano.github.io/Bioclima_OGC/def/indicator/zone-mild-advance", "categoryKey": "mild_advance", "categoryLabel": {"en": "Mild phenological advance", "es": "Adelanto fenol\u00f3gico leve", "zh": "\u7269\u5019\u8f7b\u5fae\u63d0\u524d", "ro": "Avans fenologic u\u0219or"}, "pci_value": -0.34689781069755554, "policyRelevance": ["https://maytetoscano.github.io/Bioclima_OGC/def/policy/kmgbf-target-1", "https://maytetoscano.github.io/Bioclima_OGC/def/policy/kmgbf-target-8"]}}, {"type": "Feature", "id": "zone-00542", "geometry": {"type": "Polygon", "coordinates": [[[22.597462393351083, 65.9979425103752], [22.664100009431973, 65.9979425103752], [22.664100009431973, 66.064701062084], [22.597462393351083, 66.064701062084], [22.597462393351083, 65.9979425103752]]]}, "properties": {"category": "https://maytetoscano.github.io/Bioclima_OGC/def/indicator/zone-mild-advance", "categoryKey": "mild_advance", "categoryLabel": {"en": "Mild phenological advance", "es": "Adelanto fenol\u00f3gico leve", "zh": "\u7269\u5019\u8f7b\u5fae\u63d0\u524d", "ro": "Avans fenologic u\u0219or"}, "pci_value": -0.4020529091358185, "policyRelevance": ["https://maytetoscano.github.io/Bioclima_OGC/def/policy/kmgbf-target-1", "https://maytetoscano.github.io/Bioclima_OGC/def/policy/kmgbf-target-8"]}}, {"type": "Feature", "id": "zone-00543", "geometry": {"type": "Polygon", "coordinates": [[[22.86401285767465, 65.9979425103752], [22.930650473755538, 65.9979425103752], [22.930650473755538, 66.064701062084], [22.86401285767465, 66.064701062084], [22.86401285767465, 65.9979425103752]]]}, "properties": {"category": "https://maytetoscano.github.io/Bioclima_OGC/def/indicator/zone-stable", "categoryKey": "stable", "categoryLabel": {"en": "Stable phenology zone", "es": "Zona de fenolog\u00eda estable", "zh": "\u7269\u5019\u7a33\u5b9a\u533a", "ro": "Zon\u0103 cu fenologie stabil\u0103"}, "pci_value": -0.08440255373716354, "policyRelevance": ["https://maytetoscano.github.io/Bioclima_OGC/def/policy/kmgbf-target-1", "https://maytetoscano.github.io/Bioclima_OGC/def/policy/kmgbf-target-8"]}}, {"type": "Feature", "id": "zone-00544", "geometry": {"type": "Polygon", "coordinates": [[[23.130563321998213, 65.9979425103752], [23.197200938079103, 65.9979425103752], [23.197200938079103, 66.064701062084], [23.130563321998213, 66.064701062084], [23.130563321998213, 65.9979425103752]]]}, "properties": {"category": "https://maytetoscano.github.io/Bioclima_OGC/def/indicator/zone-mild-advance", "categoryKey": "mild_advance", "categoryLabel": {"en": "Mild phenological advance", "es": "Adelanto fenol\u00f3gico leve", "zh": "\u7269\u5019\u8f7b\u5fae\u63d0\u524d", "ro": "Avans fenologic u\u0219or"}, "pci_value": -0.3833029270172119, "policyRelevance": ["https://maytetoscano.github.io/Bioclima_OGC/def/policy/kmgbf-target-1", "https://maytetoscano.github.io/Bioclima_OGC/def/policy/kmgbf-target-8"]}}, {"type": "Feature", "id": "zone-00545", "geometry": {"type": "Polygon", "coordinates": [[[23.397113786321775, 65.9979425103752], [23.463751402402664, 65.9979425103752], [23.463751402402664, 66.064701062084], [23.397113786321775, 66.064701062084], [23.397113786321775, 65.9979425103752]]]}, "properties": {"category": "https://maytetoscano.github.io/Bioclima_OGC/def/indicator/zone-mild-advance", "categoryKey": "mild_advance", "categoryLabel": {"en": "Mild phenological advance", "es": "Adelanto fenol\u00f3gico leve", "zh": "\u7269\u5019\u8f7b\u5fae\u63d0\u524d", "ro": "Avans fenologic u\u0219or"}, "pci_value": -0.35533758997917175, "policyRelevance": ["https://maytetoscano.github.io/Bioclima_OGC/def/policy/kmgbf-target-1", "https://maytetoscano.github.io/Bioclima_OGC/def/policy/kmgbf-target-8"]}}, {"type": "Feature", "id": "zone-00546", "geometry": {"type": "Polygon", "coordinates": [[[23.663664250645336, 65.9979425103752], [23.730301866726226, 65.9979425103752], [23.730301866726226, 66.064701062084], [23.663664250645336, 66.064701062084], [23.663664250645336, 65.9979425103752]]]}, "properties": {"category": "https://maytetoscano.github.io/Bioclima_OGC/def/indicator/zone-stable", "categoryKey": "stable", "categoryLabel": {"en": "Stable phenology zone", "es": "Zona de fenolog\u00eda estable", "zh": "\u7269\u5019\u7a33\u5b9a\u533a", "ro": "Zon\u0103 cu fenologie stabil\u0103"}, "pci_value": 0.06884124130010605, "policyRelevance": ["https://maytetoscano.github.io/Bioclima_OGC/def/policy/kmgbf-target-1", "https://maytetoscano.github.io/Bioclima_OGC/def/policy/kmgbf-target-8"]}}, {"type": "Feature", "id": "zone-00547", "geometry": {"type": "Polygon", "coordinates": [[[23.9302147149689, 65.9979425103752], [23.99685233104979, 65.9979425103752], [23.99685233104979, 66.064701062084], [23.9302147149689, 66.064701062084], [23.9302147149689, 65.9979425103752]]]}, "properties": {"category": "https://maytetoscano.github.io/Bioclima_OGC/def/indicator/zone-stable", "categoryKey": "stable", "categoryLabel": {"en": "Stable phenology zone", "es": "Zona de fenolog\u00eda estable", "zh": "\u7269\u5019\u7a33\u5b9a\u533a", "ro": "Zon\u0103 cu fenologie stabil\u0103"}, "pci_value": 0.021943431347608566, "policyRelevance": ["https://maytetoscano.github.io/Bioclima_OGC/def/policy/kmgbf-target-1", "https://maytetoscano.github.io/Bioclima_OGC/def/policy/kmgbf-target-8"]}}, {"type": "Feature", "id": "zone-00548", "geometry": {"type": "Polygon", "coordinates": [[[24.196765179292466, 65.9979425103752], [24.263402795373356, 65.9979425103752], [24.263402795373356, 66.064701062084], [24.196765179292466, 66.064701062084], [24.196765179292466, 65.9979425103752]]]}, "properties": {"category": "https://maytetoscano.github.io/Bioclima_OGC/def/indicator/zone-stable", "categoryKey": "stable", "categoryLabel": {"en": "Stable phenology zone", "es": "Zona de fenolog\u00eda estable", "zh": "\u7269\u5019\u7a33\u5b9a\u533a", "ro": "Zon\u0103 cu fenologie stabil\u0103"}, "pci_value": 0.022627737373113632, "policyRelevance": ["https://maytetoscano.github.io/Bioclima_OGC/def/policy/kmgbf-target-1", "https://maytetoscano.github.io/Bioclima_OGC/def/policy/kmgbf-target-8"]}}, {"type": "Feature", "id": "zone-00549", "geometry": {"type": "Polygon", "coordinates": [[[24.46331564361603, 65.9979425103752], [24.52995325969692, 65.9979425103752], [24.52995325969692, 66.064701062084], [24.46331564361603, 66.064701062084], [24.46331564361603, 65.9979425103752]]]}, "properties": {"category": "https://maytetoscano.github.io/Bioclima_OGC/def/indicator/zone-stable", "categoryKey": "stable", "categoryLabel": {"en": "Stable phenology zone", "es": "Zona de fenolog\u00eda estable", "zh": "\u7269\u5019\u7a33\u5b9a\u533a", "ro": "Zon\u0103 cu fenologie stabil\u0103"}, "pci_value": 0.132162407040596, "policyRelevance": ["https://maytetoscano.github.io/Bioclima_OGC/def/policy/kmgbf-target-1", "https://maytetoscano.github.io/Bioclima_OGC/def/policy/kmgbf-target-8"]}}, {"type": "Feature", "id": "zone-00550", "geometry": {"type": "Polygon", "coordinates": [[[24.729866107939593, 65.9979425103752], [24.796503724020482, 65.9979425103752], [24.796503724020482, 66.064701062084], [24.729866107939593, 66.064701062084], [24.729866107939593, 65.9979425103752]]]}, "properties": {"category": "https://maytetoscano.github.io/Bioclima_OGC/def/indicator/zone-stable", "categoryKey": "stable", "categoryLabel": {"en": "Stable phenology zone", "es": "Zona de fenolog\u00eda estable", "zh": "\u7269\u5019\u7a33\u5b9a\u533a", "ro": "Zon\u0103 cu fenologie stabil\u0103"}, "pci_value": 0.040967151522636414, "policyRelevance": ["https://maytetoscano.github.io/Bioclima_OGC/def/policy/kmgbf-target-1", "https://maytetoscano.github.io/Bioclima_OGC/def/policy/kmgbf-target-8"]}}, {"type": "Feature", "id": "zone-00551", "geometry": {"type": "Polygon", "coordinates": [[[24.996416572263154, 65.9979425103752], [25.063054188344044, 65.9979425103752], [25.063054188344044, 66.064701062084], [24.996416572263154, 66.064701062084], [24.996416572263154, 65.9979425103752]]]}, "properties": {"category": "https://maytetoscano.github.io/Bioclima_OGC/def/indicator/zone-stable", "categoryKey": "stable", "categoryLabel": {"en": "Stable phenology zone", "es": "Zona de fenolog\u00eda estable", "zh": "\u7269\u5019\u7a33\u5b9a\u533a", "ro": "Zon\u0103 cu fenologie stabil\u0103"}, "pci_value": 0.11779197305440903, "policyRelevance": ["https://maytetoscano.github.io/Bioclima_OGC/def/policy/kmgbf-target-1", "https://maytetoscano.github.io/Bioclima_OGC/def/policy/kmgbf-target-8"]}}, {"type": "Feature", "id": "zone-00552", "geometry": {"type": "Polygon", "coordinates": [[[25.26296703658672, 65.9979425103752], [25.32960465266761, 65.9979425103752], [25.32960465266761, 66.064701062084], [25.26296703658672, 66.064701062084], [25.26296703658672, 65.9979425103752]]]}, "properties": {"category": "https://maytetoscano.github.io/Bioclima_OGC/def/indicator/zone-stable", "categoryKey": "stable", "categoryLabel": {"en": "Stable phenology zone", "es": "Zona de fenolog\u00eda estable", "zh": "\u7269\u5019\u7a33\u5b9a\u533a", "ro": "Zon\u0103 cu fenologie stabil\u0103"}, "pci_value": 0.16519160568714142, "policyRelevance": ["https://maytetoscano.github.io/Bioclima_OGC/def/policy/kmgbf-target-1", "https://maytetoscano.github.io/Bioclima_OGC/def/policy/kmgbf-target-8"]}}, {"type": "Feature", "id": "zone-00553", "geometry": {"type": "Polygon", "coordinates": [[[25.529517500910284, 65.9979425103752], [25.596155116991174, 65.9979425103752], [25.596155116991174, 66.064701062084], [25.529517500910284, 66.064701062084], [25.529517500910284, 65.9979425103752]]]}, "properties": {"category": "https://maytetoscano.github.io/Bioclima_OGC/def/indicator/zone-stable", "categoryKey": "stable", "categoryLabel": {"en": "Stable phenology zone", "es": "Zona de fenolog\u00eda estable", "zh": "\u7269\u5019\u7a33\u5b9a\u533a", "ro": "Zon\u0103 cu fenologie stabil\u0103"}, "pci_value": 0.0963047444820404, "policyRelevance": ["https://maytetoscano.github.io/Bioclima_OGC/def/policy/kmgbf-target-1", "https://maytetoscano.github.io/Bioclima_OGC/def/policy/kmgbf-target-8"]}}, {"type": "Feature", "id": "zone-00554", "geometry": {"type": "Polygon", "coordinates": [[[25.79606796523385, 65.9979425103752], [25.86270558131474, 65.9979425103752], [25.86270558131474, 66.064701062084], [25.79606796523385, 66.064701062084], [25.79606796523385, 65.9979425103752]]]}, "properties": {"category": "https://maytetoscano.github.io/Bioclima_OGC/def/indicator/zone-stable", "categoryKey": "stable", "categoryLabel": {"en": "Stable phenology zone", "es": "Zona de fenolog\u00eda estable", "zh": "\u7269\u5019\u7a33\u5b9a\u533a", "ro": "Zon\u0103 cu fenologie stabil\u0103"}, "pci_value": 0.0439324826002121, "policyRelevance": ["https://maytetoscano.github.io/Bioclima_OGC/def/policy/kmgbf-target-1", "https://maytetoscano.github.io/Bioclima_OGC/def/policy/kmgbf-target-8"]}}, {"type": "Feature", "id": "zone-00555", "geometry": {"type": "Polygon", "coordinates": [[[26.06261842955741, 65.9979425103752], [26.1292560456383, 65.9979425103752], [26.1292560456383, 66.064701062084], [26.06261842955741, 66.064701062084], [26.06261842955741, 65.9979425103752]]]}, "properties": {"category": "https://maytetoscano.github.io/Bioclima_OGC/def/indicator/zone-stable", "categoryKey": "stable", "categoryLabel": {"en": "Stable phenology zone", "es": "Zona de fenolog\u00eda estable", "zh": "\u7269\u5019\u7a33\u5b9a\u533a", "ro": "Zon\u0103 cu fenologie stabil\u0103"}, "pci_value": 0.09603102505207062, "policyRelevance": ["https://maytetoscano.github.io/Bioclima_OGC/def/policy/kmgbf-target-1", "https://maytetoscano.github.io/Bioclima_OGC/def/policy/kmgbf-target-8"]}}, {"type": "Feature", "id": "zone-00556", "geometry": {"type": "Polygon", "coordinates": [[[26.329168893880972, 65.9979425103752], [26.39580650996186, 65.9979425103752], [26.39580650996186, 66.064701062084], [26.329168893880972, 66.064701062084], [26.329168893880972, 65.9979425103752]]]}, "properties": {"category": "https://maytetoscano.github.io/Bioclima_OGC/def/indicator/zone-stable", "categoryKey": "stable", "categoryLabel": {"en": "Stable phenology zone", "es": "Zona de fenolog\u00eda estable", "zh": "\u7269\u5019\u7a33\u5b9a\u533a", "ro": "Zon\u0103 cu fenologie stabil\u0103"}, "pci_value": 0.13439780473709106, "policyRelevance": ["https://maytetoscano.github.io/Bioclima_OGC/def/policy/kmgbf-target-1", "https://maytetoscano.github.io/Bioclima_OGC/def/policy/kmgbf-target-8"]}}, {"type": "Feature", "id": "zone-00557", "geometry": {"type": "Polygon", "coordinates": [[[26.595719358204537, 65.9979425103752], [26.662356974285427, 65.9979425103752], [26.662356974285427, 66.064701062084], [26.595719358204537, 66.064701062084], [26.595719358204537, 65.9979425103752]]]}, "properties": {"category": "https://maytetoscano.github.io/Bioclima_OGC/def/indicator/zone-stable", "categoryKey": "stable", "categoryLabel": {"en": "Stable phenology zone", "es": "Zona de fenolog\u00eda estable", "zh": "\u7269\u5019\u7a33\u5b9a\u533a", "ro": "Zon\u0103 cu fenologie stabil\u0103"}, "pci_value": 0.09187956154346466, "policyRelevance": ["https://maytetoscano.github.io/Bioclima_OGC/def/policy/kmgbf-target-1", "https://maytetoscano.github.io/Bioclima_OGC/def/policy/kmgbf-target-8"]}}, {"type": "Feature", "id": "zone-00558", "geometry": {"type": "Polygon", "coordinates": [[[26.862269822528102, 65.9979425103752], [26.92890743860899, 65.9979425103752], [26.92890743860899, 66.064701062084], [26.862269822528102, 66.064701062084], [26.862269822528102, 65.9979425103752]]]}, "properties": {"category": "https://maytetoscano.github.io/Bioclima_OGC/def/indicator/zone-stable", "categoryKey": "stable", "categoryLabel": {"en": "Stable phenology zone", "es": "Zona de fenolog\u00eda estable", "zh": "\u7269\u5019\u7a33\u5b9a\u533a", "ro": "Zon\u0103 cu fenologie stabil\u0103"}, "pci_value": 0.04812956228852272, "policyRelevance": ["https://maytetoscano.github.io/Bioclima_OGC/def/policy/kmgbf-target-1", "https://maytetoscano.github.io/Bioclima_OGC/def/policy/kmgbf-target-8"]}}, {"type": "Feature", "id": "zone-00559", "geometry": {"type": "Polygon", "coordinates": [[[27.128820286851663, 65.9979425103752], [27.195457902932553, 65.9979425103752], [27.195457902932553, 66.064701062084], [27.128820286851663, 66.064701062084], [27.128820286851663, 65.9979425103752]]]}, "properties": {"category": "https://maytetoscano.github.io/Bioclima_OGC/def/indicator/zone-stable", "categoryKey": "stable", "categoryLabel": {"en": "Stable phenology zone", "es": "Zona de fenolog\u00eda estable", "zh": "\u7269\u5019\u7a33\u5b9a\u533a", "ro": "Zon\u0103 cu fenologie stabil\u0103"}, "pci_value": 0.0845346748828888, "policyRelevance": ["https://maytetoscano.github.io/Bioclima_OGC/def/policy/kmgbf-target-1", "https://maytetoscano.github.io/Bioclima_OGC/def/policy/kmgbf-target-8"]}}, {"type": "Feature", "id": "zone-00560", "geometry": {"type": "Polygon", "coordinates": [[[27.395370751175225, 65.9979425103752], [27.462008367256114, 65.9979425103752], [27.462008367256114, 66.064701062084], [27.395370751175225, 66.064701062084], [27.395370751175225, 65.9979425103752]]]}, "properties": {"category": "https://maytetoscano.github.io/Bioclima_OGC/def/indicator/zone-stable", "categoryKey": "stable", "categoryLabel": {"en": "Stable phenology zone", "es": "Zona de fenolog\u00eda estable", "zh": "\u7269\u5019\u7a33\u5b9a\u533a", "ro": "Zon\u0103 cu fenologie stabil\u0103"}, "pci_value": 0.14160583913326263, "policyRelevance": ["https://maytetoscano.github.io/Bioclima_OGC/def/policy/kmgbf-target-1", "https://maytetoscano.github.io/Bioclima_OGC/def/policy/kmgbf-target-8"]}}, {"type": "Feature", "id": "zone-00561", "geometry": {"type": "Polygon", "coordinates": [[[27.66192121549879, 65.9979425103752], [27.72855883157968, 65.9979425103752], [27.72855883157968, 66.064701062084], [27.66192121549879, 66.064701062084], [27.66192121549879, 65.9979425103752]]]}, "properties": {"category": "https://maytetoscano.github.io/Bioclima_OGC/def/indicator/zone-stable", "categoryKey": "stable", "categoryLabel": {"en": "Stable phenology zone", "es": "Zona de fenolog\u00eda estable", "zh": "\u7269\u5019\u7a33\u5b9a\u533a", "ro": "Zon\u0103 cu fenologie stabil\u0103"}, "pci_value": 0.1286040097475052, "policyRelevance": ["https://maytetoscano.github.io/Bioclima_OGC/def/policy/kmgbf-target-1", "https://maytetoscano.github.io/Bioclima_OGC/def/policy/kmgbf-target-8"]}}, {"type": "Feature", "id": "zone-00562", "geometry": {"type": "Polygon", "coordinates": [[[27.928471679822355, 65.9979425103752], [27.995109295903244, 65.9979425103752], [27.995109295903244, 66.064701062084], [27.928471679822355, 66.064701062084], [27.928471679822355, 65.9979425103752]]]}, "properties": {"category": "https://maytetoscano.github.io/Bioclima_OGC/def/indicator/zone-stable", "categoryKey": "stable", "categoryLabel": {"en": "Stable phenology zone", "es": "Zona de fenolog\u00eda estable", "zh": "\u7269\u5019\u7a33\u5b9a\u533a", "ro": "Zon\u0103 cu fenologie stabil\u0103"}, "pci_value": 0.016012772917747498, "policyRelevance": ["https://maytetoscano.github.io/Bioclima_OGC/def/policy/kmgbf-target-1", "https://maytetoscano.github.io/Bioclima_OGC/def/policy/kmgbf-target-8"]}}, {"type": "Feature", "id": "zone-00563", "geometry": {"type": "Polygon", "coordinates": [[[28.19502214414592, 65.9979425103752], [28.26165976022681, 65.9979425103752], [28.26165976022681, 66.064701062084], [28.19502214414592, 66.064701062084], [28.19502214414592, 65.9979425103752]]]}, "properties": {"category": "https://maytetoscano.github.io/Bioclima_OGC/def/indicator/zone-stable", "categoryKey": "stable", "categoryLabel": {"en": "Stable phenology zone", "es": "Zona de fenolog\u00eda estable", "zh": "\u7269\u5019\u7a33\u5b9a\u533a", "ro": "Zon\u0103 cu fenologie stabil\u0103"}, "pci_value": 0.11491788178682327, "policyRelevance": ["https://maytetoscano.github.io/Bioclima_OGC/def/policy/kmgbf-target-1", "https://maytetoscano.github.io/Bioclima_OGC/def/policy/kmgbf-target-8"]}}, {"type": "Feature", "id": "zone-00564", "geometry": {"type": "Polygon", "coordinates": [[[28.46157260846948, 65.9979425103752], [28.52821022455037, 65.9979425103752], [28.52821022455037, 66.064701062084], [28.46157260846948, 66.064701062084], [28.46157260846948, 65.9979425103752]]]}, "properties": {"category": "https://maytetoscano.github.io/Bioclima_OGC/def/indicator/zone-stable", "categoryKey": "stable", "categoryLabel": {"en": "Stable phenology zone", "es": "Zona de fenolog\u00eda estable", "zh": "\u7269\u5019\u7a33\u5b9a\u533a", "ro": "Zon\u0103 cu fenologie stabil\u0103"}, "pci_value": 0.18243613839149475, "policyRelevance": ["https://maytetoscano.github.io/Bioclima_OGC/def/policy/kmgbf-target-1", "https://maytetoscano.github.io/Bioclima_OGC/def/policy/kmgbf-target-8"]}}, {"type": "Feature", "id": "zone-00565", "geometry": {"type": "Polygon", "coordinates": [[[28.728123072793043, 65.9979425103752], [28.794760688873932, 65.9979425103752], [28.794760688873932, 66.064701062084], [28.728123072793043, 66.064701062084], [28.728123072793043, 65.9979425103752]]]}, "properties": {"category": "https://maytetoscano.github.io/Bioclima_OGC/def/indicator/zone-stable", "categoryKey": "stable", "categoryLabel": {"en": "Stable phenology zone", "es": "Zona de fenolog\u00eda estable", "zh": "\u7269\u5019\u7a33\u5b9a\u533a", "ro": "Zon\u0103 cu fenologie stabil\u0103"}, "pci_value": 0.18220803141593933, "policyRelevance": ["https://maytetoscano.github.io/Bioclima_OGC/def/policy/kmgbf-target-1", "https://maytetoscano.github.io/Bioclima_OGC/def/policy/kmgbf-target-8"]}}, {"type": "Feature", "id": "zone-00566", "geometry": {"type": "Polygon", "coordinates": [[[28.994673537116608, 65.9979425103752], [29.061311153197497, 65.9979425103752], [29.061311153197497, 66.064701062084], [28.994673537116608, 66.064701062084], [28.994673537116608, 65.9979425103752]]]}, "properties": {"category": "https://maytetoscano.github.io/Bioclima_OGC/def/indicator/zone-stable", "categoryKey": "stable", "categoryLabel": {"en": "Stable phenology zone", "es": "Zona de fenolog\u00eda estable", "zh": "\u7269\u5019\u7a33\u5b9a\u533a", "ro": "Zon\u0103 cu fenologie stabil\u0103"}, "pci_value": 0.15875911712646484, "policyRelevance": ["https://maytetoscano.github.io/Bioclima_OGC/def/policy/kmgbf-target-1", "https://maytetoscano.github.io/Bioclima_OGC/def/policy/kmgbf-target-8"]}}, {"type": "Feature", "id": "zone-00567", "geometry": {"type": "Polygon", "coordinates": [[[29.261224001440173, 65.9979425103752], [29.327861617521062, 65.9979425103752], [29.327861617521062, 66.064701062084], [29.261224001440173, 66.064701062084], [29.261224001440173, 65.9979425103752]]]}, "properties": {"category": "https://maytetoscano.github.io/Bioclima_OGC/def/indicator/zone-stable", "categoryKey": "stable", "categoryLabel": {"en": "Stable phenology zone", "es": "Zona de fenolog\u00eda estable", "zh": "\u7269\u5019\u7a33\u5b9a\u533a", "ro": "Zon\u0103 cu fenologie stabil\u0103"}, "pci_value": 0.1102645993232727, "policyRelevance": ["https://maytetoscano.github.io/Bioclima_OGC/def/policy/kmgbf-target-1", "https://maytetoscano.github.io/Bioclima_OGC/def/policy/kmgbf-target-8"]}}, {"type": "Feature", "id": "zone-00568", "geometry": {"type": "Polygon", "coordinates": [[[29.527774465763734, 65.9979425103752], [29.594412081844624, 65.9979425103752], [29.594412081844624, 66.064701062084], [29.527774465763734, 66.064701062084], [29.527774465763734, 65.9979425103752]]]}, "properties": {"category": "https://maytetoscano.github.io/Bioclima_OGC/def/indicator/zone-stable", "categoryKey": "stable", "categoryLabel": {"en": "Stable phenology zone", "es": "Zona de fenolog\u00eda estable", "zh": "\u7269\u5019\u7a33\u5b9a\u533a", "ro": "Zon\u0103 cu fenologie stabil\u0103"}, "pci_value": -0.12331204116344452, "policyRelevance": ["https://maytetoscano.github.io/Bioclima_OGC/def/policy/kmgbf-target-1", "https://maytetoscano.github.io/Bioclima_OGC/def/policy/kmgbf-target-8"]}}, {"type": "Feature", "id": "zone-00569", "geometry": {"type": "Polygon", "coordinates": [[[29.794324930087296, 65.9979425103752], [29.860962546168185, 65.9979425103752], [29.860962546168185, 66.064701062084], [29.794324930087296, 66.064701062084], [29.794324930087296, 65.9979425103752]]]}, "properties": {"category": "https://maytetoscano.github.io/Bioclima_OGC/def/indicator/zone-stable", "categoryKey": "stable", "categoryLabel": {"en": "Stable phenology zone", "es": "Zona de fenolog\u00eda estable", "zh": "\u7269\u5019\u7a33\u5b9a\u533a", "ro": "Zon\u0103 cu fenologie stabil\u0103"}, "pci_value": 0.15132299065589905, "policyRelevance": ["https://maytetoscano.github.io/Bioclima_OGC/def/policy/kmgbf-target-1", "https://maytetoscano.github.io/Bioclima_OGC/def/policy/kmgbf-target-8"]}}, {"type": "Feature", "id": "zone-00570", "geometry": {"type": "Polygon", "coordinates": [[[30.06087539441086, 65.9979425103752], [30.12751301049175, 65.9979425103752], [30.12751301049175, 66.064701062084], [30.06087539441086, 66.064701062084], [30.06087539441086, 65.9979425103752]]]}, "properties": {"category": "https://maytetoscano.github.io/Bioclima_OGC/def/indicator/zone-stable", "categoryKey": "stable", "categoryLabel": {"en": "Stable phenology zone", "es": "Zona de fenolog\u00eda estable", "zh": "\u7269\u5019\u7a33\u5b9a\u533a", "ro": "Zon\u0103 cu fenologie stabil\u0103"}, "pci_value": 0.07527372241020203, "policyRelevance": ["https://maytetoscano.github.io/Bioclima_OGC/def/policy/kmgbf-target-1", "https://maytetoscano.github.io/Bioclima_OGC/def/policy/kmgbf-target-8"]}}, {"type": "Feature", "id": "zone-00571", "geometry": {"type": "Polygon", "coordinates": [[[30.327425858734426, 65.9979425103752], [30.394063474815315, 65.9979425103752], [30.394063474815315, 66.064701062084], [30.327425858734426, 66.064701062084], [30.327425858734426, 65.9979425103752]]]}, "properties": {"category": "https://maytetoscano.github.io/Bioclima_OGC/def/indicator/zone-stable", "categoryKey": "stable", "categoryLabel": {"en": "Stable phenology zone", "es": "Zona de fenolog\u00eda estable", "zh": "\u7269\u5019\u7a33\u5b9a\u533a", "ro": "Zon\u0103 cu fenologie stabil\u0103"}, "pci_value": 0.06336678564548492, "policyRelevance": ["https://maytetoscano.github.io/Bioclima_OGC/def/policy/kmgbf-target-1", "https://maytetoscano.github.io/Bioclima_OGC/def/policy/kmgbf-target-8"]}}, {"type": "Feature", "id": "zone-00572", "geometry": {"type": "Polygon", "coordinates": [[[30.59397632305799, 65.9979425103752], [30.66061393913888, 65.9979425103752], [30.66061393913888, 66.064701062084], [30.59397632305799, 66.064701062084], [30.59397632305799, 65.9979425103752]]]}, "properties": {"category": "https://maytetoscano.github.io/Bioclima_OGC/def/indicator/zone-stable", "categoryKey": "stable", "categoryLabel": {"en": "Stable phenology zone", "es": "Zona de fenolog\u00eda estable", "zh": "\u7269\u5019\u7a33\u5b9a\u533a", "ro": "Zon\u0103 cu fenologie stabil\u0103"}, "pci_value": 0.005428832024335861, "policyRelevance": ["https://maytetoscano.github.io/Bioclima_OGC/def/policy/kmgbf-target-1", "https://maytetoscano.github.io/Bioclima_OGC/def/policy/kmgbf-target-8"]}}, {"type": "Feature", "id": "zone-00573", "geometry": {"type": "Polygon", "coordinates": [[[30.86052678738155, 65.9979425103752], [30.927164403462438, 65.9979425103752], [30.927164403462438, 66.064701062084], [30.86052678738155, 66.064701062084], [30.86052678738155, 65.9979425103752]]]}, "properties": {"category": "https://maytetoscano.github.io/Bioclima_OGC/def/indicator/zone-stable", "categoryKey": "stable", "categoryLabel": {"en": "Stable phenology zone", "es": "Zona de fenolog\u00eda estable", "zh": "\u7269\u5019\u7a33\u5b9a\u533a", "ro": "Zon\u0103 cu fenologie stabil\u0103"}, "pci_value": 0.043795619159936905, "policyRelevance": ["https://maytetoscano.github.io/Bioclima_OGC/def/policy/kmgbf-target-1", "https://maytetoscano.github.io/Bioclima_OGC/def/policy/kmgbf-target-8"]}}, {"type": "Feature", "id": "zone-00574", "geometry": {"type": "Polygon", "coordinates": [[[31.127077251705114, 65.9979425103752], [31.193714867786003, 65.9979425103752], [31.193714867786003, 66.064701062084], [31.127077251705114, 66.064701062084], [31.127077251705114, 65.9979425103752]]]}, "properties": {"category": "https://maytetoscano.github.io/Bioclima_OGC/def/indicator/zone-stable", "categoryKey": "stable", "categoryLabel": {"en": "Stable phenology zone", "es": "Zona de fenolog\u00eda estable", "zh": "\u7269\u5019\u7a33\u5b9a\u533a", "ro": "Zon\u0103 cu fenologie stabil\u0103"}, "pci_value": 0.19977189600467682, "policyRelevance": ["https://maytetoscano.github.io/Bioclima_OGC/def/policy/kmgbf-target-1", "https://maytetoscano.github.io/Bioclima_OGC/def/policy/kmgbf-target-8"]}}, {"type": "Feature", "id": "zone-00575", "geometry": {"type": "Polygon", "coordinates": [[[31.39362771602868, 65.9979425103752], [31.460265332109568, 65.9979425103752], [31.460265332109568, 66.064701062084], [31.39362771602868, 66.064701062084], [31.39362771602868, 65.9979425103752]]]}, "properties": {"category": "https://maytetoscano.github.io/Bioclima_OGC/def/indicator/zone-delay", "categoryKey": "delay", "categoryLabel": {"en": "Phenological delay zone", "es": "Zona de retraso fenol\u00f3gico", "zh": "\u7269\u5019\u5ef6\u8fdf\u533a", "ro": "Zon\u0103 cu \u00eent\u00e2rziere fenologic\u0103"}, "pci_value": 0.2111770063638687, "policyRelevance": ["https://maytetoscano.github.io/Bioclima_OGC/def/policy/kmgbf-target-1", "https://maytetoscano.github.io/Bioclima_OGC/def/policy/kmgbf-target-8"]}}, {"type": "Feature", "id": "zone-00576", "geometry": {"type": "Polygon", "coordinates": [[[21.26471007173327, 66.26497671721043], [21.33134768781416, 66.26497671721043], [21.33134768781416, 66.33173526891923], [21.26471007173327, 66.33173526891923], [21.26471007173327, 66.26497671721043]]]}, "properties": {"category": "https://maytetoscano.github.io/Bioclima_OGC/def/indicator/zone-mild-advance", "categoryKey": "mild_advance", "categoryLabel": {"en": "Mild phenological advance", "es": "Adelanto fenol\u00f3gico leve", "zh": "\u7269\u5019\u8f7b\u5fae\u63d0\u524d", "ro": "Avans fenologic u\u0219or"}, "pci_value": -0.33677008748054504, "policyRelevance": ["https://maytetoscano.github.io/Bioclima_OGC/def/policy/kmgbf-target-1", "https://maytetoscano.github.io/Bioclima_OGC/def/policy/kmgbf-target-8"]}}, {"type": "Feature", "id": "zone-00577", "geometry": {"type": "Polygon", "coordinates": [[[21.53126053605683, 66.26497671721043], [21.59789815213772, 66.26497671721043], [21.59789815213772, 66.33173526891923], [21.53126053605683, 66.33173526891923], [21.53126053605683, 66.26497671721043]]]}, "properties": {"category": "https://maytetoscano.github.io/Bioclima_OGC/def/indicator/zone-mild-advance", "categoryKey": "mild_advance", "categoryLabel": {"en": "Mild phenological advance", "es": "Adelanto fenol\u00f3gico leve", "zh": "\u7269\u5019\u8f7b\u5fae\u63d0\u524d", "ro": "Avans fenologic u\u0219or"}, "pci_value": -0.3196070194244385, "policyRelevance": ["https://maytetoscano.github.io/Bioclima_OGC/def/policy/kmgbf-target-1", "https://maytetoscano.github.io/Bioclima_OGC/def/policy/kmgbf-target-8"]}}, {"type": "Feature", "id": "zone-00578", "geometry": {"type": "Polygon", "coordinates": [[[21.797811000380396, 66.26497671721043], [21.864448616461285, 66.26497671721043], [21.864448616461285, 66.33173526891923], [21.797811000380396, 66.33173526891923], [21.797811000380396, 66.26497671721043]]]}, "properties": {"category": "https://maytetoscano.github.io/Bioclima_OGC/def/indicator/zone-mild-advance", "categoryKey": "mild_advance", "categoryLabel": {"en": "Mild phenological advance", "es": "Adelanto fenol\u00f3gico leve", "zh": "\u7269\u5019\u8f7b\u5fae\u63d0\u524d", "ro": "Avans fenologic u\u0219or"}, "pci_value": -0.3000912368297577, "policyRelevance": ["https://maytetoscano.github.io/Bioclima_OGC/def/policy/kmgbf-target-1", "https://maytetoscano.github.io/Bioclima_OGC/def/policy/kmgbf-target-8"]}}, {"type": "Feature", "id": "zone-00579", "geometry": {"type": "Polygon", "coordinates": [[[22.06436146470396, 66.26497671721043], [22.13099908078485, 66.26497671721043], [22.13099908078485, 66.33173526891923], [22.06436146470396, 66.33173526891923], [22.06436146470396, 66.26497671721043]]]}, "properties": {"category": "https://maytetoscano.github.io/Bioclima_OGC/def/indicator/zone-mild-advance", "categoryKey": "mild_advance", "categoryLabel": {"en": "Mild phenological advance", "es": "Adelanto fenol\u00f3gico leve", "zh": "\u7269\u5019\u8f7b\u5fae\u63d0\u524d", "ro": "Avans fenologic u\u0219or"}, "pci_value": -0.3572080433368683, "policyRelevance": ["https://maytetoscano.github.io/Bioclima_OGC/def/policy/kmgbf-target-1", "https://maytetoscano.github.io/Bioclima_OGC/def/policy/kmgbf-target-8"]}}, {"type": "Feature", "id": "zone-00580", "geometry": {"type": "Polygon", "coordinates": [[[22.330911929027522, 66.26497671721043], [22.39754954510841, 66.26497671721043], [22.39754954510841, 66.33173526891923], [22.330911929027522, 66.33173526891923], [22.330911929027522, 66.26497671721043]]]}, "properties": {"category": "https://maytetoscano.github.io/Bioclima_OGC/def/indicator/zone-mild-advance", "categoryKey": "mild_advance", "categoryLabel": {"en": "Mild phenological advance", "es": "Adelanto fenol\u00f3gico leve", "zh": "\u7269\u5019\u8f7b\u5fae\u63d0\u524d", "ro": "Avans fenologic u\u0219or"}, "pci_value": -0.30615875124931335, "policyRelevance": ["https://maytetoscano.github.io/Bioclima_OGC/def/policy/kmgbf-target-1", "https://maytetoscano.github.io/Bioclima_OGC/def/policy/kmgbf-target-8"]}}, {"type": "Feature", "id": "zone-00581", "geometry": {"type": "Polygon", "coordinates": [[[22.597462393351083, 66.26497671721043], [22.664100009431973, 66.26497671721043], [22.664100009431973, 66.33173526891923], [22.597462393351083, 66.33173526891923], [22.597462393351083, 66.26497671721043]]]}, "properties": {"category": "https://maytetoscano.github.io/Bioclima_OGC/def/indicator/zone-mild-advance", "categoryKey": "mild_advance", "categoryLabel": {"en": "Mild phenological advance", "es": "Adelanto fenol\u00f3gico leve", "zh": "\u7269\u5019\u8f7b\u5fae\u63d0\u524d", "ro": "Avans fenologic u\u0219or"}, "pci_value": -0.34507298469543457, "policyRelevance": ["https://maytetoscano.github.io/Bioclima_OGC/def/policy/kmgbf-target-1", "https://maytetoscano.github.io/Bioclima_OGC/def/policy/kmgbf-target-8"]}}, {"type": "Feature", "id": "zone-00582", "geometry": {"type": "Polygon", "coordinates": [[[22.86401285767465, 66.26497671721043], [22.930650473755538, 66.26497671721043], [22.930650473755538, 66.33173526891923], [22.86401285767465, 66.33173526891923], [22.86401285767465, 66.26497671721043]]]}, "properties": {"category": "https://maytetoscano.github.io/Bioclima_OGC/def/indicator/zone-mild-advance", "categoryKey": "mild_advance", "categoryLabel": {"en": "Mild phenological advance", "es": "Adelanto fenol\u00f3gico leve", "zh": "\u7269\u5019\u8f7b\u5fae\u63d0\u524d", "ro": "Avans fenologic u\u0219or"}, "pci_value": -0.22975970804691315, "policyRelevance": ["https://maytetoscano.github.io/Bioclima_OGC/def/policy/kmgbf-target-1", "https://maytetoscano.github.io/Bioclima_OGC/def/policy/kmgbf-target-8"]}}, {"type": "Feature", "id": "zone-00583", "geometry": {"type": "Polygon", "coordinates": [[[23.130563321998213, 66.26497671721043], [23.197200938079103, 66.26497671721043], [23.197200938079103, 66.33173526891923], [23.130563321998213, 66.33173526891923], [23.130563321998213, 66.26497671721043]]]}, "properties": {"category": "https://maytetoscano.github.io/Bioclima_OGC/def/indicator/zone-stable", "categoryKey": "stable", "categoryLabel": {"en": "Stable phenology zone", "es": "Zona de fenolog\u00eda estable", "zh": "\u7269\u5019\u7a33\u5b9a\u533a", "ro": "Zon\u0103 cu fenologie stabil\u0103"}, "pci_value": -0.18362225592136383, "policyRelevance": ["https://maytetoscano.github.io/Bioclima_OGC/def/policy/kmgbf-target-1", "https://maytetoscano.github.io/Bioclima_OGC/def/policy/kmgbf-target-8"]}}, {"type": "Feature", "id": "zone-00584", "geometry": {"type": "Polygon", "coordinates": [[[23.397113786321775, 66.26497671721043], [23.463751402402664, 66.26497671721043], [23.463751402402664, 66.33173526891923], [23.397113786321775, 66.33173526891923], [23.397113786321775, 66.26497671721043]]]}, "properties": {"category": "https://maytetoscano.github.io/Bioclima_OGC/def/indicator/zone-mild-advance", "categoryKey": "mild_advance", "categoryLabel": {"en": "Mild phenological advance", "es": "Adelanto fenol\u00f3gico leve", "zh": "\u7269\u5019\u8f7b\u5fae\u63d0\u524d", "ro": "Avans fenologic u\u0219or"}, "pci_value": -0.2281021922826767, "policyRelevance": ["https://maytetoscano.github.io/Bioclima_OGC/def/policy/kmgbf-target-1", "https://maytetoscano.github.io/Bioclima_OGC/def/policy/kmgbf-target-8"]}}, {"type": "Feature", "id": "zone-00585", "geometry": {"type": "Polygon", "coordinates": [[[23.663664250645336, 66.26497671721043], [23.730301866726226, 66.26497671721043], [23.730301866726226, 66.33173526891923], [23.663664250645336, 66.33173526891923], [23.663664250645336, 66.26497671721043]]]}, "properties": {"category": "https://maytetoscano.github.io/Bioclima_OGC/def/indicator/zone-stable", "categoryKey": "stable", "categoryLabel": {"en": "Stable phenology zone", "es": "Zona de fenolog\u00eda estable", "zh": "\u7269\u5019\u7a33\u5b9a\u533a", "ro": "Zon\u0103 cu fenologie stabil\u0103"}, "pci_value": -0.01646897755563259, "policyRelevance": ["https://maytetoscano.github.io/Bioclima_OGC/def/policy/kmgbf-target-1", "https://maytetoscano.github.io/Bioclima_OGC/def/policy/kmgbf-target-8"]}}, {"type": "Feature", "id": "zone-00586", "geometry": {"type": "Polygon", "coordinates": [[[23.9302147149689, 66.26497671721043], [23.99685233104979, 66.26497671721043], [23.99685233104979, 66.33173526891923], [23.9302147149689, 66.33173526891923], [23.9302147149689, 66.26497671721043]]]}, "properties": {"category": "https://maytetoscano.github.io/Bioclima_OGC/def/indicator/zone-stable", "categoryKey": "stable", "categoryLabel": {"en": "Stable phenology zone", "es": "Zona de fenolog\u00eda estable", "zh": "\u7269\u5019\u7a33\u5b9a\u533a", "ro": "Zon\u0103 cu fenologie stabil\u0103"}, "pci_value": -0.03658759221434593, "policyRelevance": ["https://maytetoscano.github.io/Bioclima_OGC/def/policy/kmgbf-target-1", "https://maytetoscano.github.io/Bioclima_OGC/def/policy/kmgbf-target-8"]}}, {"type": "Feature", "id": "zone-00587", "geometry": {"type": "Polygon", "coordinates": [[[24.196765179292466, 66.26497671721043], [24.263402795373356, 66.26497671721043], [24.263402795373356, 66.33173526891923], [24.196765179292466, 66.33173526891923], [24.196765179292466, 66.26497671721043]]]}, "properties": {"category": "https://maytetoscano.github.io/Bioclima_OGC/def/indicator/zone-stable", "categoryKey": "stable", "categoryLabel": {"en": "Stable phenology zone", "es": "Zona de fenolog\u00eda estable", "zh": "\u7269\u5019\u7a33\u5b9a\u533a", "ro": "Zon\u0103 cu fenologie stabil\u0103"}, "pci_value": 0.06692518293857574, "policyRelevance": ["https://maytetoscano.github.io/Bioclima_OGC/def/policy/kmgbf-target-1", "https://maytetoscano.github.io/Bioclima_OGC/def/policy/kmgbf-target-8"]}}, {"type": "Feature", "id": "zone-00588", "geometry": {"type": "Polygon", "coordinates": [[[24.46331564361603, 66.26497671721043], [24.52995325969692, 66.26497671721043], [24.52995325969692, 66.33173526891923], [24.46331564361603, 66.33173526891923], [24.46331564361603, 66.26497671721043]]]}, "properties": {"category": "https://maytetoscano.github.io/Bioclima_OGC/def/indicator/zone-stable", "categoryKey": "stable", "categoryLabel": {"en": "Stable phenology zone", "es": "Zona de fenolog\u00eda estable", "zh": "\u7269\u5019\u7a33\u5b9a\u533a", "ro": "Zon\u0103 cu fenologie stabil\u0103"}, "pci_value": 0.037545621395111084, "policyRelevance": ["https://maytetoscano.github.io/Bioclima_OGC/def/policy/kmgbf-target-1", "https://maytetoscano.github.io/Bioclima_OGC/def/policy/kmgbf-target-8"]}}, {"type": "Feature", "id": "zone-00589", "geometry": {"type": "Polygon", "coordinates": [[[24.729866107939593, 66.26497671721043], [24.796503724020482, 66.26497671721043], [24.796503724020482, 66.33173526891923], [24.729866107939593, 66.33173526891923], [24.729866107939593, 66.26497671721043]]]}, "properties": {"category": "https://maytetoscano.github.io/Bioclima_OGC/def/indicator/zone-stable", "categoryKey": "stable", "categoryLabel": {"en": "Stable phenology zone", "es": "Zona de fenolog\u00eda estable", "zh": "\u7269\u5019\u7a33\u5b9a\u533a", "ro": "Zon\u0103 cu fenologie stabil\u0103"}, "pci_value": -0.0034671532921493053, "policyRelevance": ["https://maytetoscano.github.io/Bioclima_OGC/def/policy/kmgbf-target-1", "https://maytetoscano.github.io/Bioclima_OGC/def/policy/kmgbf-target-8"]}}, {"type": "Feature", "id": "zone-00590", "geometry": {"type": "Polygon", "coordinates": [[[24.996416572263154, 66.26497671721043], [25.063054188344044, 66.26497671721043], [25.063054188344044, 66.33173526891923], [24.996416572263154, 66.33173526891923], [24.996416572263154, 66.26497671721043]]]}, "properties": {"category": "https://maytetoscano.github.io/Bioclima_OGC/def/indicator/zone-mild-advance", "categoryKey": "mild_advance", "categoryLabel": {"en": "Mild phenological advance", "es": "Adelanto fenol\u00f3gico leve", "zh": "\u7269\u5019\u8f7b\u5fae\u63d0\u524d", "ro": "Avans fenologic u\u0219or"}, "pci_value": -0.31446167826652527, "policyRelevance": ["https://maytetoscano.github.io/Bioclima_OGC/def/policy/kmgbf-target-1", "https://maytetoscano.github.io/Bioclima_OGC/def/policy/kmgbf-target-8"]}}, {"type": "Feature", "id": "zone-00591", "geometry": {"type": "Polygon", "coordinates": [[[25.26296703658672, 66.26497671721043], [25.32960465266761, 66.26497671721043], [25.32960465266761, 66.33173526891923], [25.26296703658672, 66.33173526891923], [25.26296703658672, 66.26497671721043]]]}, "properties": {"category": "https://maytetoscano.github.io/Bioclima_OGC/def/indicator/zone-stable", "categoryKey": "stable", "categoryLabel": {"en": "Stable phenology zone", "es": "Zona de fenolog\u00eda estable", "zh": "\u7269\u5019\u7a33\u5b9a\u533a", "ro": "Zon\u0103 cu fenologie stabil\u0103"}, "pci_value": -0.1503649652004242, "policyRelevance": ["https://maytetoscano.github.io/Bioclima_OGC/def/policy/kmgbf-target-1", "https://maytetoscano.github.io/Bioclima_OGC/def/policy/kmgbf-target-8"]}}, {"type": "Feature", "id": "zone-00592", "geometry": {"type": "Polygon", "coordinates": [[[25.529517500910284, 66.26497671721043], [25.596155116991174, 66.26497671721043], [25.596155116991174, 66.33173526891923], [25.529517500910284, 66.33173526891923], [25.529517500910284, 66.26497671721043]]]}, "properties": {"category": "https://maytetoscano.github.io/Bioclima_OGC/def/indicator/zone-stable", "categoryKey": "stable", "categoryLabel": {"en": "Stable phenology zone", "es": "Zona de fenolog\u00eda estable", "zh": "\u7269\u5019\u7a33\u5b9a\u533a", "ro": "Zon\u0103 cu fenologie stabil\u0103"}, "pci_value": -0.14379562437534332, "policyRelevance": ["https://maytetoscano.github.io/Bioclima_OGC/def/policy/kmgbf-target-1", "https://maytetoscano.github.io/Bioclima_OGC/def/policy/kmgbf-target-8"]}}, {"type": "Feature", "id": "zone-00593", "geometry": {"type": "Polygon", "coordinates": [[[25.79606796523385, 66.26497671721043], [25.86270558131474, 66.26497671721043], [25.86270558131474, 66.33173526891923], [25.79606796523385, 66.33173526891923], [25.79606796523385, 66.26497671721043]]]}, "properties": {"category": "https://maytetoscano.github.io/Bioclima_OGC/def/indicator/zone-stable", "categoryKey": "stable", "categoryLabel": {"en": "Stable phenology zone", "es": "Zona de fenolog\u00eda estable", "zh": "\u7269\u5019\u7a33\u5b9a\u533a", "ro": "Zon\u0103 cu fenologie stabil\u0103"}, "pci_value": -0.06875000149011612, "policyRelevance": ["https://maytetoscano.github.io/Bioclima_OGC/def/policy/kmgbf-target-1", "https://maytetoscano.github.io/Bioclima_OGC/def/policy/kmgbf-target-8"]}}, {"type": "Feature", "id": "zone-00594", "geometry": {"type": "Polygon", "coordinates": [[[26.06261842955741, 66.26497671721043], [26.1292560456383, 66.26497671721043], [26.1292560456383, 66.33173526891923], [26.06261842955741, 66.33173526891923], [26.06261842955741, 66.26497671721043]]]}, "properties": {"category": "https://maytetoscano.github.io/Bioclima_OGC/def/indicator/zone-stable", "categoryKey": "stable", "categoryLabel": {"en": "Stable phenology zone", "es": "Zona de fenolog\u00eda estable", "zh": "\u7269\u5019\u7a33\u5b9a\u533a", "ro": "Zon\u0103 cu fenologie stabil\u0103"}, "pci_value": -0.04475364834070206, "policyRelevance": ["https://maytetoscano.github.io/Bioclima_OGC/def/policy/kmgbf-target-1", "https://maytetoscano.github.io/Bioclima_OGC/def/policy/kmgbf-target-8"]}}, {"type": "Feature", "id": "zone-00595", "geometry": {"type": "Polygon", "coordinates": [[[26.329168893880972, 66.26497671721043], [26.39580650996186, 66.26497671721043], [26.39580650996186, 66.33173526891923], [26.329168893880972, 66.33173526891923], [26.329168893880972, 66.26497671721043]]]}, "properties": {"category": "https://maytetoscano.github.io/Bioclima_OGC/def/indicator/zone-stable", "categoryKey": "stable", "categoryLabel": {"en": "Stable phenology zone", "es": "Zona de fenolog\u00eda estable", "zh": "\u7269\u5019\u7a33\u5b9a\u533a", "ro": "Zon\u0103 cu fenologie stabil\u0103"}, "pci_value": -0.046076640486717224, "policyRelevance": ["https://maytetoscano.github.io/Bioclima_OGC/def/policy/kmgbf-target-1", "https://maytetoscano.github.io/Bioclima_OGC/def/policy/kmgbf-target-8"]}}, {"type": "Feature", "id": "zone-00596", "geometry": {"type": "Polygon", "coordinates": [[[26.862269822528102, 66.26497671721043], [26.92890743860899, 66.26497671721043], [26.92890743860899, 66.33173526891923], [26.862269822528102, 66.33173526891923], [26.862269822528102, 66.26497671721043]]]}, "properties": {"category": "https://maytetoscano.github.io/Bioclima_OGC/def/indicator/zone-stable", "categoryKey": "stable", "categoryLabel": {"en": "Stable phenology zone", "es": "Zona de fenolog\u00eda estable", "zh": "\u7269\u5019\u7a33\u5b9a\u533a", "ro": "Zon\u0103 cu fenologie stabil\u0103"}, "pci_value": -0.03690693527460098, "policyRelevance": ["https://maytetoscano.github.io/Bioclima_OGC/def/policy/kmgbf-target-1", "https://maytetoscano.github.io/Bioclima_OGC/def/policy/kmgbf-target-8"]}}, {"type": "Feature", "id": "zone-00597", "geometry": {"type": "Polygon", "coordinates": [[[27.128820286851663, 66.26497671721043], [27.195457902932553, 66.26497671721043], [27.195457902932553, 66.33173526891923], [27.128820286851663, 66.33173526891923], [27.128820286851663, 66.26497671721043]]]}, "properties": {"category": "https://maytetoscano.github.io/Bioclima_OGC/def/indicator/zone-stable", "categoryKey": "stable", "categoryLabel": {"en": "Stable phenology zone", "es": "Zona de fenolog\u00eda estable", "zh": "\u7269\u5019\u7a33\u5b9a\u533a", "ro": "Zon\u0103 cu fenologie stabil\u0103"}, "pci_value": 0.0805656909942627, "policyRelevance": ["https://maytetoscano.github.io/Bioclima_OGC/def/policy/kmgbf-target-1", "https://maytetoscano.github.io/Bioclima_OGC/def/policy/kmgbf-target-8"]}}, {"type": "Feature", "id": "zone-00598", "geometry": {"type": "Polygon", "coordinates": [[[27.395370751175225, 66.26497671721043], [27.462008367256114, 66.26497671721043], [27.462008367256114, 66.33173526891923], [27.395370751175225, 66.33173526891923], [27.395370751175225, 66.26497671721043]]]}, "properties": {"category": "https://maytetoscano.github.io/Bioclima_OGC/def/indicator/zone-stable", "categoryKey": "stable", "categoryLabel": {"en": "Stable phenology zone", "es": "Zona de fenolog\u00eda estable", "zh": "\u7269\u5019\u7a33\u5b9a\u533a", "ro": "Zon\u0103 cu fenologie stabil\u0103"}, "pci_value": 0.022262774407863617, "policyRelevance": ["https://maytetoscano.github.io/Bioclima_OGC/def/policy/kmgbf-target-1", "https://maytetoscano.github.io/Bioclima_OGC/def/policy/kmgbf-target-8"]}}, {"type": "Feature", "id": "zone-00599", "geometry": {"type": "Polygon", "coordinates": [[[27.928471679822355, 66.26497671721043], [27.995109295903244, 66.26497671721043], [27.995109295903244, 66.33173526891923], [27.928471679822355, 66.33173526891923], [27.928471679822355, 66.26497671721043]]]}, "properties": {"category": "https://maytetoscano.github.io/Bioclima_OGC/def/indicator/zone-stable", "categoryKey": "stable", "categoryLabel": {"en": "Stable phenology zone", "es": "Zona de fenolog\u00eda estable", "zh": "\u7269\u5019\u7a33\u5b9a\u533a", "ro": "Zon\u0103 cu fenologie stabil\u0103"}, "pci_value": 0.07458941638469696, "policyRelevance": ["https://maytetoscano.github.io/Bioclima_OGC/def/policy/kmgbf-target-1", "https://maytetoscano.github.io/Bioclima_OGC/def/policy/kmgbf-target-8"]}}, {"type": "Feature", "id": "zone-00600", "geometry": {"type": "Polygon", "coordinates": [[[28.46157260846948, 66.26497671721043], [28.52821022455037, 66.26497671721043], [28.52821022455037, 66.33173526891923], [28.46157260846948, 66.33173526891923], [28.46157260846948, 66.26497671721043]]]}, "properties": {"category": "https://maytetoscano.github.io/Bioclima_OGC/def/indicator/zone-stable", "categoryKey": "stable", "categoryLabel": {"en": "Stable phenology zone", "es": "Zona de fenolog\u00eda estable", "zh": "\u7269\u5019\u7a33\u5b9a\u533a", "ro": "Zon\u0103 cu fenologie stabil\u0103"}, "pci_value": 0.10173358023166656, "policyRelevance": ["https://maytetoscano.github.io/Bioclima_OGC/def/policy/kmgbf-target-1", "https://maytetoscano.github.io/Bioclima_OGC/def/policy/kmgbf-target-8"]}}, {"type": "Feature", "id": "zone-00601", "geometry": {"type": "Polygon", "coordinates": [[[28.994673537116608, 66.26497671721043], [29.061311153197497, 66.26497671721043], [29.061311153197497, 66.33173526891923], [28.994673537116608, 66.33173526891923], [28.994673537116608, 66.26497671721043]]]}, "properties": {"category": "https://maytetoscano.github.io/Bioclima_OGC/def/indicator/zone-stable", "categoryKey": "stable", "categoryLabel": {"en": "Stable phenology zone", "es": "Zona de fenolog\u00eda estable", "zh": "\u7269\u5019\u7a33\u5b9a\u533a", "ro": "Zon\u0103 cu fenologie stabil\u0103"}, "pci_value": 0.10812044143676758, "policyRelevance": ["https://maytetoscano.github.io/Bioclima_OGC/def/policy/kmgbf-target-1", "https://maytetoscano.github.io/Bioclima_OGC/def/policy/kmgbf-target-8"]}}, {"type": "Feature", "id": "zone-00602", "geometry": {"type": "Polygon", "coordinates": [[[29.261224001440173, 66.26497671721043], [29.327861617521062, 66.26497671721043], [29.327861617521062, 66.33173526891923], [29.261224001440173, 66.33173526891923], [29.261224001440173, 66.26497671721043]]]}, "properties": {"category": "https://maytetoscano.github.io/Bioclima_OGC/def/indicator/zone-stable", "categoryKey": "stable", "categoryLabel": {"en": "Stable phenology zone", "es": "Zona de fenolog\u00eda estable", "zh": "\u7269\u5019\u7a33\u5b9a\u533a", "ro": "Zon\u0103 cu fenologie stabil\u0103"}, "pci_value": -0.08074817806482315, "policyRelevance": ["https://maytetoscano.github.io/Bioclima_OGC/def/policy/kmgbf-target-1", "https://maytetoscano.github.io/Bioclima_OGC/def/policy/kmgbf-target-8"]}}, {"type": "Feature", "id": "zone-00603", "geometry": {"type": "Polygon", "coordinates": [[[29.527774465763734, 66.26497671721043], [29.594412081844624, 66.26497671721043], [29.594412081844624, 66.33173526891923], [29.527774465763734, 66.33173526891923], [29.527774465763734, 66.26497671721043]]]}, "properties": {"category": "https://maytetoscano.github.io/Bioclima_OGC/def/indicator/zone-stable", "categoryKey": "stable", "categoryLabel": {"en": "Stable phenology zone", "es": "Zona de fenolog\u00eda estable", "zh": "\u7269\u5019\u7a33\u5b9a\u533a", "ro": "Zon\u0103 cu fenologie stabil\u0103"}, "pci_value": 0.016697080805897713, "policyRelevance": ["https://maytetoscano.github.io/Bioclima_OGC/def/policy/kmgbf-target-1", "https://maytetoscano.github.io/Bioclima_OGC/def/policy/kmgbf-target-8"]}}, {"type": "Feature", "id": "zone-00604", "geometry": {"type": "Polygon", "coordinates": [[[29.794324930087296, 66.26497671721043], [29.860962546168185, 66.26497671721043], [29.860962546168185, 66.33173526891923], [29.794324930087296, 66.33173526891923], [29.794324930087296, 66.26497671721043]]]}, "properties": {"category": "https://maytetoscano.github.io/Bioclima_OGC/def/indicator/zone-stable", "categoryKey": "stable", "categoryLabel": {"en": "Stable phenology zone", "es": "Zona de fenolog\u00eda estable", "zh": "\u7269\u5019\u7a33\u5b9a\u533a", "ro": "Zon\u0103 cu fenologie stabil\u0103"}, "pci_value": 0.03594890609383583, "policyRelevance": ["https://maytetoscano.github.io/Bioclima_OGC/def/policy/kmgbf-target-1", "https://maytetoscano.github.io/Bioclima_OGC/def/policy/kmgbf-target-8"]}}, {"type": "Feature", "id": "zone-00605", "geometry": {"type": "Polygon", "coordinates": [[[30.06087539441086, 66.26497671721043], [30.12751301049175, 66.26497671721043], [30.12751301049175, 66.33173526891923], [30.06087539441086, 66.33173526891923], [30.06087539441086, 66.26497671721043]]]}, "properties": {"category": "https://maytetoscano.github.io/Bioclima_OGC/def/indicator/zone-stable", "categoryKey": "stable", "categoryLabel": {"en": "Stable phenology zone", "es": "Zona de fenolog\u00eda estable", "zh": "\u7269\u5019\u7a33\u5b9a\u533a", "ro": "Zon\u0103 cu fenologie stabil\u0103"}, "pci_value": 0.00989963486790657, "policyRelevance": ["https://maytetoscano.github.io/Bioclima_OGC/def/policy/kmgbf-target-1", "https://maytetoscano.github.io/Bioclima_OGC/def/policy/kmgbf-target-8"]}}, {"type": "Feature", "id": "zone-00606", "geometry": {"type": "Polygon", "coordinates": [[[30.327425858734426, 66.26497671721043], [30.394063474815315, 66.26497671721043], [30.394063474815315, 66.33173526891923], [30.327425858734426, 66.33173526891923], [30.327425858734426, 66.26497671721043]]]}, "properties": {"category": "https://maytetoscano.github.io/Bioclima_OGC/def/indicator/zone-stable", "categoryKey": "stable", "categoryLabel": {"en": "Stable phenology zone", "es": "Zona de fenolog\u00eda estable", "zh": "\u7269\u5019\u7a33\u5b9a\u533a", "ro": "Zon\u0103 cu fenologie stabil\u0103"}, "pci_value": 0.09776459634304047, "policyRelevance": ["https://maytetoscano.github.io/Bioclima_OGC/def/policy/kmgbf-target-1", "https://maytetoscano.github.io/Bioclima_OGC/def/policy/kmgbf-target-8"]}}, {"type": "Feature", "id": "zone-00607", "geometry": {"type": "Polygon", "coordinates": [[[30.59397632305799, 66.26497671721043], [30.66061393913888, 66.26497671721043], [30.66061393913888, 66.33173526891923], [30.59397632305799, 66.33173526891923], [30.59397632305799, 66.26497671721043]]]}, "properties": {"category": "https://maytetoscano.github.io/Bioclima_OGC/def/indicator/zone-stable", "categoryKey": "stable", "categoryLabel": {"en": "Stable phenology zone", "es": "Zona de fenolog\u00eda estable", "zh": "\u7269\u5019\u7a33\u5b9a\u533a", "ro": "Zon\u0103 cu fenologie stabil\u0103"}, "pci_value": 0.036405108869075775, "policyRelevance": ["https://maytetoscano.github.io/Bioclima_OGC/def/policy/kmgbf-target-1", "https://maytetoscano.github.io/Bioclima_OGC/def/policy/kmgbf-target-8"]}}, {"type": "Feature", "id": "zone-00608", "geometry": {"type": "Polygon", "coordinates": [[[30.86052678738155, 66.26497671721043], [30.927164403462438, 66.26497671721043], [30.927164403462438, 66.33173526891923], [30.86052678738155, 66.33173526891923], [30.86052678738155, 66.26497671721043]]]}, "properties": {"category": "https://maytetoscano.github.io/Bioclima_OGC/def/indicator/zone-stable", "categoryKey": "stable", "categoryLabel": {"en": "Stable phenology zone", "es": "Zona de fenolog\u00eda estable", "zh": "\u7269\u5019\u7a33\u5b9a\u533a", "ro": "Zon\u0103 cu fenologie stabil\u0103"}, "pci_value": 0.026596715673804283, "policyRelevance": ["https://maytetoscano.github.io/Bioclima_OGC/def/policy/kmgbf-target-1", "https://maytetoscano.github.io/Bioclima_OGC/def/policy/kmgbf-target-8"]}}, {"type": "Feature", "id": "zone-00609", "geometry": {"type": "Polygon", "coordinates": [[[31.127077251705114, 66.26497671721043], [31.193714867786003, 66.26497671721043], [31.193714867786003, 66.33173526891923], [31.127077251705114, 66.33173526891923], [31.127077251705114, 66.26497671721043]]]}, "properties": {"category": "https://maytetoscano.github.io/Bioclima_OGC/def/indicator/zone-stable", "categoryKey": "stable", "categoryLabel": {"en": "Stable phenology zone", "es": "Zona de fenolog\u00eda estable", "zh": "\u7269\u5019\u7a33\u5b9a\u533a", "ro": "Zon\u0103 cu fenologie stabil\u0103"}, "pci_value": 0.16437043249607086, "policyRelevance": ["https://maytetoscano.github.io/Bioclima_OGC/def/policy/kmgbf-target-1", "https://maytetoscano.github.io/Bioclima_OGC/def/policy/kmgbf-target-8"]}}, {"type": "Feature", "id": "zone-00610", "geometry": {"type": "Polygon", "coordinates": [[[21.53126053605683, 66.53201092404568], [21.59789815213772, 66.53201092404568], [21.59789815213772, 66.59876947575448], [21.53126053605683, 66.59876947575448], [21.53126053605683, 66.53201092404568]]]}, "properties": {"category": "https://maytetoscano.github.io/Bioclima_OGC/def/indicator/zone-mild-advance", "categoryKey": "mild_advance", "categoryLabel": {"en": "Mild phenological advance", "es": "Adelanto fenol\u00f3gico leve", "zh": "\u7269\u5019\u8f7b\u5fae\u63d0\u524d", "ro": "Avans fenologic u\u0219or"}, "pci_value": -0.37354013323783875, "policyRelevance": ["https://maytetoscano.github.io/Bioclima_OGC/def/policy/kmgbf-target-1", "https://maytetoscano.github.io/Bioclima_OGC/def/policy/kmgbf-target-8"]}}, {"type": "Feature", "id": "zone-00611", "geometry": {"type": "Polygon", "coordinates": [[[21.797811000380396, 66.53201092404568], [21.864448616461285, 66.53201092404568], [21.864448616461285, 66.59876947575448], [21.797811000380396, 66.59876947575448], [21.797811000380396, 66.53201092404568]]]}, "properties": {"category": "https://maytetoscano.github.io/Bioclima_OGC/def/indicator/zone-mild-advance", "categoryKey": "mild_advance", "categoryLabel": {"en": "Mild phenological advance", "es": "Adelanto fenol\u00f3gico leve", "zh": "\u7269\u5019\u8f7b\u5fae\u63d0\u524d", "ro": "Avans fenologic u\u0219or"}, "pci_value": -0.3236770033836365, "policyRelevance": ["https://maytetoscano.github.io/Bioclima_OGC/def/policy/kmgbf-target-1", "https://maytetoscano.github.io/Bioclima_OGC/def/policy/kmgbf-target-8"]}}, {"type": "Feature", "id": "zone-00612", "geometry": {"type": "Polygon", "coordinates": [[[22.06436146470396, 66.53201092404568], [22.13099908078485, 66.53201092404568], [22.13099908078485, 66.59876947575448], [22.06436146470396, 66.59876947575448], [22.06436146470396, 66.53201092404568]]]}, "properties": {"category": "https://maytetoscano.github.io/Bioclima_OGC/def/indicator/zone-mild-advance", "categoryKey": "mild_advance", "categoryLabel": {"en": "Mild phenological advance", "es": "Adelanto fenol\u00f3gico leve", "zh": "\u7269\u5019\u8f7b\u5fae\u63d0\u524d", "ro": "Avans fenologic u\u0219or"}, "pci_value": -0.3761405050754547, "policyRelevance": ["https://maytetoscano.github.io/Bioclima_OGC/def/policy/kmgbf-target-1", "https://maytetoscano.github.io/Bioclima_OGC/def/policy/kmgbf-target-8"]}}, {"type": "Feature", "id": "zone-00613", "geometry": {"type": "Polygon", "coordinates": [[[22.330911929027522, 66.53201092404568], [22.39754954510841, 66.53201092404568], [22.39754954510841, 66.59876947575448], [22.330911929027522, 66.59876947575448], [22.330911929027522, 66.53201092404568]]]}, "properties": {"category": "https://maytetoscano.github.io/Bioclima_OGC/def/indicator/zone-mild-advance", "categoryKey": "mild_advance", "categoryLabel": {"en": "Mild phenological advance", "es": "Adelanto fenol\u00f3gico leve", "zh": "\u7269\u5019\u8f7b\u5fae\u63d0\u524d", "ro": "Avans fenologic u\u0219or"}, "pci_value": -0.33508211374282837, "policyRelevance": ["https://maytetoscano.github.io/Bioclima_OGC/def/policy/kmgbf-target-1", "https://maytetoscano.github.io/Bioclima_OGC/def/policy/kmgbf-target-8"]}}, {"type": "Feature", "id": "zone-00614", "geometry": {"type": "Polygon", "coordinates": [[[22.597462393351083, 66.53201092404568], [22.664100009431973, 66.53201092404568], [22.664100009431973, 66.59876947575448], [22.597462393351083, 66.59876947575448], [22.597462393351083, 66.53201092404568]]]}, "properties": {"category": "https://maytetoscano.github.io/Bioclima_OGC/def/indicator/zone-mild-advance", "categoryKey": "mild_advance", "categoryLabel": {"en": "Mild phenological advance", "es": "Adelanto fenol\u00f3gico leve", "zh": "\u7269\u5019\u8f7b\u5fae\u63d0\u524d", "ro": "Avans fenologic u\u0219or"}, "pci_value": -0.22728101909160614, "policyRelevance": ["https://maytetoscano.github.io/Bioclima_OGC/def/policy/kmgbf-target-1", "https://maytetoscano.github.io/Bioclima_OGC/def/policy/kmgbf-target-8"]}}, {"type": "Feature", "id": "zone-00615", "geometry": {"type": "Polygon", "coordinates": [[[22.86401285767465, 66.53201092404568], [22.930650473755538, 66.53201092404568], [22.930650473755538, 66.59876947575448], [22.86401285767465, 66.59876947575448], [22.86401285767465, 66.53201092404568]]]}, "properties": {"category": "https://maytetoscano.github.io/Bioclima_OGC/def/indicator/zone-mild-advance", "categoryKey": "mild_advance", "categoryLabel": {"en": "Mild phenological advance", "es": "Adelanto fenol\u00f3gico leve", "zh": "\u7269\u5019\u8f7b\u5fae\u63d0\u524d", "ro": "Avans fenologic u\u0219or"}, "pci_value": -0.2255474478006363, "policyRelevance": ["https://maytetoscano.github.io/Bioclima_OGC/def/policy/kmgbf-target-1", "https://maytetoscano.github.io/Bioclima_OGC/def/policy/kmgbf-target-8"]}}, {"type": "Feature", "id": "zone-00616", "geometry": {"type": "Polygon", "coordinates": [[[23.130563321998213, 66.53201092404568], [23.197200938079103, 66.53201092404568], [23.197200938079103, 66.59876947575448], [23.130563321998213, 66.59876947575448], [23.130563321998213, 66.53201092404568]]]}, "properties": {"category": "https://maytetoscano.github.io/Bioclima_OGC/def/indicator/zone-stable", "categoryKey": "stable", "categoryLabel": {"en": "Stable phenology zone", "es": "Zona de fenolog\u00eda estable", "zh": "\u7269\u5019\u7a33\u5b9a\u533a", "ro": "Zon\u0103 cu fenologie stabil\u0103"}, "pci_value": -0.03083941526710987, "policyRelevance": ["https://maytetoscano.github.io/Bioclima_OGC/def/policy/kmgbf-target-1", "https://maytetoscano.github.io/Bioclima_OGC/def/policy/kmgbf-target-8"]}}, {"type": "Feature", "id": "zone-00617", "geometry": {"type": "Polygon", "coordinates": [[[23.397113786321775, 66.53201092404568], [23.463751402402664, 66.53201092404568], [23.463751402402664, 66.59876947575448], [23.397113786321775, 66.59876947575448], [23.397113786321775, 66.53201092404568]]]}, "properties": {"category": "https://maytetoscano.github.io/Bioclima_OGC/def/indicator/zone-stable", "categoryKey": "stable", "categoryLabel": {"en": "Stable phenology zone", "es": "Zona de fenolog\u00eda estable", "zh": "\u7269\u5019\u7a33\u5b9a\u533a", "ro": "Zon\u0103 cu fenologie stabil\u0103"}, "pci_value": -0.055565692484378815, "policyRelevance": ["https://maytetoscano.github.io/Bioclima_OGC/def/policy/kmgbf-target-1", "https://maytetoscano.github.io/Bioclima_OGC/def/policy/kmgbf-target-8"]}}, {"type": "Feature", "id": "zone-00618", "geometry": {"type": "Polygon", "coordinates": [[[23.663664250645336, 66.53201092404568], [23.730301866726226, 66.53201092404568], [23.730301866726226, 66.59876947575448], [23.663664250645336, 66.59876947575448], [23.663664250645336, 66.53201092404568]]]}, "properties": {"category": "https://maytetoscano.github.io/Bioclima_OGC/def/indicator/zone-stable", "categoryKey": "stable", "categoryLabel": {"en": "Stable phenology zone", "es": "Zona de fenolog\u00eda estable", "zh": "\u7269\u5019\u7a33\u5b9a\u533a", "ro": "Zon\u0103 cu fenologie stabil\u0103"}, "pci_value": -0.16400547325611115, "policyRelevance": ["https://maytetoscano.github.io/Bioclima_OGC/def/policy/kmgbf-target-1", "https://maytetoscano.github.io/Bioclima_OGC/def/policy/kmgbf-target-8"]}}, {"type": "Feature", "id": "zone-00619", "geometry": {"type": "Polygon", "coordinates": [[[23.9302147149689, 66.53201092404568], [23.99685233104979, 66.53201092404568], [23.99685233104979, 66.59876947575448], [23.9302147149689, 66.59876947575448], [23.9302147149689, 66.53201092404568]]]}, "properties": {"category": "https://maytetoscano.github.io/Bioclima_OGC/def/indicator/zone-stable", "categoryKey": "stable", "categoryLabel": {"en": "Stable phenology zone", "es": "Zona de fenolog\u00eda estable", "zh": "\u7269\u5019\u7a33\u5b9a\u533a", "ro": "Zon\u0103 cu fenologie stabil\u0103"}, "pci_value": -0.19073905050754547, "policyRelevance": ["https://maytetoscano.github.io/Bioclima_OGC/def/policy/kmgbf-target-1", "https://maytetoscano.github.io/Bioclima_OGC/def/policy/kmgbf-target-8"]}}, {"type": "Feature", "id": "zone-00620", "geometry": {"type": "Polygon", "coordinates": [[[24.196765179292466, 66.53201092404568], [24.263402795373356, 66.53201092404568], [24.263402795373356, 66.59876947575448], [24.196765179292466, 66.59876947575448], [24.196765179292466, 66.53201092404568]]]}, "properties": {"category": "https://maytetoscano.github.io/Bioclima_OGC/def/indicator/zone-stable", "categoryKey": "stable", "categoryLabel": {"en": "Stable phenology zone", "es": "Zona de fenolog\u00eda estable", "zh": "\u7269\u5019\u7a33\u5b9a\u533a", "ro": "Zon\u0103 cu fenologie stabil\u0103"}, "pci_value": -0.18932481110095978, "policyRelevance": ["https://maytetoscano.github.io/Bioclima_OGC/def/policy/kmgbf-target-1", "https://maytetoscano.github.io/Bioclima_OGC/def/policy/kmgbf-target-8"]}}, {"type": "Feature", "id": "zone-00621", "geometry": {"type": "Polygon", "coordinates": [[[24.46331564361603, 66.53201092404568], [24.52995325969692, 66.53201092404568], [24.52995325969692, 66.59876947575448], [24.46331564361603, 66.59876947575448], [24.46331564361603, 66.53201092404568]]]}, "properties": {"category": "https://maytetoscano.github.io/Bioclima_OGC/def/indicator/zone-stable", "categoryKey": "stable", "categoryLabel": {"en": "Stable phenology zone", "es": "Zona de fenolog\u00eda estable", "zh": "\u7269\u5019\u7a33\u5b9a\u533a", "ro": "Zon\u0103 cu fenologie stabil\u0103"}, "pci_value": -0.0718521922826767, "policyRelevance": ["https://maytetoscano.github.io/Bioclima_OGC/def/policy/kmgbf-target-1", "https://maytetoscano.github.io/Bioclima_OGC/def/policy/kmgbf-target-8"]}}, {"type": "Feature", "id": "zone-00622", "geometry": {"type": "Polygon", "coordinates": [[[24.729866107939593, 66.53201092404568], [24.796503724020482, 66.53201092404568], [24.796503724020482, 66.59876947575448], [24.729866107939593, 66.59876947575448], [24.729866107939593, 66.53201092404568]]]}, "properties": {"category": "https://maytetoscano.github.io/Bioclima_OGC/def/indicator/zone-mild-advance", "categoryKey": "mild_advance", "categoryLabel": {"en": "Mild phenological advance", "es": "Adelanto fenol\u00f3gico leve", "zh": "\u7269\u5019\u8f7b\u5fae\u63d0\u524d", "ro": "Avans fenologic u\u0219or"}, "pci_value": -0.20424270629882812, "policyRelevance": ["https://maytetoscano.github.io/Bioclima_OGC/def/policy/kmgbf-target-1", "https://maytetoscano.github.io/Bioclima_OGC/def/policy/kmgbf-target-8"]}}, {"type": "Feature", "id": "zone-00623", "geometry": {"type": "Polygon", "coordinates": [[[24.996416572263154, 66.53201092404568], [25.063054188344044, 66.53201092404568], [25.063054188344044, 66.59876947575448], [24.996416572263154, 66.59876947575448], [24.996416572263154, 66.53201092404568]]]}, "properties": {"category": "https://maytetoscano.github.io/Bioclima_OGC/def/indicator/zone-stable", "categoryKey": "stable", "categoryLabel": {"en": "Stable phenology zone", "es": "Zona de fenolog\u00eda estable", "zh": "\u7269\u5019\u7a33\u5b9a\u533a", "ro": "Zon\u0103 cu fenologie stabil\u0103"}, "pci_value": -0.09822080284357071, "policyRelevance": ["https://maytetoscano.github.io/Bioclima_OGC/def/policy/kmgbf-target-1", "https://maytetoscano.github.io/Bioclima_OGC/def/policy/kmgbf-target-8"]}}, {"type": "Feature", "id": "zone-00624", "geometry": {"type": "Polygon", "coordinates": [[[25.26296703658672, 66.53201092404568], [25.32960465266761, 66.53201092404568], [25.32960465266761, 66.59876947575448], [25.26296703658672, 66.59876947575448], [25.26296703658672, 66.53201092404568]]]}, "properties": {"category": "https://maytetoscano.github.io/Bioclima_OGC/def/indicator/zone-stable", "categoryKey": "stable", "categoryLabel": {"en": "Stable phenology zone", "es": "Zona de fenolog\u00eda estable", "zh": "\u7269\u5019\u7a33\u5b9a\u533a", "ro": "Zon\u0103 cu fenologie stabil\u0103"}, "pci_value": 0.021122261881828308, "policyRelevance": ["https://maytetoscano.github.io/Bioclima_OGC/def/policy/kmgbf-target-1", "https://maytetoscano.github.io/Bioclima_OGC/def/policy/kmgbf-target-8"]}}, {"type": "Feature", "id": "zone-00625", "geometry": {"type": "Polygon", "coordinates": [[[25.529517500910284, 66.53201092404568], [25.596155116991174, 66.53201092404568], [25.596155116991174, 66.59876947575448], [25.529517500910284, 66.59876947575448], [25.529517500910284, 66.53201092404568]]]}, "properties": {"category": "https://maytetoscano.github.io/Bioclima_OGC/def/indicator/zone-stable", "categoryKey": "stable", "categoryLabel": {"en": "Stable phenology zone", "es": "Zona de fenolog\u00eda estable", "zh": "\u7269\u5019\u7a33\u5b9a\u533a", "ro": "Zon\u0103 cu fenologie stabil\u0103"}, "pci_value": -0.07974452525377274, "policyRelevance": ["https://maytetoscano.github.io/Bioclima_OGC/def/policy/kmgbf-target-1", "https://maytetoscano.github.io/Bioclima_OGC/def/policy/kmgbf-target-8"]}}, {"type": "Feature", "id": "zone-00626", "geometry": {"type": "Polygon", "coordinates": [[[25.79606796523385, 66.53201092404568], [25.86270558131474, 66.53201092404568], [25.86270558131474, 66.59876947575448], [25.79606796523385, 66.59876947575448], [25.79606796523385, 66.53201092404568]]]}, "properties": {"category": "https://maytetoscano.github.io/Bioclima_OGC/def/indicator/zone-stable", "categoryKey": "stable", "categoryLabel": {"en": "Stable phenology zone", "es": "Zona de fenolog\u00eda estable", "zh": "\u7269\u5019\u7a33\u5b9a\u533a", "ro": "Zon\u0103 cu fenologie stabil\u0103"}, "pci_value": -0.11003649979829788, "policyRelevance": ["https://maytetoscano.github.io/Bioclima_OGC/def/policy/kmgbf-target-1", "https://maytetoscano.github.io/Bioclima_OGC/def/policy/kmgbf-target-8"]}}, {"type": "Feature", "id": "zone-00627", "geometry": {"type": "Polygon", "coordinates": [[[26.06261842955741, 66.53201092404568], [26.1292560456383, 66.53201092404568], [26.1292560456383, 66.59876947575448], [26.06261842955741, 66.59876947575448], [26.06261842955741, 66.53201092404568]]]}, "properties": {"category": "https://maytetoscano.github.io/Bioclima_OGC/def/indicator/zone-mild-advance", "categoryKey": "mild_advance", "categoryLabel": {"en": "Mild phenological advance", "es": "Adelanto fenol\u00f3gico leve", "zh": "\u7269\u5019\u8f7b\u5fae\u63d0\u524d", "ro": "Avans fenologic u\u0219or"}, "pci_value": -0.2781934440135956, "policyRelevance": ["https://maytetoscano.github.io/Bioclima_OGC/def/policy/kmgbf-target-1", "https://maytetoscano.github.io/Bioclima_OGC/def/policy/kmgbf-target-8"]}}, {"type": "Feature", "id": "zone-00628", "geometry": {"type": "Polygon", "coordinates": [[[26.329168893880972, 66.53201092404568], [26.39580650996186, 66.53201092404568], [26.39580650996186, 66.59876947575448], [26.329168893880972, 66.59876947575448], [26.329168893880972, 66.53201092404568]]]}, "properties": {"category": "https://maytetoscano.github.io/Bioclima_OGC/def/indicator/zone-stable", "categoryKey": "stable", "categoryLabel": {"en": "Stable phenology zone", "es": "Zona de fenolog\u00eda estable", "zh": "\u7269\u5019\u7a33\u5b9a\u533a", "ro": "Zon\u0103 cu fenologie stabil\u0103"}, "pci_value": -0.11172445118427277, "policyRelevance": ["https://maytetoscano.github.io/Bioclima_OGC/def/policy/kmgbf-target-1", "https://maytetoscano.github.io/Bioclima_OGC/def/policy/kmgbf-target-8"]}}, {"type": "Feature", "id": "zone-00629", "geometry": {"type": "Polygon", "coordinates": [[[26.595719358204537, 66.53201092404568], [26.662356974285427, 66.53201092404568], [26.662356974285427, 66.59876947575448], [26.595719358204537, 66.59876947575448], [26.595719358204537, 66.53201092404568]]]}, "properties": {"category": "https://maytetoscano.github.io/Bioclima_OGC/def/indicator/zone-stable", "categoryKey": "stable", "categoryLabel": {"en": "Stable phenology zone", "es": "Zona de fenolog\u00eda estable", "zh": "\u7269\u5019\u7a33\u5b9a\u533a", "ro": "Zon\u0103 cu fenologie stabil\u0103"}, "pci_value": -0.10237226635217667, "policyRelevance": ["https://maytetoscano.github.io/Bioclima_OGC/def/policy/kmgbf-target-1", "https://maytetoscano.github.io/Bioclima_OGC/def/policy/kmgbf-target-8"]}}, {"type": "Feature", "id": "zone-00630", "geometry": {"type": "Polygon", "coordinates": [[[26.862269822528102, 66.53201092404568], [26.92890743860899, 66.53201092404568], [26.92890743860899, 66.59876947575448], [26.862269822528102, 66.59876947575448], [26.862269822528102, 66.53201092404568]]]}, "properties": {"category": "https://maytetoscano.github.io/Bioclima_OGC/def/indicator/zone-stable", "categoryKey": "stable", "categoryLabel": {"en": "Stable phenology zone", "es": "Zona de fenolog\u00eda estable", "zh": "\u7269\u5019\u7a33\u5b9a\u533a", "ro": "Zon\u0103 cu fenologie stabil\u0103"}, "pci_value": 0.0041970801539719105, "policyRelevance": ["https://maytetoscano.github.io/Bioclima_OGC/def/policy/kmgbf-target-1", "https://maytetoscano.github.io/Bioclima_OGC/def/policy/kmgbf-target-8"]}}, {"type": "Feature", "id": "zone-00631", "geometry": {"type": "Polygon", "coordinates": [[[27.128820286851663, 66.53201092404568], [27.195457902932553, 66.53201092404568], [27.195457902932553, 66.59876947575448], [27.128820286851663, 66.59876947575448], [27.128820286851663, 66.53201092404568]]]}, "properties": {"category": "https://maytetoscano.github.io/Bioclima_OGC/def/indicator/zone-stable", "categoryKey": "stable", "categoryLabel": {"en": "Stable phenology zone", "es": "Zona de fenolog\u00eda estable", "zh": "\u7269\u5019\u7a33\u5b9a\u533a", "ro": "Zon\u0103 cu fenologie stabil\u0103"}, "pci_value": -0.08759123831987381, "policyRelevance": ["https://maytetoscano.github.io/Bioclima_OGC/def/policy/kmgbf-target-1", "https://maytetoscano.github.io/Bioclima_OGC/def/policy/kmgbf-target-8"]}}, {"type": "Feature", "id": "zone-00632", "geometry": {"type": "Polygon", "coordinates": [[[27.395370751175225, 66.53201092404568], [27.462008367256114, 66.53201092404568], [27.462008367256114, 66.59876947575448], [27.395370751175225, 66.59876947575448], [27.395370751175225, 66.53201092404568]]]}, "properties": {"category": "https://maytetoscano.github.io/Bioclima_OGC/def/indicator/zone-stable", "categoryKey": "stable", "categoryLabel": {"en": "Stable phenology zone", "es": "Zona de fenolog\u00eda estable", "zh": "\u7269\u5019\u7a33\u5b9a\u533a", "ro": "Zon\u0103 cu fenologie stabil\u0103"}, "pci_value": -0.12226277589797974, "policyRelevance": ["https://maytetoscano.github.io/Bioclima_OGC/def/policy/kmgbf-target-1", "https://maytetoscano.github.io/Bioclima_OGC/def/policy/kmgbf-target-8"]}}, {"type": "Feature", "id": "zone-00633", "geometry": {"type": "Polygon", "coordinates": [[[27.66192121549879, 66.53201092404568], [27.72855883157968, 66.53201092404568], [27.72855883157968, 66.59876947575448], [27.66192121549879, 66.59876947575448], [27.66192121549879, 66.53201092404568]]]}, "properties": {"category": "https://maytetoscano.github.io/Bioclima_OGC/def/indicator/zone-stable", "categoryKey": "stable", "categoryLabel": {"en": "Stable phenology zone", "es": "Zona de fenolog\u00eda estable", "zh": "\u7269\u5019\u7a33\u5b9a\u533a", "ro": "Zon\u0103 cu fenologie stabil\u0103"}, "pci_value": -0.11751824617385864, "policyRelevance": ["https://maytetoscano.github.io/Bioclima_OGC/def/policy/kmgbf-target-1", "https://maytetoscano.github.io/Bioclima_OGC/def/policy/kmgbf-target-8"]}}, {"type": "Feature", "id": "zone-00634", "geometry": {"type": "Polygon", "coordinates": [[[28.19502214414592, 66.53201092404568], [28.26165976022681, 66.53201092404568], [28.26165976022681, 66.59876947575448], [28.19502214414592, 66.59876947575448], [28.19502214414592, 66.53201092404568]]]}, "properties": {"category": "https://maytetoscano.github.io/Bioclima_OGC/def/indicator/zone-stable", "categoryKey": "stable", "categoryLabel": {"en": "Stable phenology zone", "es": "Zona de fenolog\u00eda estable", "zh": "\u7269\u5019\u7a33\u5b9a\u533a", "ro": "Zon\u0103 cu fenologie stabil\u0103"}, "pci_value": 0.0799270048737526, "policyRelevance": ["https://maytetoscano.github.io/Bioclima_OGC/def/policy/kmgbf-target-1", "https://maytetoscano.github.io/Bioclima_OGC/def/policy/kmgbf-target-8"]}}, {"type": "Feature", "id": "zone-00635", "geometry": {"type": "Polygon", "coordinates": [[[28.46157260846948, 66.53201092404568], [28.52821022455037, 66.53201092404568], [28.52821022455037, 66.59876947575448], [28.46157260846948, 66.59876947575448], [28.46157260846948, 66.53201092404568]]]}, "properties": {"category": "https://maytetoscano.github.io/Bioclima_OGC/def/indicator/zone-stable", "categoryKey": "stable", "categoryLabel": {"en": "Stable phenology zone", "es": "Zona de fenolog\u00eda estable", "zh": "\u7269\u5019\u7a33\u5b9a\u533a", "ro": "Zon\u0103 cu fenologie stabil\u0103"}, "pci_value": 0.10050182789564133, "policyRelevance": ["https://maytetoscano.github.io/Bioclima_OGC/def/policy/kmgbf-target-1", "https://maytetoscano.github.io/Bioclima_OGC/def/policy/kmgbf-target-8"]}}, {"type": "Feature", "id": "zone-00636", "geometry": {"type": "Polygon", "coordinates": [[[28.728123072793043, 66.53201092404568], [28.794760688873932, 66.53201092404568], [28.794760688873932, 66.59876947575448], [28.728123072793043, 66.59876947575448], [28.728123072793043, 66.53201092404568]]]}, "properties": {"category": "https://maytetoscano.github.io/Bioclima_OGC/def/indicator/zone-stable", "categoryKey": "stable", "categoryLabel": {"en": "Stable phenology zone", "es": "Zona de fenolog\u00eda estable", "zh": "\u7269\u5019\u7a33\u5b9a\u533a", "ro": "Zon\u0103 cu fenologie stabil\u0103"}, "pci_value": -0.015647809952497482, "policyRelevance": ["https://maytetoscano.github.io/Bioclima_OGC/def/policy/kmgbf-target-1", "https://maytetoscano.github.io/Bioclima_OGC/def/policy/kmgbf-target-8"]}}, {"type": "Feature", "id": "zone-00637", "geometry": {"type": "Polygon", "coordinates": [[[28.994673537116608, 66.53201092404568], [29.061311153197497, 66.53201092404568], [29.061311153197497, 66.59876947575448], [28.994673537116608, 66.59876947575448], [28.994673537116608, 66.53201092404568]]]}, "properties": {"category": "https://maytetoscano.github.io/Bioclima_OGC/def/indicator/zone-stable", "categoryKey": "stable", "categoryLabel": {"en": "Stable phenology zone", "es": "Zona de fenolog\u00eda estable", "zh": "\u7269\u5019\u7a33\u5b9a\u533a", "ro": "Zon\u0103 cu fenologie stabil\u0103"}, "pci_value": 0.16104014217853546, "policyRelevance": ["https://maytetoscano.github.io/Bioclima_OGC/def/policy/kmgbf-target-1", "https://maytetoscano.github.io/Bioclima_OGC/def/policy/kmgbf-target-8"]}}, {"type": "Feature", "id": "zone-00638", "geometry": {"type": "Polygon", "coordinates": [[[29.527774465763734, 66.53201092404568], [29.594412081844624, 66.53201092404568], [29.594412081844624, 66.59876947575448], [29.527774465763734, 66.59876947575448], [29.527774465763734, 66.53201092404568]]]}, "properties": {"category": "https://maytetoscano.github.io/Bioclima_OGC/def/indicator/zone-stable", "categoryKey": "stable", "categoryLabel": {"en": "Stable phenology zone", "es": "Zona de fenolog\u00eda estable", "zh": "\u7269\u5019\u7a33\u5b9a\u533a", "ro": "Zon\u0103 cu fenologie stabil\u0103"}, "pci_value": -0.09890510886907578, "policyRelevance": ["https://maytetoscano.github.io/Bioclima_OGC/def/policy/kmgbf-target-1", "https://maytetoscano.github.io/Bioclima_OGC/def/policy/kmgbf-target-8"]}}, {"type": "Feature", "id": "zone-00639", "geometry": {"type": "Polygon", "coordinates": [[[30.06087539441086, 66.53201092404568], [30.12751301049175, 66.53201092404568], [30.12751301049175, 66.59876947575448], [30.06087539441086, 66.59876947575448], [30.06087539441086, 66.53201092404568]]]}, "properties": {"category": "https://maytetoscano.github.io/Bioclima_OGC/def/indicator/zone-stable", "categoryKey": "stable", "categoryLabel": {"en": "Stable phenology zone", "es": "Zona de fenolog\u00eda estable", "zh": "\u7269\u5019\u7a33\u5b9a\u533a", "ro": "Zon\u0103 cu fenologie stabil\u0103"}, "pci_value": 0.03293795511126518, "policyRelevance": ["https://maytetoscano.github.io/Bioclima_OGC/def/policy/kmgbf-target-1", "https://maytetoscano.github.io/Bioclima_OGC/def/policy/kmgbf-target-8"]}}, {"type": "Feature", "id": "zone-00640", "geometry": {"type": "Polygon", "coordinates": [[[30.327425858734426, 66.53201092404568], [30.394063474815315, 66.53201092404568], [30.394063474815315, 66.59876947575448], [30.327425858734426, 66.59876947575448], [30.327425858734426, 66.53201092404568]]]}, "properties": {"category": "https://maytetoscano.github.io/Bioclima_OGC/def/indicator/zone-stable", "categoryKey": "stable", "categoryLabel": {"en": "Stable phenology zone", "es": "Zona de fenolog\u00eda estable", "zh": "\u7269\u5019\u7a33\u5b9a\u533a", "ro": "Zon\u0103 cu fenologie stabil\u0103"}, "pci_value": -0.025273723527789116, "policyRelevance": ["https://maytetoscano.github.io/Bioclima_OGC/def/policy/kmgbf-target-1", "https://maytetoscano.github.io/Bioclima_OGC/def/policy/kmgbf-target-8"]}}, {"type": "Feature", "id": "zone-00641", "geometry": {"type": "Polygon", "coordinates": [[[30.59397632305799, 66.53201092404568], [30.66061393913888, 66.53201092404568], [30.66061393913888, 66.59876947575448], [30.59397632305799, 66.59876947575448], [30.59397632305799, 66.53201092404568]]]}, "properties": {"category": "https://maytetoscano.github.io/Bioclima_OGC/def/indicator/zone-stable", "categoryKey": "stable", "categoryLabel": {"en": "Stable phenology zone", "es": "Zona de fenolog\u00eda estable", "zh": "\u7269\u5019\u7a33\u5b9a\u533a", "ro": "Zon\u0103 cu fenologie stabil\u0103"}, "pci_value": 0.0245894156396389, "policyRelevance": ["https://maytetoscano.github.io/Bioclima_OGC/def/policy/kmgbf-target-1", "https://maytetoscano.github.io/Bioclima_OGC/def/policy/kmgbf-target-8"]}}, {"type": "Feature", "id": "zone-00642", "geometry": {"type": "Polygon", "coordinates": [[[30.86052678738155, 66.53201092404568], [30.927164403462438, 66.53201092404568], [30.927164403462438, 66.59876947575448], [30.86052678738155, 66.59876947575448], [30.86052678738155, 66.53201092404568]]]}, "properties": {"category": "https://maytetoscano.github.io/Bioclima_OGC/def/indicator/zone-stable", "categoryKey": "stable", "categoryLabel": {"en": "Stable phenology zone", "es": "Zona de fenolog\u00eda estable", "zh": "\u7269\u5019\u7a33\u5b9a\u533a", "ro": "Zon\u0103 cu fenologie stabil\u0103"}, "pci_value": 0.051094889640808105, "policyRelevance": ["https://maytetoscano.github.io/Bioclima_OGC/def/policy/kmgbf-target-1", "https://maytetoscano.github.io/Bioclima_OGC/def/policy/kmgbf-target-8"]}}, {"type": "Feature", "id": "zone-00643", "geometry": {"type": "Polygon", "coordinates": [[[21.26471007173327, 66.79904513088093], [21.33134768781416, 66.79904513088093], [21.33134768781416, 66.86580368258973], [21.26471007173327, 66.86580368258973], [21.26471007173327, 66.79904513088093]]]}, "properties": {"category": "https://maytetoscano.github.io/Bioclima_OGC/def/indicator/zone-stable", "categoryKey": "stable", "categoryLabel": {"en": "Stable phenology zone", "es": "Zona de fenolog\u00eda estable", "zh": "\u7269\u5019\u7a33\u5b9a\u533a", "ro": "Zon\u0103 cu fenologie stabil\u0103"}, "pci_value": -0.18371351063251495, "policyRelevance": ["https://maytetoscano.github.io/Bioclima_OGC/def/policy/kmgbf-target-1", "https://maytetoscano.github.io/Bioclima_OGC/def/policy/kmgbf-target-8"]}}, {"type": "Feature", "id": "zone-00644", "geometry": {"type": "Polygon", "coordinates": [[[21.53126053605683, 66.79904513088093], [21.59789815213772, 66.79904513088093], [21.59789815213772, 66.86580368258973], [21.53126053605683, 66.86580368258973], [21.53126053605683, 66.79904513088093]]]}, "properties": {"category": "https://maytetoscano.github.io/Bioclima_OGC/def/indicator/zone-mild-advance", "categoryKey": "mild_advance", "categoryLabel": {"en": "Mild phenological advance", "es": "Adelanto fenol\u00f3gico leve", "zh": "\u7269\u5019\u8f7b\u5fae\u63d0\u524d", "ro": "Avans fenologic u\u0219or"}, "pci_value": -0.41281935572624207, "policyRelevance": ["https://maytetoscano.github.io/Bioclima_OGC/def/policy/kmgbf-target-1", "https://maytetoscano.github.io/Bioclima_OGC/def/policy/kmgbf-target-8"]}}, {"type": "Feature", "id": "zone-00645", "geometry": {"type": "Polygon", "coordinates": [[[21.797811000380396, 66.79904513088093], [21.864448616461285, 66.79904513088093], [21.864448616461285, 66.86580368258973], [21.797811000380396, 66.86580368258973], [21.797811000380396, 66.79904513088093]]]}, "properties": {"category": "https://maytetoscano.github.io/Bioclima_OGC/def/indicator/zone-mild-advance", "categoryKey": "mild_advance", "categoryLabel": {"en": "Mild phenological advance", "es": "Adelanto fenol\u00f3gico leve", "zh": "\u7269\u5019\u8f7b\u5fae\u63d0\u524d", "ro": "Avans fenologic u\u0219or"}, "pci_value": -0.359899640083313, "policyRelevance": ["https://maytetoscano.github.io/Bioclima_OGC/def/policy/kmgbf-target-1", "https://maytetoscano.github.io/Bioclima_OGC/def/policy/kmgbf-target-8"]}}, {"type": "Feature", "id": "zone-00646", "geometry": {"type": "Polygon", "coordinates": [[[22.06436146470396, 66.79904513088093], [22.13099908078485, 66.79904513088093], [22.13099908078485, 66.86580368258973], [22.06436146470396, 66.86580368258973], [22.06436146470396, 66.79904513088093]]]}, "properties": {"category": "https://maytetoscano.github.io/Bioclima_OGC/def/indicator/zone-mild-advance", "categoryKey": "mild_advance", "categoryLabel": {"en": "Mild phenological advance", "es": "Adelanto fenol\u00f3gico leve", "zh": "\u7269\u5019\u8f7b\u5fae\u63d0\u524d", "ro": "Avans fenologic u\u0219or"}, "pci_value": -0.24338503181934357, "policyRelevance": ["https://maytetoscano.github.io/Bioclima_OGC/def/policy/kmgbf-target-1", "https://maytetoscano.github.io/Bioclima_OGC/def/policy/kmgbf-target-8"]}}, {"type": "Feature", "id": "zone-00647", "geometry": {"type": "Polygon", "coordinates": [[[22.330911929027522, 66.79904513088093], [22.39754954510841, 66.79904513088093], [22.39754954510841, 66.86580368258973], [22.330911929027522, 66.86580368258973], [22.330911929027522, 66.79904513088093]]]}, "properties": {"category": "https://maytetoscano.github.io/Bioclima_OGC/def/indicator/zone-mild-advance", "categoryKey": "mild_advance", "categoryLabel": {"en": "Mild phenological advance", "es": "Adelanto fenol\u00f3gico leve", "zh": "\u7269\u5019\u8f7b\u5fae\u63d0\u524d", "ro": "Avans fenologic u\u0219or"}, "pci_value": -0.4581204354763031, "policyRelevance": ["https://maytetoscano.github.io/Bioclima_OGC/def/policy/kmgbf-target-1", "https://maytetoscano.github.io/Bioclima_OGC/def/policy/kmgbf-target-8"]}}, {"type": "Feature", "id": "zone-00648", "geometry": {"type": "Polygon", "coordinates": [[[22.597462393351083, 66.79904513088093], [22.664100009431973, 66.79904513088093], [22.664100009431973, 66.86580368258973], [22.597462393351083, 66.86580368258973], [22.597462393351083, 66.79904513088093]]]}, "properties": {"category": "https://maytetoscano.github.io/Bioclima_OGC/def/indicator/zone-mild-advance", "categoryKey": "mild_advance", "categoryLabel": {"en": "Mild phenological advance", "es": "Adelanto fenol\u00f3gico leve", "zh": "\u7269\u5019\u8f7b\u5fae\u63d0\u524d", "ro": "Avans fenologic u\u0219or"}, "pci_value": -0.35301095247268677, "policyRelevance": ["https://maytetoscano.github.io/Bioclima_OGC/def/policy/kmgbf-target-1", "https://maytetoscano.github.io/Bioclima_OGC/def/policy/kmgbf-target-8"]}}, {"type": "Feature", "id": "zone-00649", "geometry": {"type": "Polygon", "coordinates": [[[22.86401285767465, 66.79904513088093], [22.930650473755538, 66.79904513088093], [22.930650473755538, 66.86580368258973], [22.86401285767465, 66.86580368258973], [22.86401285767465, 66.79904513088093]]]}, "properties": {"category": "https://maytetoscano.github.io/Bioclima_OGC/def/indicator/zone-mild-advance", "categoryKey": "mild_advance", "categoryLabel": {"en": "Mild phenological advance", "es": "Adelanto fenol\u00f3gico leve", "zh": "\u7269\u5019\u8f7b\u5fae\u63d0\u524d", "ro": "Avans fenologic u\u0219or"}, "pci_value": -0.21966241300106049, "policyRelevance": ["https://maytetoscano.github.io/Bioclima_OGC/def/policy/kmgbf-target-1", "https://maytetoscano.github.io/Bioclima_OGC/def/policy/kmgbf-target-8"]}}, {"type": "Feature", "id": "zone-00650", "geometry": {"type": "Polygon", "coordinates": [[[23.130563321998213, 66.79904513088093], [23.197200938079103, 66.79904513088093], [23.197200938079103, 66.86580368258973], [23.130563321998213, 66.86580368258973], [23.130563321998213, 66.79904513088093]]]}, "properties": {"category": "https://maytetoscano.github.io/Bioclima_OGC/def/indicator/zone-stable", "categoryKey": "stable", "categoryLabel": {"en": "Stable phenology zone", "es": "Zona de fenolog\u00eda estable", "zh": "\u7269\u5019\u7a33\u5b9a\u533a", "ro": "Zon\u0103 cu fenologie stabil\u0103"}, "pci_value": -0.13617700338363647, "policyRelevance": ["https://maytetoscano.github.io/Bioclima_OGC/def/policy/kmgbf-target-1", "https://maytetoscano.github.io/Bioclima_OGC/def/policy/kmgbf-target-8"]}}, {"type": "Feature", "id": "zone-00651", "geometry": {"type": "Polygon", "coordinates": [[[23.397113786321775, 66.79904513088093], [23.463751402402664, 66.79904513088093], [23.463751402402664, 66.86580368258973], [23.397113786321775, 66.86580368258973], [23.397113786321775, 66.79904513088093]]]}, "properties": {"category": "https://maytetoscano.github.io/Bioclima_OGC/def/indicator/zone-stable", "categoryKey": "stable", "categoryLabel": {"en": "Stable phenology zone", "es": "Zona de fenolog\u00eda estable", "zh": "\u7269\u5019\u7a33\u5b9a\u533a", "ro": "Zon\u0103 cu fenologie stabil\u0103"}, "pci_value": -0.11856751888990402, "policyRelevance": ["https://maytetoscano.github.io/Bioclima_OGC/def/policy/kmgbf-target-1", "https://maytetoscano.github.io/Bioclima_OGC/def/policy/kmgbf-target-8"]}}, {"type": "Feature", "id": "zone-00652", "geometry": {"type": "Polygon", "coordinates": [[[23.663664250645336, 66.79904513088093], [23.730301866726226, 66.79904513088093], [23.730301866726226, 66.86580368258973], [23.663664250645336, 66.86580368258973], [23.663664250645336, 66.79904513088093]]]}, "properties": {"category": "https://maytetoscano.github.io/Bioclima_OGC/def/indicator/zone-mild-advance", "categoryKey": "mild_advance", "categoryLabel": {"en": "Mild phenological advance", "es": "Adelanto fenol\u00f3gico leve", "zh": "\u7269\u5019\u8f7b\u5fae\u63d0\u524d", "ro": "Avans fenologic u\u0219or"}, "pci_value": -0.3864051103591919, "policyRelevance": ["https://maytetoscano.github.io/Bioclima_OGC/def/policy/kmgbf-target-1", "https://maytetoscano.github.io/Bioclima_OGC/def/policy/kmgbf-target-8"]}}, {"type": "Feature", "id": "zone-00653", "geometry": {"type": "Polygon", "coordinates": [[[23.9302147149689, 66.79904513088093], [23.99685233104979, 66.79904513088093], [23.99685233104979, 66.86580368258973], [23.9302147149689, 66.86580368258973], [23.9302147149689, 66.79904513088093]]]}, "properties": {"category": "https://maytetoscano.github.io/Bioclima_OGC/def/indicator/zone-mild-advance", "categoryKey": "mild_advance", "categoryLabel": {"en": "Mild phenological advance", "es": "Adelanto fenol\u00f3gico leve", "zh": "\u7269\u5019\u8f7b\u5fae\u63d0\u524d", "ro": "Avans fenologic u\u0219or"}, "pci_value": -0.23713503777980804, "policyRelevance": ["https://maytetoscano.github.io/Bioclima_OGC/def/policy/kmgbf-target-1", "https://maytetoscano.github.io/Bioclima_OGC/def/policy/kmgbf-target-8"]}}, {"type": "Feature", "id": "zone-00654", "geometry": {"type": "Polygon", "coordinates": [[[24.196765179292466, 66.79904513088093], [24.263402795373356, 66.79904513088093], [24.263402795373356, 66.86580368258973], [24.196765179292466, 66.86580368258973], [24.196765179292466, 66.79904513088093]]]}, "properties": {"category": "https://maytetoscano.github.io/Bioclima_OGC/def/indicator/zone-mild-advance", "categoryKey": "mild_advance", "categoryLabel": {"en": "Mild phenological advance", "es": "Adelanto fenol\u00f3gico leve", "zh": "\u7269\u5019\u8f7b\u5fae\u63d0\u524d", "ro": "Avans fenologic u\u0219or"}, "pci_value": -0.21218065917491913, "policyRelevance": ["https://maytetoscano.github.io/Bioclima_OGC/def/policy/kmgbf-target-1", "https://maytetoscano.github.io/Bioclima_OGC/def/policy/kmgbf-target-8"]}}, {"type": "Feature", "id": "zone-00655", "geometry": {"type": "Polygon", "coordinates": [[[24.46331564361603, 66.79904513088093], [24.52995325969692, 66.79904513088093], [24.52995325969692, 66.86580368258973], [24.46331564361603, 66.86580368258973], [24.46331564361603, 66.79904513088093]]]}, "properties": {"category": "https://maytetoscano.github.io/Bioclima_OGC/def/indicator/zone-stable", "categoryKey": "stable", "categoryLabel": {"en": "Stable phenology zone", "es": "Zona de fenolog\u00eda estable", "zh": "\u7269\u5019\u7a33\u5b9a\u533a", "ro": "Zon\u0103 cu fenologie stabil\u0103"}, "pci_value": -0.1573905050754547, "policyRelevance": ["https://maytetoscano.github.io/Bioclima_OGC/def/policy/kmgbf-target-1", "https://maytetoscano.github.io/Bioclima_OGC/def/policy/kmgbf-target-8"]}}, {"type": "Feature", "id": "zone-00656", "geometry": {"type": "Polygon", "coordinates": [[[24.729866107939593, 66.79904513088093], [24.796503724020482, 66.79904513088093], [24.796503724020482, 66.86580368258973], [24.729866107939593, 66.86580368258973], [24.729866107939593, 66.79904513088093]]]}, "properties": {"category": "https://maytetoscano.github.io/Bioclima_OGC/def/indicator/zone-mild-advance", "categoryKey": "mild_advance", "categoryLabel": {"en": "Mild phenological advance", "es": "Adelanto fenol\u00f3gico leve", "zh": "\u7269\u5019\u8f7b\u5fae\u63d0\u524d", "ro": "Avans fenologic u\u0219or"}, "pci_value": -0.20433394610881805, "policyRelevance": ["https://maytetoscano.github.io/Bioclima_OGC/def/policy/kmgbf-target-1", "https://maytetoscano.github.io/Bioclima_OGC/def/policy/kmgbf-target-8"]}}, {"type": "Feature", "id": "zone-00657", "geometry": {"type": "Polygon", "coordinates": [[[24.996416572263154, 66.79904513088093], [25.063054188344044, 66.79904513088093], [25.063054188344044, 66.86580368258973], [24.996416572263154, 66.86580368258973], [24.996416572263154, 66.79904513088093]]]}, "properties": {"category": "https://maytetoscano.github.io/Bioclima_OGC/def/indicator/zone-stable", "categoryKey": "stable", "categoryLabel": {"en": "Stable phenology zone", "es": "Zona de fenolog\u00eda estable", "zh": "\u7269\u5019\u7a33\u5b9a\u533a", "ro": "Zon\u0103 cu fenologie stabil\u0103"}, "pci_value": -0.1604927033185959, "policyRelevance": ["https://maytetoscano.github.io/Bioclima_OGC/def/policy/kmgbf-target-1", "https://maytetoscano.github.io/Bioclima_OGC/def/policy/kmgbf-target-8"]}}, {"type": "Feature", "id": "zone-00658", "geometry": {"type": "Polygon", "coordinates": [[[25.26296703658672, 66.79904513088093], [25.32960465266761, 66.79904513088093], [25.32960465266761, 66.86580368258973], [25.26296703658672, 66.86580368258973], [25.26296703658672, 66.79904513088093]]]}, "properties": {"category": "https://maytetoscano.github.io/Bioclima_OGC/def/indicator/zone-stable", "categoryKey": "stable", "categoryLabel": {"en": "Stable phenology zone", "es": "Zona de fenolog\u00eda estable", "zh": "\u7269\u5019\u7a33\u5b9a\u533a", "ro": "Zon\u0103 cu fenologie stabil\u0103"}, "pci_value": -0.08270985633134842, "policyRelevance": ["https://maytetoscano.github.io/Bioclima_OGC/def/policy/kmgbf-target-1", "https://maytetoscano.github.io/Bioclima_OGC/def/policy/kmgbf-target-8"]}}, {"type": "Feature", "id": "zone-00659", "geometry": {"type": "Polygon", "coordinates": [[[25.79606796523385, 66.79904513088093], [25.86270558131474, 66.79904513088093], [25.86270558131474, 66.86580368258973], [25.79606796523385, 66.86580368258973], [25.79606796523385, 66.79904513088093]]]}, "properties": {"category": "https://maytetoscano.github.io/Bioclima_OGC/def/indicator/zone-mild-advance", "categoryKey": "mild_advance", "categoryLabel": {"en": "Mild phenological advance", "es": "Adelanto fenol\u00f3gico leve", "zh": "\u7269\u5019\u8f7b\u5fae\u63d0\u524d", "ro": "Avans fenologic u\u0219or"}, "pci_value": -0.3554288446903229, "policyRelevance": ["https://maytetoscano.github.io/Bioclima_OGC/def/policy/kmgbf-target-1", "https://maytetoscano.github.io/Bioclima_OGC/def/policy/kmgbf-target-8"]}}, {"type": "Feature", "id": "zone-00660", "geometry": {"type": "Polygon", "coordinates": [[[26.06261842955741, 66.79904513088093], [26.1292560456383, 66.79904513088093], [26.1292560456383, 66.86580368258973], [26.06261842955741, 66.86580368258973], [26.06261842955741, 66.79904513088093]]]}, "properties": {"category": "https://maytetoscano.github.io/Bioclima_OGC/def/indicator/zone-mild-advance", "categoryKey": "mild_advance", "categoryLabel": {"en": "Mild phenological advance", "es": "Adelanto fenol\u00f3gico leve", "zh": "\u7269\u5019\u8f7b\u5fae\u63d0\u524d", "ro": "Avans fenologic u\u0219or"}, "pci_value": -0.3428376019001007, "policyRelevance": ["https://maytetoscano.github.io/Bioclima_OGC/def/policy/kmgbf-target-1", "https://maytetoscano.github.io/Bioclima_OGC/def/policy/kmgbf-target-8"]}}, {"type": "Feature", "id": "zone-00661", "geometry": {"type": "Polygon", "coordinates": [[[26.329168893880972, 66.79904513088093], [26.39580650996186, 66.79904513088093], [26.39580650996186, 66.86580368258973], [26.329168893880972, 66.86580368258973], [26.329168893880972, 66.79904513088093]]]}, "properties": {"category": "https://maytetoscano.github.io/Bioclima_OGC/def/indicator/zone-mild-advance", "categoryKey": "mild_advance", "categoryLabel": {"en": "Mild phenological advance", "es": "Adelanto fenol\u00f3gico leve", "zh": "\u7269\u5019\u8f7b\u5fae\u63d0\u524d", "ro": "Avans fenologic u\u0219or"}, "pci_value": -0.2017335742712021, "policyRelevance": ["https://maytetoscano.github.io/Bioclima_OGC/def/policy/kmgbf-target-1", "https://maytetoscano.github.io/Bioclima_OGC/def/policy/kmgbf-target-8"]}}, {"type": "Feature", "id": "zone-00662", "geometry": {"type": "Polygon", "coordinates": [[[26.595719358204537, 66.79904513088093], [26.662356974285427, 66.79904513088093], [26.662356974285427, 66.86580368258973], [26.595719358204537, 66.86580368258973], [26.595719358204537, 66.79904513088093]]]}, "properties": {"category": "https://maytetoscano.github.io/Bioclima_OGC/def/indicator/zone-mild-advance", "categoryKey": "mild_advance", "categoryLabel": {"en": "Mild phenological advance", "es": "Adelanto fenol\u00f3gico leve", "zh": "\u7269\u5019\u8f7b\u5fae\u63d0\u524d", "ro": "Avans fenologic u\u0219or"}, "pci_value": -0.24726277589797974, "policyRelevance": ["https://maytetoscano.github.io/Bioclima_OGC/def/policy/kmgbf-target-1", "https://maytetoscano.github.io/Bioclima_OGC/def/policy/kmgbf-target-8"]}}, {"type": "Feature", "id": "zone-00663", "geometry": {"type": "Polygon", "coordinates": [[[26.862269822528102, 66.79904513088093], [26.92890743860899, 66.79904513088093], [26.92890743860899, 66.86580368258973], [26.862269822528102, 66.86580368258973], [26.862269822528102, 66.79904513088093]]]}, "properties": {"category": "https://maytetoscano.github.io/Bioclima_OGC/def/indicator/zone-mild-advance", "categoryKey": "mild_advance", "categoryLabel": {"en": "Mild phenological advance", "es": "Adelanto fenol\u00f3gico leve", "zh": "\u7269\u5019\u8f7b\u5fae\u63d0\u524d", "ro": "Avans fenologic u\u0219or"}, "pci_value": -0.2473083883523941, "policyRelevance": ["https://maytetoscano.github.io/Bioclima_OGC/def/policy/kmgbf-target-1", "https://maytetoscano.github.io/Bioclima_OGC/def/policy/kmgbf-target-8"]}}, {"type": "Feature", "id": "zone-00664", "geometry": {"type": "Polygon", "coordinates": [[[27.128820286851663, 66.79904513088093], [27.195457902932553, 66.79904513088093], [27.195457902932553, 66.86580368258973], [27.128820286851663, 66.86580368258973], [27.128820286851663, 66.79904513088093]]]}, "properties": {"category": "https://maytetoscano.github.io/Bioclima_OGC/def/indicator/zone-mild-advance", "categoryKey": "mild_advance", "categoryLabel": {"en": "Mild phenological advance", "es": "Adelanto fenol\u00f3gico leve", "zh": "\u7269\u5019\u8f7b\u5fae\u63d0\u524d", "ro": "Avans fenologic u\u0219or"}, "pci_value": -0.23033758997917175, "policyRelevance": ["https://maytetoscano.github.io/Bioclima_OGC/def/policy/kmgbf-target-1", "https://maytetoscano.github.io/Bioclima_OGC/def/policy/kmgbf-target-8"]}}, {"type": "Feature", "id": "zone-00665", "geometry": {"type": "Polygon", "coordinates": [[[27.395370751175225, 66.79904513088093], [27.462008367256114, 66.79904513088093], [27.462008367256114, 66.86580368258973], [27.395370751175225, 66.86580368258973], [27.395370751175225, 66.79904513088093]]]}, "properties": {"category": "https://maytetoscano.github.io/Bioclima_OGC/def/indicator/zone-stable", "categoryKey": "stable", "categoryLabel": {"en": "Stable phenology zone", "es": "Zona de fenolog\u00eda estable", "zh": "\u7269\u5019\u7a33\u5b9a\u533a", "ro": "Zon\u0103 cu fenologie stabil\u0103"}, "pci_value": -0.10885036736726761, "policyRelevance": ["https://maytetoscano.github.io/Bioclima_OGC/def/policy/kmgbf-target-1", "https://maytetoscano.github.io/Bioclima_OGC/def/policy/kmgbf-target-8"]}}, {"type": "Feature", "id": "zone-00666", "geometry": {"type": "Polygon", "coordinates": [[[27.66192121549879, 66.79904513088093], [27.72855883157968, 66.79904513088093], [27.72855883157968, 66.86580368258973], [27.66192121549879, 66.86580368258973], [27.66192121549879, 66.79904513088093]]]}, "properties": {"category": "https://maytetoscano.github.io/Bioclima_OGC/def/indicator/zone-stable", "categoryKey": "stable", "categoryLabel": {"en": "Stable phenology zone", "es": "Zona de fenolog\u00eda estable", "zh": "\u7269\u5019\u7a33\u5b9a\u533a", "ro": "Zon\u0103 cu fenologie stabil\u0103"}, "pci_value": -0.10921532660722733, "policyRelevance": ["https://maytetoscano.github.io/Bioclima_OGC/def/policy/kmgbf-target-1", "https://maytetoscano.github.io/Bioclima_OGC/def/policy/kmgbf-target-8"]}}, {"type": "Feature", "id": "zone-00667", "geometry": {"type": "Polygon", "coordinates": [[[27.928471679822355, 66.79904513088093], [27.995109295903244, 66.79904513088093], [27.995109295903244, 66.86580368258973], [27.928471679822355, 66.86580368258973], [27.928471679822355, 66.79904513088093]]]}, "properties": {"category": "https://maytetoscano.github.io/Bioclima_OGC/def/indicator/zone-mild-advance", "categoryKey": "mild_advance", "categoryLabel": {"en": "Mild phenological advance", "es": "Adelanto fenol\u00f3gico leve", "zh": "\u7269\u5019\u8f7b\u5fae\u63d0\u524d", "ro": "Avans fenologic u\u0219or"}, "pci_value": -0.21829380095005035, "policyRelevance": ["https://maytetoscano.github.io/Bioclima_OGC/def/policy/kmgbf-target-1", "https://maytetoscano.github.io/Bioclima_OGC/def/policy/kmgbf-target-8"]}}, {"type": "Feature", "id": "zone-00668", "geometry": {"type": "Polygon", "coordinates": [[[28.19502214414592, 66.79904513088093], [28.26165976022681, 66.79904513088093], [28.26165976022681, 66.86580368258973], [28.19502214414592, 66.86580368258973], [28.19502214414592, 66.79904513088093]]]}, "properties": {"category": "https://maytetoscano.github.io/Bioclima_OGC/def/indicator/zone-mild-advance", "categoryKey": "mild_advance", "categoryLabel": {"en": "Mild phenological advance", "es": "Adelanto fenol\u00f3gico leve", "zh": "\u7269\u5019\u8f7b\u5fae\u63d0\u524d", "ro": "Avans fenologic u\u0219or"}, "pci_value": -0.3375000059604645, "policyRelevance": ["https://maytetoscano.github.io/Bioclima_OGC/def/policy/kmgbf-target-1", "https://maytetoscano.github.io/Bioclima_OGC/def/policy/kmgbf-target-8"]}}, {"type": "Feature", "id": "zone-00669", "geometry": {"type": "Polygon", "coordinates": [[[28.728123072793043, 66.79904513088093], [28.794760688873932, 66.79904513088093], [28.794760688873932, 66.86580368258973], [28.728123072793043, 66.86580368258973], [28.728123072793043, 66.79904513088093]]]}, "properties": {"category": "https://maytetoscano.github.io/Bioclima_OGC/def/indicator/zone-mild-advance", "categoryKey": "mild_advance", "categoryLabel": {"en": "Mild phenological advance", "es": "Adelanto fenol\u00f3gico leve", "zh": "\u7269\u5019\u8f7b\u5fae\u63d0\u524d", "ro": "Avans fenologic u\u0219or"}, "pci_value": -0.22614051401615143, "policyRelevance": ["https://maytetoscano.github.io/Bioclima_OGC/def/policy/kmgbf-target-1", "https://maytetoscano.github.io/Bioclima_OGC/def/policy/kmgbf-target-8"]}}, {"type": "Feature", "id": "zone-00670", "geometry": {"type": "Polygon", "coordinates": [[[28.994673537116608, 66.79904513088093], [29.061311153197497, 66.79904513088093], [29.061311153197497, 66.86580368258973], [28.994673537116608, 66.86580368258973], [28.994673537116608, 66.79904513088093]]]}, "properties": {"category": "https://maytetoscano.github.io/Bioclima_OGC/def/indicator/zone-stable", "categoryKey": "stable", "categoryLabel": {"en": "Stable phenology zone", "es": "Zona de fenolog\u00eda estable", "zh": "\u7269\u5019\u7a33\u5b9a\u533a", "ro": "Zon\u0103 cu fenologie stabil\u0103"}, "pci_value": -0.08535584062337875, "policyRelevance": ["https://maytetoscano.github.io/Bioclima_OGC/def/policy/kmgbf-target-1", "https://maytetoscano.github.io/Bioclima_OGC/def/policy/kmgbf-target-8"]}}, {"type": "Feature", "id": "zone-00671", "geometry": {"type": "Polygon", "coordinates": [[[29.261224001440173, 66.79904513088093], [29.327861617521062, 66.79904513088093], [29.327861617521062, 66.86580368258973], [29.261224001440173, 66.86580368258973], [29.261224001440173, 66.79904513088093]]]}, "properties": {"category": "https://maytetoscano.github.io/Bioclima_OGC/def/indicator/zone-stable", "categoryKey": "stable", "categoryLabel": {"en": "Stable phenology zone", "es": "Zona de fenolog\u00eda estable", "zh": "\u7269\u5019\u7a33\u5b9a\u533a", "ro": "Zon\u0103 cu fenologie stabil\u0103"}, "pci_value": -0.16441605985164642, "policyRelevance": ["https://maytetoscano.github.io/Bioclima_OGC/def/policy/kmgbf-target-1", "https://maytetoscano.github.io/Bioclima_OGC/def/policy/kmgbf-target-8"]}}, {"type": "Feature", "id": "zone-00672", "geometry": {"type": "Polygon", "coordinates": [[[29.527774465763734, 66.79904513088093], [29.594412081844624, 66.79904513088093], [29.594412081844624, 66.86580368258973], [29.527774465763734, 66.86580368258973], [29.527774465763734, 66.79904513088093]]]}, "properties": {"category": "https://maytetoscano.github.io/Bioclima_OGC/def/indicator/zone-stable", "categoryKey": "stable", "categoryLabel": {"en": "Stable phenology zone", "es": "Zona de fenolog\u00eda estable", "zh": "\u7269\u5019\u7a33\u5b9a\u533a", "ro": "Zon\u0103 cu fenologie stabil\u0103"}, "pci_value": -0.04771897941827774, "policyRelevance": ["https://maytetoscano.github.io/Bioclima_OGC/def/policy/kmgbf-target-1", "https://maytetoscano.github.io/Bioclima_OGC/def/policy/kmgbf-target-8"]}}, {"type": "Feature", "id": "zone-00673", "geometry": {"type": "Polygon", "coordinates": [[[29.794324930087296, 66.79904513088093], [29.860962546168185, 66.79904513088093], [29.860962546168185, 66.86580368258973], [29.794324930087296, 66.86580368258973], [29.794324930087296, 66.79904513088093]]]}, "properties": {"category": "https://maytetoscano.github.io/Bioclima_OGC/def/indicator/zone-stable", "categoryKey": "stable", "categoryLabel": {"en": "Stable phenology zone", "es": "Zona de fenolog\u00eda estable", "zh": "\u7269\u5019\u7a33\u5b9a\u533a", "ro": "Zon\u0103 cu fenologie stabil\u0103"}, "pci_value": 0.10606751590967178, "policyRelevance": ["https://maytetoscano.github.io/Bioclima_OGC/def/policy/kmgbf-target-1", "https://maytetoscano.github.io/Bioclima_OGC/def/policy/kmgbf-target-8"]}}, {"type": "Feature", "id": "zone-00674", "geometry": {"type": "Polygon", "coordinates": [[[30.06087539441086, 66.79904513088093], [30.12751301049175, 66.79904513088093], [30.12751301049175, 66.86580368258973], [30.06087539441086, 66.86580368258973], [30.06087539441086, 66.79904513088093]]]}, "properties": {"category": "https://maytetoscano.github.io/Bioclima_OGC/def/indicator/zone-stable", "categoryKey": "stable", "categoryLabel": {"en": "Stable phenology zone", "es": "Zona de fenolog\u00eda estable", "zh": "\u7269\u5019\u7a33\u5b9a\u533a", "ro": "Zon\u0103 cu fenologie stabil\u0103"}, "pci_value": -0.13968978822231293, "policyRelevance": ["https://maytetoscano.github.io/Bioclima_OGC/def/policy/kmgbf-target-1", "https://maytetoscano.github.io/Bioclima_OGC/def/policy/kmgbf-target-8"]}}, {"type": "Feature", "id": "zone-00675", "geometry": {"type": "Polygon", "coordinates": [[[30.327425858734426, 66.79904513088093], [30.394063474815315, 66.79904513088093], [30.394063474815315, 66.86580368258973], [30.327425858734426, 66.86580368258973], [30.327425858734426, 66.79904513088093]]]}, "properties": {"category": "https://maytetoscano.github.io/Bioclima_OGC/def/indicator/zone-stable", "categoryKey": "stable", "categoryLabel": {"en": "Stable phenology zone", "es": "Zona de fenolog\u00eda estable", "zh": "\u7269\u5019\u7a33\u5b9a\u533a", "ro": "Zon\u0103 cu fenologie stabil\u0103"}, "pci_value": -0.048905108124017715, "policyRelevance": ["https://maytetoscano.github.io/Bioclima_OGC/def/policy/kmgbf-target-1", "https://maytetoscano.github.io/Bioclima_OGC/def/policy/kmgbf-target-8"]}}, {"type": "Feature", "id": "zone-00676", "geometry": {"type": "Polygon", "coordinates": [[[21.53126053605683, 67.06607933771616], [21.59789815213772, 67.06607933771616], [21.59789815213772, 67.13283788942496], [21.53126053605683, 67.13283788942496], [21.53126053605683, 67.06607933771616]]]}, "properties": {"category": "https://maytetoscano.github.io/Bioclima_OGC/def/indicator/zone-mild-advance", "categoryKey": "mild_advance", "categoryLabel": {"en": "Mild phenological advance", "es": "Adelanto fenol\u00f3gico leve", "zh": "\u7269\u5019\u8f7b\u5fae\u63d0\u524d", "ro": "Avans fenologic u\u0219or"}, "pci_value": -0.2424270063638687, "policyRelevance": ["https://maytetoscano.github.io/Bioclima_OGC/def/policy/kmgbf-target-1", "https://maytetoscano.github.io/Bioclima_OGC/def/policy/kmgbf-target-8"]}}, {"type": "Feature", "id": "zone-00677", "geometry": {"type": "Polygon", "coordinates": [[[21.797811000380396, 67.06607933771616], [21.864448616461285, 67.06607933771616], [21.864448616461285, 67.13283788942496], [21.797811000380396, 67.13283788942496], [21.797811000380396, 67.06607933771616]]]}, "properties": {"category": "https://maytetoscano.github.io/Bioclima_OGC/def/indicator/zone-mild-advance", "categoryKey": "mild_advance", "categoryLabel": {"en": "Mild phenological advance", "es": "Adelanto fenol\u00f3gico leve", "zh": "\u7269\u5019\u8f7b\u5fae\u63d0\u524d", "ro": "Avans fenologic u\u0219or"}, "pci_value": -0.32842153310775757, "policyRelevance": ["https://maytetoscano.github.io/Bioclima_OGC/def/policy/kmgbf-target-1", "https://maytetoscano.github.io/Bioclima_OGC/def/policy/kmgbf-target-8"]}}, {"type": "Feature", "id": "zone-00678", "geometry": {"type": "Polygon", "coordinates": [[[22.06436146470396, 67.06607933771616], [22.13099908078485, 67.06607933771616], [22.13099908078485, 67.13283788942496], [22.06436146470396, 67.13283788942496], [22.06436146470396, 67.06607933771616]]]}, "properties": {"category": "https://maytetoscano.github.io/Bioclima_OGC/def/indicator/zone-mild-advance", "categoryKey": "mild_advance", "categoryLabel": {"en": "Mild phenological advance", "es": "Adelanto fenol\u00f3gico leve", "zh": "\u7269\u5019\u8f7b\u5fae\u63d0\u524d", "ro": "Avans fenologic u\u0219or"}, "pci_value": -0.28298357129096985, "policyRelevance": ["https://maytetoscano.github.io/Bioclima_OGC/def/policy/kmgbf-target-1", "https://maytetoscano.github.io/Bioclima_OGC/def/policy/kmgbf-target-8"]}}, {"type": "Feature", "id": "zone-00679", "geometry": {"type": "Polygon", "coordinates": [[[22.330911929027522, 67.06607933771616], [22.39754954510841, 67.06607933771616], [22.39754954510841, 67.13283788942496], [22.330911929027522, 67.13283788942496], [22.330911929027522, 67.06607933771616]]]}, "properties": {"category": "https://maytetoscano.github.io/Bioclima_OGC/def/indicator/zone-mild-advance", "categoryKey": "mild_advance", "categoryLabel": {"en": "Mild phenological advance", "es": "Adelanto fenol\u00f3gico leve", "zh": "\u7269\u5019\u8f7b\u5fae\u63d0\u524d", "ro": "Avans fenologic u\u0219or"}, "pci_value": -0.3063412308692932, "policyRelevance": ["https://maytetoscano.github.io/Bioclima_OGC/def/policy/kmgbf-target-1", "https://maytetoscano.github.io/Bioclima_OGC/def/policy/kmgbf-target-8"]}}, {"type": "Feature", "id": "zone-00680", "geometry": {"type": "Polygon", "coordinates": [[[22.597462393351083, 67.06607933771616], [22.664100009431973, 67.06607933771616], [22.664100009431973, 67.13283788942496], [22.597462393351083, 67.13283788942496], [22.597462393351083, 67.06607933771616]]]}, "properties": {"category": "https://maytetoscano.github.io/Bioclima_OGC/def/indicator/zone-mild-advance", "categoryKey": "mild_advance", "categoryLabel": {"en": "Mild phenological advance", "es": "Adelanto fenol\u00f3gico leve", "zh": "\u7269\u5019\u8f7b\u5fae\u63d0\u524d", "ro": "Avans fenologic u\u0219or"}, "pci_value": -0.3282390534877777, "policyRelevance": ["https://maytetoscano.github.io/Bioclima_OGC/def/policy/kmgbf-target-1", "https://maytetoscano.github.io/Bioclima_OGC/def/policy/kmgbf-target-8"]}}, {"type": "Feature", "id": "zone-00681", "geometry": {"type": "Polygon", "coordinates": [[[22.86401285767465, 67.06607933771616], [22.930650473755538, 67.06607933771616], [22.930650473755538, 67.13283788942496], [22.86401285767465, 67.13283788942496], [22.86401285767465, 67.06607933771616]]]}, "properties": {"category": "https://maytetoscano.github.io/Bioclima_OGC/def/indicator/zone-mild-advance", "categoryKey": "mild_advance", "categoryLabel": {"en": "Mild phenological advance", "es": "Adelanto fenol\u00f3gico leve", "zh": "\u7269\u5019\u8f7b\u5fae\u63d0\u524d", "ro": "Avans fenologic u\u0219or"}, "pci_value": -0.3292427062988281, "policyRelevance": ["https://maytetoscano.github.io/Bioclima_OGC/def/policy/kmgbf-target-1", "https://maytetoscano.github.io/Bioclima_OGC/def/policy/kmgbf-target-8"]}}, {"type": "Feature", "id": "zone-00682", "geometry": {"type": "Polygon", "coordinates": [[[23.130563321998213, 67.06607933771616], [23.197200938079103, 67.06607933771616], [23.197200938079103, 67.13283788942496], [23.130563321998213, 67.13283788942496], [23.130563321998213, 67.06607933771616]]]}, "properties": {"category": "https://maytetoscano.github.io/Bioclima_OGC/def/indicator/zone-mild-advance", "categoryKey": "mild_advance", "categoryLabel": {"en": "Mild phenological advance", "es": "Adelanto fenol\u00f3gico leve", "zh": "\u7269\u5019\u8f7b\u5fae\u63d0\u524d", "ro": "Avans fenologic u\u0219or"}, "pci_value": -0.27837592363357544, "policyRelevance": ["https://maytetoscano.github.io/Bioclima_OGC/def/policy/kmgbf-target-1", "https://maytetoscano.github.io/Bioclima_OGC/def/policy/kmgbf-target-8"]}}, {"type": "Feature", "id": "zone-00683", "geometry": {"type": "Polygon", "coordinates": [[[23.397113786321775, 67.06607933771616], [23.463751402402664, 67.06607933771616], [23.463751402402664, 67.13283788942496], [23.397113786321775, 67.13283788942496], [23.397113786321775, 67.06607933771616]]]}, "properties": {"category": "https://maytetoscano.github.io/Bioclima_OGC/def/indicator/zone-mild-advance", "categoryKey": "mild_advance", "categoryLabel": {"en": "Mild phenological advance", "es": "Adelanto fenol\u00f3gico leve", "zh": "\u7269\u5019\u8f7b\u5fae\u63d0\u524d", "ro": "Avans fenologic u\u0219or"}, "pci_value": -0.41628649830818176, "policyRelevance": ["https://maytetoscano.github.io/Bioclima_OGC/def/policy/kmgbf-target-1", "https://maytetoscano.github.io/Bioclima_OGC/def/policy/kmgbf-target-8"]}}, {"type": "Feature", "id": "zone-00684", "geometry": {"type": "Polygon", "coordinates": [[[23.663664250645336, 67.06607933771616], [23.730301866726226, 67.06607933771616], [23.730301866726226, 67.13283788942496], [23.663664250645336, 67.13283788942496], [23.663664250645336, 67.06607933771616]]]}, "properties": {"category": "https://maytetoscano.github.io/Bioclima_OGC/def/indicator/zone-mild-advance", "categoryKey": "mild_advance", "categoryLabel": {"en": "Mild phenological advance", "es": "Adelanto fenol\u00f3gico leve", "zh": "\u7269\u5019\u8f7b\u5fae\u63d0\u524d", "ro": "Avans fenologic u\u0219or"}, "pci_value": -0.23558394610881805, "policyRelevance": ["https://maytetoscano.github.io/Bioclima_OGC/def/policy/kmgbf-target-1", "https://maytetoscano.github.io/Bioclima_OGC/def/policy/kmgbf-target-8"]}}, {"type": "Feature", "id": "zone-00685", "geometry": {"type": "Polygon", "coordinates": [[[23.9302147149689, 67.06607933771616], [23.99685233104979, 67.06607933771616], [23.99685233104979, 67.13283788942496], [23.9302147149689, 67.13283788942496], [23.9302147149689, 67.06607933771616]]]}, "properties": {"category": "https://maytetoscano.github.io/Bioclima_OGC/def/indicator/zone-mild-advance", "categoryKey": "mild_advance", "categoryLabel": {"en": "Mild phenological advance", "es": "Adelanto fenol\u00f3gico leve", "zh": "\u7269\u5019\u8f7b\u5fae\u63d0\u524d", "ro": "Avans fenologic u\u0219or"}, "pci_value": -0.2702554762363434, "policyRelevance": ["https://maytetoscano.github.io/Bioclima_OGC/def/policy/kmgbf-target-1", "https://maytetoscano.github.io/Bioclima_OGC/def/policy/kmgbf-target-8"]}}, {"type": "Feature", "id": "zone-00686", "geometry": {"type": "Polygon", "coordinates": [[[24.196765179292466, 67.06607933771616], [24.263402795373356, 67.06607933771616], [24.263402795373356, 67.13283788942496], [24.196765179292466, 67.13283788942496], [24.196765179292466, 67.06607933771616]]]}, "properties": {"category": "https://maytetoscano.github.io/Bioclima_OGC/def/indicator/zone-mild-advance", "categoryKey": "mild_advance", "categoryLabel": {"en": "Mild phenological advance", "es": "Adelanto fenol\u00f3gico leve", "zh": "\u7269\u5019\u8f7b\u5fae\u63d0\u524d", "ro": "Avans fenologic u\u0219or"}, "pci_value": -0.3455291986465454, "policyRelevance": ["https://maytetoscano.github.io/Bioclima_OGC/def/policy/kmgbf-target-1", "https://maytetoscano.github.io/Bioclima_OGC/def/policy/kmgbf-target-8"]}}, {"type": "Feature", "id": "zone-00687", "geometry": {"type": "Polygon", "coordinates": [[[24.46331564361603, 67.06607933771616], [24.52995325969692, 67.06607933771616], [24.52995325969692, 67.13283788942496], [24.46331564361603, 67.13283788942496], [24.46331564361603, 67.06607933771616]]]}, "properties": {"category": "https://maytetoscano.github.io/Bioclima_OGC/def/indicator/zone-mild-advance", "categoryKey": "mild_advance", "categoryLabel": {"en": "Mild phenological advance", "es": "Adelanto fenol\u00f3gico leve", "zh": "\u7269\u5019\u8f7b\u5fae\u63d0\u524d", "ro": "Avans fenologic u\u0219or"}, "pci_value": -0.37828466296195984, "policyRelevance": ["https://maytetoscano.github.io/Bioclima_OGC/def/policy/kmgbf-target-1", "https://maytetoscano.github.io/Bioclima_OGC/def/policy/kmgbf-target-8"]}}, {"type": "Feature", "id": "zone-00688", "geometry": {"type": "Polygon", "coordinates": [[[24.729866107939593, 67.06607933771616], [24.796503724020482, 67.06607933771616], [24.796503724020482, 67.13283788942496], [24.729866107939593, 67.13283788942496], [24.729866107939593, 67.06607933771616]]]}, "properties": {"category": "https://maytetoscano.github.io/Bioclima_OGC/def/indicator/zone-mild-advance", "categoryKey": "mild_advance", "categoryLabel": {"en": "Mild phenological advance", "es": "Adelanto fenol\u00f3gico leve", "zh": "\u7269\u5019\u8f7b\u5fae\u63d0\u524d", "ro": "Avans fenologic u\u0219or"}, "pci_value": -0.20830291509628296, "policyRelevance": ["https://maytetoscano.github.io/Bioclima_OGC/def/policy/kmgbf-target-1", "https://maytetoscano.github.io/Bioclima_OGC/def/policy/kmgbf-target-8"]}}, {"type": "Feature", "id": "zone-00689", "geometry": {"type": "Polygon", "coordinates": [[[24.996416572263154, 67.06607933771616], [25.063054188344044, 67.06607933771616], [25.063054188344044, 67.13283788942496], [24.996416572263154, 67.13283788942496], [24.996416572263154, 67.06607933771616]]]}, "properties": {"category": "https://maytetoscano.github.io/Bioclima_OGC/def/indicator/zone-mild-advance", "categoryKey": "mild_advance", "categoryLabel": {"en": "Mild phenological advance", "es": "Adelanto fenol\u00f3gico leve", "zh": "\u7269\u5019\u8f7b\u5fae\u63d0\u524d", "ro": "Avans fenologic u\u0219or"}, "pci_value": -0.35588502883911133, "policyRelevance": ["https://maytetoscano.github.io/Bioclima_OGC/def/policy/kmgbf-target-1", "https://maytetoscano.github.io/Bioclima_OGC/def/policy/kmgbf-target-8"]}}, {"type": "Feature", "id": "zone-00690", "geometry": {"type": "Polygon", "coordinates": [[[25.26296703658672, 67.06607933771616], [25.32960465266761, 67.06607933771616], [25.32960465266761, 67.13283788942496], [25.26296703658672, 67.13283788942496], [25.26296703658672, 67.06607933771616]]]}, "properties": {"category": "https://maytetoscano.github.io/Bioclima_OGC/def/indicator/zone-mild-advance", "categoryKey": "mild_advance", "categoryLabel": {"en": "Mild phenological advance", "es": "Adelanto fenol\u00f3gico leve", "zh": "\u7269\u5019\u8f7b\u5fae\u63d0\u524d", "ro": "Avans fenologic u\u0219or"}, "pci_value": -0.3433850407600403, "policyRelevance": ["https://maytetoscano.github.io/Bioclima_OGC/def/policy/kmgbf-target-1", "https://maytetoscano.github.io/Bioclima_OGC/def/policy/kmgbf-target-8"]}}, {"type": "Feature", "id": "zone-00691", "geometry": {"type": "Polygon", "coordinates": [[[25.79606796523385, 67.06607933771616], [25.86270558131474, 67.06607933771616], [25.86270558131474, 67.13283788942496], [25.79606796523385, 67.13283788942496], [25.79606796523385, 67.06607933771616]]]}, "properties": {"category": "https://maytetoscano.github.io/Bioclima_OGC/def/indicator/zone-mild-advance", "categoryKey": "mild_advance", "categoryLabel": {"en": "Mild phenological advance", "es": "Adelanto fenol\u00f3gico leve", "zh": "\u7269\u5019\u8f7b\u5fae\u63d0\u524d", "ro": "Avans fenologic u\u0219or"}, "pci_value": -0.27157846093177795, "policyRelevance": ["https://maytetoscano.github.io/Bioclima_OGC/def/policy/kmgbf-target-1", "https://maytetoscano.github.io/Bioclima_OGC/def/policy/kmgbf-target-8"]}}, {"type": "Feature", "id": "zone-00692", "geometry": {"type": "Polygon", "coordinates": [[[26.06261842955741, 67.06607933771616], [26.1292560456383, 67.06607933771616], [26.1292560456383, 67.13283788942496], [26.06261842955741, 67.13283788942496], [26.06261842955741, 67.06607933771616]]]}, "properties": {"category": "https://maytetoscano.github.io/Bioclima_OGC/def/indicator/zone-mild-advance", "categoryKey": "mild_advance", "categoryLabel": {"en": "Mild phenological advance", "es": "Adelanto fenol\u00f3gico leve", "zh": "\u7269\u5019\u8f7b\u5fae\u63d0\u524d", "ro": "Avans fenologic u\u0219or"}, "pci_value": -0.3960310220718384, "policyRelevance": ["https://maytetoscano.github.io/Bioclima_OGC/def/policy/kmgbf-target-1", "https://maytetoscano.github.io/Bioclima_OGC/def/policy/kmgbf-target-8"]}}, {"type": "Feature", "id": "zone-00693", "geometry": {"type": "Polygon", "coordinates": [[[26.329168893880972, 67.06607933771616], [26.39580650996186, 67.06607933771616], [26.39580650996186, 67.13283788942496], [26.329168893880972, 67.13283788942496], [26.329168893880972, 67.06607933771616]]]}, "properties": {"category": "https://maytetoscano.github.io/Bioclima_OGC/def/indicator/zone-mild-advance", "categoryKey": "mild_advance", "categoryLabel": {"en": "Mild phenological advance", "es": "Adelanto fenol\u00f3gico leve", "zh": "\u7269\u5019\u8f7b\u5fae\u63d0\u524d", "ro": "Avans fenologic u\u0219or"}, "pci_value": -0.3270072937011719, "policyRelevance": ["https://maytetoscano.github.io/Bioclima_OGC/def/policy/kmgbf-target-1", "https://maytetoscano.github.io/Bioclima_OGC/def/policy/kmgbf-target-8"]}}, {"type": "Feature", "id": "zone-00694", "geometry": {"type": "Polygon", "coordinates": [[[26.862269822528102, 67.06607933771616], [26.92890743860899, 67.06607933771616], [26.92890743860899, 67.13283788942496], [26.862269822528102, 67.13283788942496], [26.862269822528102, 67.06607933771616]]]}, "properties": {"category": "https://maytetoscano.github.io/Bioclima_OGC/def/indicator/zone-mild-advance", "categoryKey": "mild_advance", "categoryLabel": {"en": "Mild phenological advance", "es": "Adelanto fenol\u00f3gico leve", "zh": "\u7269\u5019\u8f7b\u5fae\u63d0\u524d", "ro": "Avans fenologic u\u0219or"}, "pci_value": -0.3189324736595154, "policyRelevance": ["https://maytetoscano.github.io/Bioclima_OGC/def/policy/kmgbf-target-1", "https://maytetoscano.github.io/Bioclima_OGC/def/policy/kmgbf-target-8"]}}, {"type": "Feature", "id": "zone-00695", "geometry": {"type": "Polygon", "coordinates": [[[27.128820286851663, 67.06607933771616], [27.195457902932553, 67.06607933771616], [27.195457902932553, 67.13283788942496], [27.128820286851663, 67.13283788942496], [27.128820286851663, 67.06607933771616]]]}, "properties": {"category": "https://maytetoscano.github.io/Bioclima_OGC/def/indicator/zone-mild-advance", "categoryKey": "mild_advance", "categoryLabel": {"en": "Mild phenological advance", "es": "Adelanto fenol\u00f3gico leve", "zh": "\u7269\u5019\u8f7b\u5fae\u63d0\u524d", "ro": "Avans fenologic u\u0219or"}, "pci_value": -0.4257299304008484, "policyRelevance": ["https://maytetoscano.github.io/Bioclima_OGC/def/policy/kmgbf-target-1", "https://maytetoscano.github.io/Bioclima_OGC/def/policy/kmgbf-target-8"]}}, {"type": "Feature", "id": "zone-00696", "geometry": {"type": "Polygon", "coordinates": [[[27.395370751175225, 67.06607933771616], [27.462008367256114, 67.06607933771616], [27.462008367256114, 67.13283788942496], [27.395370751175225, 67.13283788942496], [27.395370751175225, 67.06607933771616]]]}, "properties": {"category": "https://maytetoscano.github.io/Bioclima_OGC/def/indicator/zone-mild-advance", "categoryKey": "mild_advance", "categoryLabel": {"en": "Mild phenological advance", "es": "Adelanto fenol\u00f3gico leve", "zh": "\u7269\u5019\u8f7b\u5fae\u63d0\u524d", "ro": "Avans fenologic u\u0219or"}, "pci_value": -0.21975365281105042, "policyRelevance": ["https://maytetoscano.github.io/Bioclima_OGC/def/policy/kmgbf-target-1", "https://maytetoscano.github.io/Bioclima_OGC/def/policy/kmgbf-target-8"]}}, {"type": "Feature", "id": "zone-00697", "geometry": {"type": "Polygon", "coordinates": [[[27.66192121549879, 67.06607933771616], [27.72855883157968, 67.06607933771616], [27.72855883157968, 67.13283788942496], [27.66192121549879, 67.13283788942496], [27.66192121549879, 67.06607933771616]]]}, "properties": {"category": "https://maytetoscano.github.io/Bioclima_OGC/def/indicator/zone-mild-advance", "categoryKey": "mild_advance", "categoryLabel": {"en": "Mild phenological advance", "es": "Adelanto fenol\u00f3gico leve", "zh": "\u7269\u5019\u8f7b\u5fae\u63d0\u524d", "ro": "Avans fenologic u\u0219or"}, "pci_value": -0.23850364983081818, "policyRelevance": ["https://maytetoscano.github.io/Bioclima_OGC/def/policy/kmgbf-target-1", "https://maytetoscano.github.io/Bioclima_OGC/def/policy/kmgbf-target-8"]}}, {"type": "Feature", "id": "zone-00698", "geometry": {"type": "Polygon", "coordinates": [[[27.928471679822355, 67.06607933771616], [27.995109295903244, 67.06607933771616], [27.995109295903244, 67.13283788942496], [27.928471679822355, 67.13283788942496], [27.928471679822355, 67.06607933771616]]]}, "properties": {"category": "https://maytetoscano.github.io/Bioclima_OGC/def/indicator/zone-stable", "categoryKey": "stable", "categoryLabel": {"en": "Stable phenology zone", "es": "Zona de fenolog\u00eda estable", "zh": "\u7269\u5019\u7a33\u5b9a\u533a", "ro": "Zon\u0103 cu fenologie stabil\u0103"}, "pci_value": -0.20000000298023224, "policyRelevance": ["https://maytetoscano.github.io/Bioclima_OGC/def/policy/kmgbf-target-1", "https://maytetoscano.github.io/Bioclima_OGC/def/policy/kmgbf-target-8"]}}, {"type": "Feature", "id": "zone-00699", "geometry": {"type": "Polygon", "coordinates": [[[28.19502214414592, 67.06607933771616], [28.26165976022681, 67.06607933771616], [28.26165976022681, 67.13283788942496], [28.19502214414592, 67.13283788942496], [28.19502214414592, 67.06607933771616]]]}, "properties": {"category": "https://maytetoscano.github.io/Bioclima_OGC/def/indicator/zone-mild-advance", "categoryKey": "mild_advance", "categoryLabel": {"en": "Mild phenological advance", "es": "Adelanto fenol\u00f3gico leve", "zh": "\u7269\u5019\u8f7b\u5fae\u63d0\u524d", "ro": "Avans fenologic u\u0219or"}, "pci_value": -0.3687500059604645, "policyRelevance": ["https://maytetoscano.github.io/Bioclima_OGC/def/policy/kmgbf-target-1", "https://maytetoscano.github.io/Bioclima_OGC/def/policy/kmgbf-target-8"]}}, {"type": "Feature", "id": "zone-00700", "geometry": {"type": "Polygon", "coordinates": [[[28.46157260846948, 67.06607933771616], [28.52821022455037, 67.06607933771616], [28.52821022455037, 67.13283788942496], [28.46157260846948, 67.13283788942496], [28.46157260846948, 67.06607933771616]]]}, "properties": {"category": "https://maytetoscano.github.io/Bioclima_OGC/def/indicator/zone-stable", "categoryKey": "stable", "categoryLabel": {"en": "Stable phenology zone", "es": "Zona de fenolog\u00eda estable", "zh": "\u7269\u5019\u7a33\u5b9a\u533a", "ro": "Zon\u0103 cu fenologie stabil\u0103"}, "pci_value": -0.19393248856067657, "policyRelevance": ["https://maytetoscano.github.io/Bioclima_OGC/def/policy/kmgbf-target-1", "https://maytetoscano.github.io/Bioclima_OGC/def/policy/kmgbf-target-8"]}}, {"type": "Feature", "id": "zone-00701", "geometry": {"type": "Polygon", "coordinates": [[[28.728123072793043, 67.06607933771616], [28.794760688873932, 67.06607933771616], [28.794760688873932, 67.13283788942496], [28.728123072793043, 67.13283788942496], [28.728123072793043, 67.06607933771616]]]}, "properties": {"category": "https://maytetoscano.github.io/Bioclima_OGC/def/indicator/zone-stable", "categoryKey": "stable", "categoryLabel": {"en": "Stable phenology zone", "es": "Zona de fenolog\u00eda estable", "zh": "\u7269\u5019\u7a33\u5b9a\u533a", "ro": "Zon\u0103 cu fenologie stabil\u0103"}, "pci_value": -0.11035583913326263, "policyRelevance": ["https://maytetoscano.github.io/Bioclima_OGC/def/policy/kmgbf-target-1", "https://maytetoscano.github.io/Bioclima_OGC/def/policy/kmgbf-target-8"]}}, {"type": "Feature", "id": "zone-00702", "geometry": {"type": "Polygon", "coordinates": [[[28.994673537116608, 67.06607933771616], [29.061311153197497, 67.06607933771616], [29.061311153197497, 67.13283788942496], [28.994673537116608, 67.13283788942496], [28.994673537116608, 67.06607933771616]]]}, "properties": {"category": "https://maytetoscano.github.io/Bioclima_OGC/def/indicator/zone-stable", "categoryKey": "stable", "categoryLabel": {"en": "Stable phenology zone", "es": "Zona de fenolog\u00eda estable", "zh": "\u7269\u5019\u7a33\u5b9a\u533a", "ro": "Zon\u0103 cu fenologie stabil\u0103"}, "pci_value": -0.19580292701721191, "policyRelevance": ["https://maytetoscano.github.io/Bioclima_OGC/def/policy/kmgbf-target-1", "https://maytetoscano.github.io/Bioclima_OGC/def/policy/kmgbf-target-8"]}}, {"type": "Feature", "id": "zone-00703", "geometry": {"type": "Polygon", "coordinates": [[[29.261224001440173, 67.06607933771616], [29.327861617521062, 67.06607933771616], [29.327861617521062, 67.13283788942496], [29.261224001440173, 67.13283788942496], [29.261224001440173, 67.06607933771616]]]}, "properties": {"category": "https://maytetoscano.github.io/Bioclima_OGC/def/indicator/zone-mild-advance", "categoryKey": "mild_advance", "categoryLabel": {"en": "Mild phenological advance", "es": "Adelanto fenol\u00f3gico leve", "zh": "\u7269\u5019\u8f7b\u5fae\u63d0\u524d", "ro": "Avans fenologic u\u0219or"}, "pci_value": -0.2599908709526062, "policyRelevance": ["https://maytetoscano.github.io/Bioclima_OGC/def/policy/kmgbf-target-1", "https://maytetoscano.github.io/Bioclima_OGC/def/policy/kmgbf-target-8"]}}, {"type": "Feature", "id": "zone-00704", "geometry": {"type": "Polygon", "coordinates": [[[29.794324930087296, 67.06607933771616], [29.860962546168185, 67.06607933771616], [29.860962546168185, 67.13283788942496], [29.794324930087296, 67.13283788942496], [29.794324930087296, 67.06607933771616]]]}, "properties": {"category": "https://maytetoscano.github.io/Bioclima_OGC/def/indicator/zone-stable", "categoryKey": "stable", "categoryLabel": {"en": "Stable phenology zone", "es": "Zona de fenolog\u00eda estable", "zh": "\u7269\u5019\u7a33\u5b9a\u533a", "ro": "Zon\u0103 cu fenologie stabil\u0103"}, "pci_value": -0.06482664495706558, "policyRelevance": ["https://maytetoscano.github.io/Bioclima_OGC/def/policy/kmgbf-target-1", "https://maytetoscano.github.io/Bioclima_OGC/def/policy/kmgbf-target-8"]}}, {"type": "Feature", "id": "zone-00705", "geometry": {"type": "Polygon", "coordinates": [[[21.53126053605683, 67.33311354455141], [21.59789815213772, 67.33311354455141], [21.59789815213772, 67.39987209626021], [21.53126053605683, 67.39987209626021], [21.53126053605683, 67.33311354455141]]]}, "properties": {"category": "https://maytetoscano.github.io/Bioclima_OGC/def/indicator/zone-mild-advance", "categoryKey": "mild_advance", "categoryLabel": {"en": "Mild phenological advance", "es": "Adelanto fenol\u00f3gico leve", "zh": "\u7269\u5019\u8f7b\u5fae\u63d0\u524d", "ro": "Avans fenologic u\u0219or"}, "pci_value": -0.43280109763145447, "policyRelevance": ["https://maytetoscano.github.io/Bioclima_OGC/def/policy/kmgbf-target-1", "https://maytetoscano.github.io/Bioclima_OGC/def/policy/kmgbf-target-8"]}}, {"type": "Feature", "id": "zone-00706", "geometry": {"type": "Polygon", "coordinates": [[[21.797811000380396, 67.33311354455141], [21.864448616461285, 67.33311354455141], [21.864448616461285, 67.39987209626021], [21.797811000380396, 67.39987209626021], [21.797811000380396, 67.33311354455141]]]}, "properties": {"category": "https://maytetoscano.github.io/Bioclima_OGC/def/indicator/zone-mild-advance", "categoryKey": "mild_advance", "categoryLabel": {"en": "Mild phenological advance", "es": "Adelanto fenol\u00f3gico leve", "zh": "\u7269\u5019\u8f7b\u5fae\u63d0\u524d", "ro": "Avans fenologic u\u0219or"}, "pci_value": -0.4093065559864044, "policyRelevance": ["https://maytetoscano.github.io/Bioclima_OGC/def/policy/kmgbf-target-1", "https://maytetoscano.github.io/Bioclima_OGC/def/policy/kmgbf-target-8"]}}, {"type": "Feature", "id": "zone-00707", "geometry": {"type": "Polygon", "coordinates": [[[22.06436146470396, 67.33311354455141], [22.13099908078485, 67.33311354455141], [22.13099908078485, 67.39987209626021], [22.06436146470396, 67.39987209626021], [22.06436146470396, 67.33311354455141]]]}, "properties": {"category": "https://maytetoscano.github.io/Bioclima_OGC/def/indicator/zone-mild-advance", "categoryKey": "mild_advance", "categoryLabel": {"en": "Mild phenological advance", "es": "Adelanto fenol\u00f3gico leve", "zh": "\u7269\u5019\u8f7b\u5fae\u63d0\u524d", "ro": "Avans fenologic u\u0219or"}, "pci_value": -0.35022810101509094, "policyRelevance": ["https://maytetoscano.github.io/Bioclima_OGC/def/policy/kmgbf-target-1", "https://maytetoscano.github.io/Bioclima_OGC/def/policy/kmgbf-target-8"]}}, {"type": "Feature", "id": "zone-00708", "geometry": {"type": "Polygon", "coordinates": [[[22.330911929027522, 67.33311354455141], [22.39754954510841, 67.33311354455141], [22.39754954510841, 67.39987209626021], [22.330911929027522, 67.39987209626021], [22.330911929027522, 67.33311354455141]]]}, "properties": {"category": "https://maytetoscano.github.io/Bioclima_OGC/def/indicator/zone-mild-advance", "categoryKey": "mild_advance", "categoryLabel": {"en": "Mild phenological advance", "es": "Adelanto fenol\u00f3gico leve", "zh": "\u7269\u5019\u8f7b\u5fae\u63d0\u524d", "ro": "Avans fenologic u\u0219or"}, "pci_value": -0.3527372181415558, "policyRelevance": ["https://maytetoscano.github.io/Bioclima_OGC/def/policy/kmgbf-target-1", "https://maytetoscano.github.io/Bioclima_OGC/def/policy/kmgbf-target-8"]}}, {"type": "Feature", "id": "zone-00709", "geometry": {"type": "Polygon", "coordinates": [[[22.597462393351083, 67.33311354455141], [22.664100009431973, 67.33311354455141], [22.664100009431973, 67.39987209626021], [22.597462393351083, 67.39987209626021], [22.597462393351083, 67.33311354455141]]]}, "properties": {"category": "https://maytetoscano.github.io/Bioclima_OGC/def/indicator/zone-mild-advance", "categoryKey": "mild_advance", "categoryLabel": {"en": "Mild phenological advance", "es": "Adelanto fenol\u00f3gico leve", "zh": "\u7269\u5019\u8f7b\u5fae\u63d0\u524d", "ro": "Avans fenologic u\u0219or"}, "pci_value": -0.3220802843570709, "policyRelevance": ["https://maytetoscano.github.io/Bioclima_OGC/def/policy/kmgbf-target-1", "https://maytetoscano.github.io/Bioclima_OGC/def/policy/kmgbf-target-8"]}}, {"type": "Feature", "id": "zone-00710", "geometry": {"type": "Polygon", "coordinates": [[[22.86401285767465, 67.33311354455141], [22.930650473755538, 67.33311354455141], [22.930650473755538, 67.39987209626021], [22.86401285767465, 67.39987209626021], [22.86401285767465, 67.33311354455141]]]}, "properties": {"category": "https://maytetoscano.github.io/Bioclima_OGC/def/indicator/zone-mild-advance", "categoryKey": "mild_advance", "categoryLabel": {"en": "Mild phenological advance", "es": "Adelanto fenol\u00f3gico leve", "zh": "\u7269\u5019\u8f7b\u5fae\u63d0\u524d", "ro": "Avans fenologic u\u0219or"}, "pci_value": -0.41090327501296997, "policyRelevance": ["https://maytetoscano.github.io/Bioclima_OGC/def/policy/kmgbf-target-1", "https://maytetoscano.github.io/Bioclima_OGC/def/policy/kmgbf-target-8"]}}, {"type": "Feature", "id": "zone-00711", "geometry": {"type": "Polygon", "coordinates": [[[23.130563321998213, 67.33311354455141], [23.197200938079103, 67.33311354455141], [23.197200938079103, 67.39987209626021], [23.130563321998213, 67.39987209626021], [23.130563321998213, 67.33311354455141]]]}, "properties": {"category": "https://maytetoscano.github.io/Bioclima_OGC/def/indicator/zone-mild-advance", "categoryKey": "mild_advance", "categoryLabel": {"en": "Mild phenological advance", "es": "Adelanto fenol\u00f3gico leve", "zh": "\u7269\u5019\u8f7b\u5fae\u63d0\u524d", "ro": "Avans fenologic u\u0219or"}, "pci_value": -0.36072081327438354, "policyRelevance": ["https://maytetoscano.github.io/Bioclima_OGC/def/policy/kmgbf-target-1", "https://maytetoscano.github.io/Bioclima_OGC/def/policy/kmgbf-target-8"]}}, {"type": "Feature", "id": "zone-00712", "geometry": {"type": "Polygon", "coordinates": [[[23.397113786321775, 67.33311354455141], [23.463751402402664, 67.33311354455141], [23.463751402402664, 67.39987209626021], [23.397113786321775, 67.39987209626021], [23.397113786321775, 67.33311354455141]]]}, "properties": {"category": "https://maytetoscano.github.io/Bioclima_OGC/def/indicator/zone-mild-advance", "categoryKey": "mild_advance", "categoryLabel": {"en": "Mild phenological advance", "es": "Adelanto fenol\u00f3gico leve", "zh": "\u7269\u5019\u8f7b\u5fae\u63d0\u524d", "ro": "Avans fenologic u\u0219or"}, "pci_value": -0.4049726128578186, "policyRelevance": ["https://maytetoscano.github.io/Bioclima_OGC/def/policy/kmgbf-target-1", "https://maytetoscano.github.io/Bioclima_OGC/def/policy/kmgbf-target-8"]}}, {"type": "Feature", "id": "zone-00713", "geometry": {"type": "Polygon", "coordinates": [[[23.9302147149689, 67.33311354455141], [23.99685233104979, 67.33311354455141], [23.99685233104979, 67.39987209626021], [23.9302147149689, 67.39987209626021], [23.9302147149689, 67.33311354455141]]]}, "properties": {"category": "https://maytetoscano.github.io/Bioclima_OGC/def/indicator/zone-mild-advance", "categoryKey": "mild_advance", "categoryLabel": {"en": "Mild phenological advance", "es": "Adelanto fenol\u00f3gico leve", "zh": "\u7269\u5019\u8f7b\u5fae\u63d0\u524d", "ro": "Avans fenologic u\u0219or"}, "pci_value": -0.45552006363868713, "policyRelevance": ["https://maytetoscano.github.io/Bioclima_OGC/def/policy/kmgbf-target-1", "https://maytetoscano.github.io/Bioclima_OGC/def/policy/kmgbf-target-8"]}}, {"type": "Feature", "id": "zone-00714", "geometry": {"type": "Polygon", "coordinates": [[[24.196765179292466, 67.33311354455141], [24.263402795373356, 67.33311354455141], [24.263402795373356, 67.39987209626021], [24.196765179292466, 67.39987209626021], [24.196765179292466, 67.33311354455141]]]}, "properties": {"category": "https://maytetoscano.github.io/Bioclima_OGC/def/indicator/zone-mild-advance", "categoryKey": "mild_advance", "categoryLabel": {"en": "Mild phenological advance", "es": "Adelanto fenol\u00f3gico leve", "zh": "\u7269\u5019\u8f7b\u5fae\u63d0\u524d", "ro": "Avans fenologic u\u0219or"}, "pci_value": -0.49201643466949463, "policyRelevance": ["https://maytetoscano.github.io/Bioclima_OGC/def/policy/kmgbf-target-1", "https://maytetoscano.github.io/Bioclima_OGC/def/policy/kmgbf-target-8"]}}, {"type": "Feature", "id": "zone-00715", "geometry": {"type": "Polygon", "coordinates": [[[24.729866107939593, 67.33311354455141], [24.796503724020482, 67.33311354455141], [24.796503724020482, 67.39987209626021], [24.729866107939593, 67.39987209626021], [24.729866107939593, 67.33311354455141]]]}, "properties": {"category": "https://maytetoscano.github.io/Bioclima_OGC/def/indicator/zone-mild-advance", "categoryKey": "mild_advance", "categoryLabel": {"en": "Mild phenological advance", "es": "Adelanto fenol\u00f3gico leve", "zh": "\u7269\u5019\u8f7b\u5fae\u63d0\u524d", "ro": "Avans fenologic u\u0219or"}, "pci_value": -0.32627737522125244, "policyRelevance": ["https://maytetoscano.github.io/Bioclima_OGC/def/policy/kmgbf-target-1", "https://maytetoscano.github.io/Bioclima_OGC/def/policy/kmgbf-target-8"]}}, {"type": "Feature", "id": "zone-00716", "geometry": {"type": "Polygon", "coordinates": [[[24.996416572263154, 67.33311354455141], [25.063054188344044, 67.33311354455141], [25.063054188344044, 67.39987209626021], [24.996416572263154, 67.39987209626021], [24.996416572263154, 67.33311354455141]]]}, "properties": {"category": "https://maytetoscano.github.io/Bioclima_OGC/def/indicator/zone-mild-advance", "categoryKey": "mild_advance", "categoryLabel": {"en": "Mild phenological advance", "es": "Adelanto fenol\u00f3gico leve", "zh": "\u7269\u5019\u8f7b\u5fae\u63d0\u524d", "ro": "Avans fenologic u\u0219or"}, "pci_value": -0.4435218870639801, "policyRelevance": ["https://maytetoscano.github.io/Bioclima_OGC/def/policy/kmgbf-target-1", "https://maytetoscano.github.io/Bioclima_OGC/def/policy/kmgbf-target-8"]}}, {"type": "Feature", "id": "zone-00717", "geometry": {"type": "Polygon", "coordinates": [[[25.26296703658672, 67.33311354455141], [25.32960465266761, 67.33311354455141], [25.32960465266761, 67.39987209626021], [25.26296703658672, 67.39987209626021], [25.26296703658672, 67.33311354455141]]]}, "properties": {"category": "https://maytetoscano.github.io/Bioclima_OGC/def/indicator/zone-strong-advance", "categoryKey": "strong_advance", "categoryLabel": {"en": "Strong phenological advance", "es": "Adelanto fenol\u00f3gico fuerte", "zh": "\u7269\u5019\u5f3a\u70c8\u63d0\u524d", "ro": "Avans fenologic puternic"}, "pci_value": -0.5421532988548279, "policyRelevance": ["https://maytetoscano.github.io/Bioclima_OGC/def/policy/kmgbf-target-1", "https://maytetoscano.github.io/Bioclima_OGC/def/policy/kmgbf-target-8"]}}, {"type": "Feature", "id": "zone-00718", "geometry": {"type": "Polygon", "coordinates": [[[25.529517500910284, 67.33311354455141], [25.596155116991174, 67.33311354455141], [25.596155116991174, 67.39987209626021], [25.529517500910284, 67.39987209626021], [25.529517500910284, 67.33311354455141]]]}, "properties": {"category": "https://maytetoscano.github.io/Bioclima_OGC/def/indicator/zone-strong-advance", "categoryKey": "strong_advance", "categoryLabel": {"en": "Strong phenological advance", "es": "Adelanto fenol\u00f3gico fuerte", "zh": "\u7269\u5019\u5f3a\u70c8\u63d0\u524d", "ro": "Avans fenologic puternic"}, "pci_value": -0.5197992920875549, "policyRelevance": ["https://maytetoscano.github.io/Bioclima_OGC/def/policy/kmgbf-target-1", "https://maytetoscano.github.io/Bioclima_OGC/def/policy/kmgbf-target-8"]}}, {"type": "Feature", "id": "zone-00719", "geometry": {"type": "Polygon", "coordinates": [[[25.79606796523385, 67.33311354455141], [25.86270558131474, 67.33311354455141], [25.86270558131474, 67.39987209626021], [25.79606796523385, 67.39987209626021], [25.79606796523385, 67.33311354455141]]]}, "properties": {"category": "https://maytetoscano.github.io/Bioclima_OGC/def/indicator/zone-mild-advance", "categoryKey": "mild_advance", "categoryLabel": {"en": "Mild phenological advance", "es": "Adelanto fenol\u00f3gico leve", "zh": "\u7269\u5019\u8f7b\u5fae\u63d0\u524d", "ro": "Avans fenologic u\u0219or"}, "pci_value": -0.4993613064289093, "policyRelevance": ["https://maytetoscano.github.io/Bioclima_OGC/def/policy/kmgbf-target-1", "https://maytetoscano.github.io/Bioclima_OGC/def/policy/kmgbf-target-8"]}}, {"type": "Feature", "id": "zone-00720", "geometry": {"type": "Polygon", "coordinates": [[[26.06261842955741, 67.33311354455141], [26.1292560456383, 67.33311354455141], [26.1292560456383, 67.39987209626021], [26.06261842955741, 67.39987209626021], [26.06261842955741, 67.33311354455141]]]}, "properties": {"category": "https://maytetoscano.github.io/Bioclima_OGC/def/indicator/zone-mild-advance", "categoryKey": "mild_advance", "categoryLabel": {"en": "Mild phenological advance", "es": "Adelanto fenol\u00f3gico leve", "zh": "\u7269\u5019\u8f7b\u5fae\u63d0\u524d", "ro": "Avans fenologic u\u0219or"}, "pci_value": -0.34178832173347473, "policyRelevance": ["https://maytetoscano.github.io/Bioclima_OGC/def/policy/kmgbf-target-1", "https://maytetoscano.github.io/Bioclima_OGC/def/policy/kmgbf-target-8"]}}, {"type": "Feature", "id": "zone-00721", "geometry": {"type": "Polygon", "coordinates": [[[26.329168893880972, 67.33311354455141], [26.39580650996186, 67.33311354455141], [26.39580650996186, 67.39987209626021], [26.329168893880972, 67.39987209626021], [26.329168893880972, 67.33311354455141]]]}, "properties": {"category": "https://maytetoscano.github.io/Bioclima_OGC/def/indicator/zone-mild-advance", "categoryKey": "mild_advance", "categoryLabel": {"en": "Mild phenological advance", "es": "Adelanto fenol\u00f3gico leve", "zh": "\u7269\u5019\u8f7b\u5fae\u63d0\u524d", "ro": "Avans fenologic u\u0219or"}, "pci_value": -0.38699817657470703, "policyRelevance": ["https://maytetoscano.github.io/Bioclima_OGC/def/policy/kmgbf-target-1", "https://maytetoscano.github.io/Bioclima_OGC/def/policy/kmgbf-target-8"]}}, {"type": "Feature", "id": "zone-00722", "geometry": {"type": "Polygon", "coordinates": [[[26.595719358204537, 67.33311354455141], [26.662356974285427, 67.33311354455141], [26.662356974285427, 67.39987209626021], [26.595719358204537, 67.39987209626021], [26.595719358204537, 67.33311354455141]]]}, "properties": {"category": "https://maytetoscano.github.io/Bioclima_OGC/def/indicator/zone-mild-advance", "categoryKey": "mild_advance", "categoryLabel": {"en": "Mild phenological advance", "es": "Adelanto fenol\u00f3gico leve", "zh": "\u7269\u5019\u8f7b\u5fae\u63d0\u524d", "ro": "Avans fenologic u\u0219or"}, "pci_value": -0.3686131238937378, "policyRelevance": ["https://maytetoscano.github.io/Bioclima_OGC/def/policy/kmgbf-target-1", "https://maytetoscano.github.io/Bioclima_OGC/def/policy/kmgbf-target-8"]}}, {"type": "Feature", "id": "zone-00723", "geometry": {"type": "Polygon", "coordinates": [[[26.862269822528102, 67.33311354455141], [26.92890743860899, 67.33311354455141], [26.92890743860899, 67.39987209626021], [26.862269822528102, 67.39987209626021], [26.862269822528102, 67.33311354455141]]]}, "properties": {"category": "https://maytetoscano.github.io/Bioclima_OGC/def/indicator/zone-mild-advance", "categoryKey": "mild_advance", "categoryLabel": {"en": "Mild phenological advance", "es": "Adelanto fenol\u00f3gico leve", "zh": "\u7269\u5019\u8f7b\u5fae\u63d0\u524d", "ro": "Avans fenologic u\u0219or"}, "pci_value": -0.3587591350078583, "policyRelevance": ["https://maytetoscano.github.io/Bioclima_OGC/def/policy/kmgbf-target-1", "https://maytetoscano.github.io/Bioclima_OGC/def/policy/kmgbf-target-8"]}}, {"type": "Feature", "id": "zone-00724", "geometry": {"type": "Polygon", "coordinates": [[[27.128820286851663, 67.33311354455141], [27.195457902932553, 67.33311354455141], [27.195457902932553, 67.39987209626021], [27.128820286851663, 67.39987209626021], [27.128820286851663, 67.33311354455141]]]}, "properties": {"category": "https://maytetoscano.github.io/Bioclima_OGC/def/indicator/zone-mild-advance", "categoryKey": "mild_advance", "categoryLabel": {"en": "Mild phenological advance", "es": "Adelanto fenol\u00f3gico leve", "zh": "\u7269\u5019\u8f7b\u5fae\u63d0\u524d", "ro": "Avans fenologic u\u0219or"}, "pci_value": -0.3708941638469696, "policyRelevance": ["https://maytetoscano.github.io/Bioclima_OGC/def/policy/kmgbf-target-1", "https://maytetoscano.github.io/Bioclima_OGC/def/policy/kmgbf-target-8"]}}, {"type": "Feature", "id": "zone-00725", "geometry": {"type": "Polygon", "coordinates": [[[27.395370751175225, 67.33311354455141], [27.462008367256114, 67.33311354455141], [27.462008367256114, 67.39987209626021], [27.395370751175225, 67.39987209626021], [27.395370751175225, 67.33311354455141]]]}, "properties": {"category": "https://maytetoscano.github.io/Bioclima_OGC/def/indicator/zone-mild-advance", "categoryKey": "mild_advance", "categoryLabel": {"en": "Mild phenological advance", "es": "Adelanto fenol\u00f3gico leve", "zh": "\u7269\u5019\u8f7b\u5fae\u63d0\u524d", "ro": "Avans fenologic u\u0219or"}, "pci_value": -0.33549270033836365, "policyRelevance": ["https://maytetoscano.github.io/Bioclima_OGC/def/policy/kmgbf-target-1", "https://maytetoscano.github.io/Bioclima_OGC/def/policy/kmgbf-target-8"]}}, {"type": "Feature", "id": "zone-00726", "geometry": {"type": "Polygon", "coordinates": [[[27.66192121549879, 67.33311354455141], [27.72855883157968, 67.33311354455141], [27.72855883157968, 67.39987209626021], [27.66192121549879, 67.39987209626021], [27.66192121549879, 67.33311354455141]]]}, "properties": {"category": "https://maytetoscano.github.io/Bioclima_OGC/def/indicator/zone-mild-advance", "categoryKey": "mild_advance", "categoryLabel": {"en": "Mild phenological advance", "es": "Adelanto fenol\u00f3gico leve", "zh": "\u7269\u5019\u8f7b\u5fae\u63d0\u524d", "ro": "Avans fenologic u\u0219or"}, "pci_value": -0.3406934440135956, "policyRelevance": ["https://maytetoscano.github.io/Bioclima_OGC/def/policy/kmgbf-target-1", "https://maytetoscano.github.io/Bioclima_OGC/def/policy/kmgbf-target-8"]}}, {"type": "Feature", "id": "zone-00727", "geometry": {"type": "Polygon", "coordinates": [[[27.928471679822355, 67.33311354455141], [27.995109295903244, 67.33311354455141], [27.995109295903244, 67.39987209626021], [27.928471679822355, 67.39987209626021], [27.928471679822355, 67.33311354455141]]]}, "properties": {"category": "https://maytetoscano.github.io/Bioclima_OGC/def/indicator/zone-mild-advance", "categoryKey": "mild_advance", "categoryLabel": {"en": "Mild phenological advance", "es": "Adelanto fenol\u00f3gico leve", "zh": "\u7269\u5019\u8f7b\u5fae\u63d0\u524d", "ro": "Avans fenologic u\u0219or"}, "pci_value": -0.3158302903175354, "policyRelevance": ["https://maytetoscano.github.io/Bioclima_OGC/def/policy/kmgbf-target-1", "https://maytetoscano.github.io/Bioclima_OGC/def/policy/kmgbf-target-8"]}}, {"type": "Feature", "id": "zone-00728", "geometry": {"type": "Polygon", "coordinates": [[[28.46157260846948, 67.33311354455141], [28.52821022455037, 67.33311354455141], [28.52821022455037, 67.39987209626021], [28.46157260846948, 67.39987209626021], [28.46157260846948, 67.33311354455141]]]}, "properties": {"category": "https://maytetoscano.github.io/Bioclima_OGC/def/indicator/zone-mild-advance", "categoryKey": "mild_advance", "categoryLabel": {"en": "Mild phenological advance", "es": "Adelanto fenol\u00f3gico leve", "zh": "\u7269\u5019\u8f7b\u5fae\u63d0\u524d", "ro": "Avans fenologic u\u0219or"}, "pci_value": -0.2401459813117981, "policyRelevance": ["https://maytetoscano.github.io/Bioclima_OGC/def/policy/kmgbf-target-1", "https://maytetoscano.github.io/Bioclima_OGC/def/policy/kmgbf-target-8"]}}, {"type": "Feature", "id": "zone-00729", "geometry": {"type": "Polygon", "coordinates": [[[28.728123072793043, 67.33311354455141], [28.794760688873932, 67.33311354455141], [28.794760688873932, 67.39987209626021], [28.728123072793043, 67.39987209626021], [28.728123072793043, 67.33311354455141]]]}, "properties": {"category": "https://maytetoscano.github.io/Bioclima_OGC/def/indicator/zone-stable", "categoryKey": "stable", "categoryLabel": {"en": "Stable phenology zone", "es": "Zona de fenolog\u00eda estable", "zh": "\u7269\u5019\u7a33\u5b9a\u533a", "ro": "Zon\u0103 cu fenologie stabil\u0103"}, "pci_value": -0.19676095247268677, "policyRelevance": ["https://maytetoscano.github.io/Bioclima_OGC/def/policy/kmgbf-target-1", "https://maytetoscano.github.io/Bioclima_OGC/def/policy/kmgbf-target-8"]}}, {"type": "Feature", "id": "zone-00730", "geometry": {"type": "Polygon", "coordinates": [[[28.994673537116608, 67.33311354455141], [29.061311153197497, 67.33311354455141], [29.061311153197497, 67.39987209626021], [28.994673537116608, 67.39987209626021], [28.994673537116608, 67.33311354455141]]]}, "properties": {"category": "https://maytetoscano.github.io/Bioclima_OGC/def/indicator/zone-mild-advance", "categoryKey": "mild_advance", "categoryLabel": {"en": "Mild phenological advance", "es": "Adelanto fenol\u00f3gico leve", "zh": "\u7269\u5019\u8f7b\u5fae\u63d0\u524d", "ro": "Avans fenologic u\u0219or"}, "pci_value": -0.3158302903175354, "policyRelevance": ["https://maytetoscano.github.io/Bioclima_OGC/def/policy/kmgbf-target-1", "https://maytetoscano.github.io/Bioclima_OGC/def/policy/kmgbf-target-8"]}}, {"type": "Feature", "id": "zone-00731", "geometry": {"type": "Polygon", "coordinates": [[[29.261224001440173, 67.33311354455141], [29.327861617521062, 67.33311354455141], [29.327861617521062, 67.39987209626021], [29.261224001440173, 67.39987209626021], [29.261224001440173, 67.33311354455141]]]}, "properties": {"category": "https://maytetoscano.github.io/Bioclima_OGC/def/indicator/zone-stable", "categoryKey": "stable", "categoryLabel": {"en": "Stable phenology zone", "es": "Zona de fenolog\u00eda estable", "zh": "\u7269\u5019\u7a33\u5b9a\u533a", "ro": "Zon\u0103 cu fenologie stabil\u0103"}, "pci_value": -0.18169943988323212, "policyRelevance": ["https://maytetoscano.github.io/Bioclima_OGC/def/policy/kmgbf-target-1", "https://maytetoscano.github.io/Bioclima_OGC/def/policy/kmgbf-target-8"]}}, {"type": "Feature", "id": "zone-00732", "geometry": {"type": "Polygon", "coordinates": [[[29.527774465763734, 67.33311354455141], [29.594412081844624, 67.33311354455141], [29.594412081844624, 67.39987209626021], [29.527774465763734, 67.39987209626021], [29.527774465763734, 67.33311354455141]]]}, "properties": {"category": "https://maytetoscano.github.io/Bioclima_OGC/def/indicator/zone-mild-advance", "categoryKey": "mild_advance", "categoryLabel": {"en": "Mild phenological advance", "es": "Adelanto fenol\u00f3gico leve", "zh": "\u7269\u5019\u8f7b\u5fae\u63d0\u524d", "ro": "Avans fenologic u\u0219or"}, "pci_value": -0.2101733535528183, "policyRelevance": ["https://maytetoscano.github.io/Bioclima_OGC/def/policy/kmgbf-target-1", "https://maytetoscano.github.io/Bioclima_OGC/def/policy/kmgbf-target-8"]}}, {"type": "Feature", "id": "zone-00733", "geometry": {"type": "Polygon", "coordinates": [[[21.53126053605683, 67.60014775138664], [21.59789815213772, 67.60014775138664], [21.59789815213772, 67.66690630309544], [21.53126053605683, 67.66690630309544], [21.53126053605683, 67.60014775138664]]]}, "properties": {"category": "https://maytetoscano.github.io/Bioclima_OGC/def/indicator/zone-mild-advance", "categoryKey": "mild_advance", "categoryLabel": {"en": "Mild phenological advance", "es": "Adelanto fenol\u00f3gico leve", "zh": "\u7269\u5019\u8f7b\u5fae\u63d0\u524d", "ro": "Avans fenologic u\u0219or"}, "pci_value": -0.27541059255599976, "policyRelevance": ["https://maytetoscano.github.io/Bioclima_OGC/def/policy/kmgbf-target-1", "https://maytetoscano.github.io/Bioclima_OGC/def/policy/kmgbf-target-8"]}}, {"type": "Feature", "id": "zone-00734", "geometry": {"type": "Polygon", "coordinates": [[[21.797811000380396, 67.60014775138664], [21.864448616461285, 67.60014775138664], [21.864448616461285, 67.66690630309544], [21.797811000380396, 67.66690630309544], [21.797811000380396, 67.60014775138664]]]}, "properties": {"category": "https://maytetoscano.github.io/Bioclima_OGC/def/indicator/zone-mild-advance", "categoryKey": "mild_advance", "categoryLabel": {"en": "Mild phenological advance", "es": "Adelanto fenol\u00f3gico leve", "zh": "\u7269\u5019\u8f7b\u5fae\u63d0\u524d", "ro": "Avans fenologic u\u0219or"}, "pci_value": -0.3189324736595154, "policyRelevance": ["https://maytetoscano.github.io/Bioclima_OGC/def/policy/kmgbf-target-1", "https://maytetoscano.github.io/Bioclima_OGC/def/policy/kmgbf-target-8"]}}, {"type": "Feature", "id": "zone-00735", "geometry": {"type": "Polygon", "coordinates": [[[22.06436146470396, 67.60014775138664], [22.13099908078485, 67.60014775138664], [22.13099908078485, 67.66690630309544], [22.06436146470396, 67.66690630309544], [22.06436146470396, 67.60014775138664]]]}, "properties": {"category": "https://maytetoscano.github.io/Bioclima_OGC/def/indicator/zone-mild-advance", "categoryKey": "mild_advance", "categoryLabel": {"en": "Mild phenological advance", "es": "Adelanto fenol\u00f3gico leve", "zh": "\u7269\u5019\u8f7b\u5fae\u63d0\u524d", "ro": "Avans fenologic u\u0219or"}, "pci_value": -0.2673813998699188, "policyRelevance": ["https://maytetoscano.github.io/Bioclima_OGC/def/policy/kmgbf-target-1", "https://maytetoscano.github.io/Bioclima_OGC/def/policy/kmgbf-target-8"]}}, {"type": "Feature", "id": "zone-00736", "geometry": {"type": "Polygon", "coordinates": [[[22.330911929027522, 67.60014775138664], [22.39754954510841, 67.60014775138664], [22.39754954510841, 67.66690630309544], [22.330911929027522, 67.66690630309544], [22.330911929027522, 67.60014775138664]]]}, "properties": {"category": "https://maytetoscano.github.io/Bioclima_OGC/def/indicator/zone-mild-advance", "categoryKey": "mild_advance", "categoryLabel": {"en": "Mild phenological advance", "es": "Adelanto fenol\u00f3gico leve", "zh": "\u7269\u5019\u8f7b\u5fae\u63d0\u524d", "ro": "Avans fenologic u\u0219or"}, "pci_value": -0.4071168005466461, "policyRelevance": ["https://maytetoscano.github.io/Bioclima_OGC/def/policy/kmgbf-target-1", "https://maytetoscano.github.io/Bioclima_OGC/def/policy/kmgbf-target-8"]}}, {"type": "Feature", "id": "zone-00737", "geometry": {"type": "Polygon", "coordinates": [[[22.597462393351083, 67.60014775138664], [22.664100009431973, 67.60014775138664], [22.664100009431973, 67.66690630309544], [22.597462393351083, 67.66690630309544], [22.597462393351083, 67.60014775138664]]]}, "properties": {"category": "https://maytetoscano.github.io/Bioclima_OGC/def/indicator/zone-mild-advance", "categoryKey": "mild_advance", "categoryLabel": {"en": "Mild phenological advance", "es": "Adelanto fenol\u00f3gico leve", "zh": "\u7269\u5019\u8f7b\u5fae\u63d0\u524d", "ro": "Avans fenologic u\u0219or"}, "pci_value": -0.3273266553878784, "policyRelevance": ["https://maytetoscano.github.io/Bioclima_OGC/def/policy/kmgbf-target-1", "https://maytetoscano.github.io/Bioclima_OGC/def/policy/kmgbf-target-8"]}}, {"type": "Feature", "id": "zone-00738", "geometry": {"type": "Polygon", "coordinates": [[[22.86401285767465, 67.60014775138664], [22.930650473755538, 67.60014775138664], [22.930650473755538, 67.66690630309544], [22.86401285767465, 67.66690630309544], [22.86401285767465, 67.60014775138664]]]}, "properties": {"category": "https://maytetoscano.github.io/Bioclima_OGC/def/indicator/zone-mild-advance", "categoryKey": "mild_advance", "categoryLabel": {"en": "Mild phenological advance", "es": "Adelanto fenol\u00f3gico leve", "zh": "\u7269\u5019\u8f7b\u5fae\u63d0\u524d", "ro": "Avans fenologic u\u0219or"}, "pci_value": -0.2918795645236969, "policyRelevance": ["https://maytetoscano.github.io/Bioclima_OGC/def/policy/kmgbf-target-1", "https://maytetoscano.github.io/Bioclima_OGC/def/policy/kmgbf-target-8"]}}, {"type": "Feature", "id": "zone-00739", "geometry": {"type": "Polygon", "coordinates": [[[23.130563321998213, 67.60014775138664], [23.197200938079103, 67.60014775138664], [23.197200938079103, 67.66690630309544], [23.130563321998213, 67.66690630309544], [23.130563321998213, 67.60014775138664]]]}, "properties": {"category": "https://maytetoscano.github.io/Bioclima_OGC/def/indicator/zone-mild-advance", "categoryKey": "mild_advance", "categoryLabel": {"en": "Mild phenological advance", "es": "Adelanto fenol\u00f3gico leve", "zh": "\u7269\u5019\u8f7b\u5fae\u63d0\u524d", "ro": "Avans fenologic u\u0219or"}, "pci_value": -0.2626824676990509, "policyRelevance": ["https://maytetoscano.github.io/Bioclima_OGC/def/policy/kmgbf-target-1", "https://maytetoscano.github.io/Bioclima_OGC/def/policy/kmgbf-target-8"]}}, {"type": "Feature", "id": "zone-00740", "geometry": {"type": "Polygon", "coordinates": [[[23.397113786321775, 67.60014775138664], [23.463751402402664, 67.60014775138664], [23.463751402402664, 67.66690630309544], [23.397113786321775, 67.66690630309544], [23.397113786321775, 67.60014775138664]]]}, "properties": {"category": "https://maytetoscano.github.io/Bioclima_OGC/def/indicator/zone-mild-advance", "categoryKey": "mild_advance", "categoryLabel": {"en": "Mild phenological advance", "es": "Adelanto fenol\u00f3gico leve", "zh": "\u7269\u5019\u8f7b\u5fae\u63d0\u524d", "ro": "Avans fenologic u\u0219or"}, "pci_value": -0.3242700695991516, "policyRelevance": ["https://maytetoscano.github.io/Bioclima_OGC/def/policy/kmgbf-target-1", "https://maytetoscano.github.io/Bioclima_OGC/def/policy/kmgbf-target-8"]}}, {"type": "Feature", "id": "zone-00741", "geometry": {"type": "Polygon", "coordinates": [[[23.663664250645336, 67.60014775138664], [23.730301866726226, 67.60014775138664], [23.730301866726226, 67.66690630309544], [23.663664250645336, 67.66690630309544], [23.663664250645336, 67.60014775138664]]]}, "properties": {"category": "https://maytetoscano.github.io/Bioclima_OGC/def/indicator/zone-mild-advance", "categoryKey": "mild_advance", "categoryLabel": {"en": "Mild phenological advance", "es": "Adelanto fenol\u00f3gico leve", "zh": "\u7269\u5019\u8f7b\u5fae\u63d0\u524d", "ro": "Avans fenologic u\u0219or"}, "pci_value": -0.2621806561946869, "policyRelevance": ["https://maytetoscano.github.io/Bioclima_OGC/def/policy/kmgbf-target-1", "https://maytetoscano.github.io/Bioclima_OGC/def/policy/kmgbf-target-8"]}}, {"type": "Feature", "id": "zone-00742", "geometry": {"type": "Polygon", "coordinates": [[[23.9302147149689, 67.60014775138664], [23.99685233104979, 67.60014775138664], [23.99685233104979, 67.66690630309544], [23.9302147149689, 67.66690630309544], [23.9302147149689, 67.60014775138664]]]}, "properties": {"category": "https://maytetoscano.github.io/Bioclima_OGC/def/indicator/zone-mild-advance", "categoryKey": "mild_advance", "categoryLabel": {"en": "Mild phenological advance", "es": "Adelanto fenol\u00f3gico leve", "zh": "\u7269\u5019\u8f7b\u5fae\u63d0\u524d", "ro": "Avans fenologic u\u0219or"}, "pci_value": -0.32230839133262634, "policyRelevance": ["https://maytetoscano.github.io/Bioclima_OGC/def/policy/kmgbf-target-1", "https://maytetoscano.github.io/Bioclima_OGC/def/policy/kmgbf-target-8"]}}, {"type": "Feature", "id": "zone-00743", "geometry": {"type": "Polygon", "coordinates": [[[24.46331564361603, 67.60014775138664], [24.52995325969692, 67.60014775138664], [24.52995325969692, 67.66690630309544], [24.46331564361603, 67.66690630309544], [24.46331564361603, 67.60014775138664]]]}, "properties": {"category": "https://maytetoscano.github.io/Bioclima_OGC/def/indicator/zone-mild-advance", "categoryKey": "mild_advance", "categoryLabel": {"en": "Mild phenological advance", "es": "Adelanto fenol\u00f3gico leve", "zh": "\u7269\u5019\u8f7b\u5fae\u63d0\u524d", "ro": "Avans fenologic u\u0219or"}, "pci_value": -0.38544708490371704, "policyRelevance": ["https://maytetoscano.github.io/Bioclima_OGC/def/policy/kmgbf-target-1", "https://maytetoscano.github.io/Bioclima_OGC/def/policy/kmgbf-target-8"]}}, {"type": "Feature", "id": "zone-00744", "geometry": {"type": "Polygon", "coordinates": [[[24.729866107939593, 67.60014775138664], [24.796503724020482, 67.60014775138664], [24.796503724020482, 67.66690630309544], [24.729866107939593, 67.66690630309544], [24.729866107939593, 67.60014775138664]]]}, "properties": {"category": "https://maytetoscano.github.io/Bioclima_OGC/def/indicator/zone-mild-advance", "categoryKey": "mild_advance", "categoryLabel": {"en": "Mild phenological advance", "es": "Adelanto fenol\u00f3gico leve", "zh": "\u7269\u5019\u8f7b\u5fae\u63d0\u524d", "ro": "Avans fenologic u\u0219or"}, "pci_value": -0.23800182342529297, "policyRelevance": ["https://maytetoscano.github.io/Bioclima_OGC/def/policy/kmgbf-target-1", "https://maytetoscano.github.io/Bioclima_OGC/def/policy/kmgbf-target-8"]}}, {"type": "Feature", "id": "zone-00745", "geometry": {"type": "Polygon", "coordinates": [[[24.996416572263154, 67.60014775138664], [25.063054188344044, 67.60014775138664], [25.063054188344044, 67.66690630309544], [24.996416572263154, 67.66690630309544], [24.996416572263154, 67.60014775138664]]]}, "properties": {"category": "https://maytetoscano.github.io/Bioclima_OGC/def/indicator/zone-mild-advance", "categoryKey": "mild_advance", "categoryLabel": {"en": "Mild phenological advance", "es": "Adelanto fenol\u00f3gico leve", "zh": "\u7269\u5019\u8f7b\u5fae\u63d0\u524d", "ro": "Avans fenologic u\u0219or"}, "pci_value": -0.22281022369861603, "policyRelevance": ["https://maytetoscano.github.io/Bioclima_OGC/def/policy/kmgbf-target-1", "https://maytetoscano.github.io/Bioclima_OGC/def/policy/kmgbf-target-8"]}}, {"type": "Feature", "id": "zone-00746", "geometry": {"type": "Polygon", "coordinates": [[[25.26296703658672, 67.60014775138664], [25.32960465266761, 67.60014775138664], [25.32960465266761, 67.66690630309544], [25.26296703658672, 67.66690630309544], [25.26296703658672, 67.60014775138664]]]}, "properties": {"category": "https://maytetoscano.github.io/Bioclima_OGC/def/indicator/zone-mild-advance", "categoryKey": "mild_advance", "categoryLabel": {"en": "Mild phenological advance", "es": "Adelanto fenol\u00f3gico leve", "zh": "\u7269\u5019\u8f7b\u5fae\u63d0\u524d", "ro": "Avans fenologic u\u0219or"}, "pci_value": -0.3641423285007477, "policyRelevance": ["https://maytetoscano.github.io/Bioclima_OGC/def/policy/kmgbf-target-1", "https://maytetoscano.github.io/Bioclima_OGC/def/policy/kmgbf-target-8"]}}, {"type": "Feature", "id": "zone-00747", "geometry": {"type": "Polygon", "coordinates": [[[25.529517500910284, 67.60014775138664], [25.596155116991174, 67.60014775138664], [25.596155116991174, 67.66690630309544], [25.529517500910284, 67.66690630309544], [25.529517500910284, 67.60014775138664]]]}, "properties": {"category": "https://maytetoscano.github.io/Bioclima_OGC/def/indicator/zone-mild-advance", "categoryKey": "mild_advance", "categoryLabel": {"en": "Mild phenological advance", "es": "Adelanto fenol\u00f3gico leve", "zh": "\u7269\u5019\u8f7b\u5fae\u63d0\u524d", "ro": "Avans fenologic u\u0219or"}, "pci_value": -0.3167426884174347, "policyRelevance": ["https://maytetoscano.github.io/Bioclima_OGC/def/policy/kmgbf-target-1", "https://maytetoscano.github.io/Bioclima_OGC/def/policy/kmgbf-target-8"]}}, {"type": "Feature", "id": "zone-00748", "geometry": {"type": "Polygon", "coordinates": [[[25.79606796523385, 67.60014775138664], [25.86270558131474, 67.60014775138664], [25.86270558131474, 67.66690630309544], [25.79606796523385, 67.66690630309544], [25.79606796523385, 67.60014775138664]]]}, "properties": {"category": "https://maytetoscano.github.io/Bioclima_OGC/def/indicator/zone-mild-advance", "categoryKey": "mild_advance", "categoryLabel": {"en": "Mild phenological advance", "es": "Adelanto fenol\u00f3gico leve", "zh": "\u7269\u5019\u8f7b\u5fae\u63d0\u524d", "ro": "Avans fenologic u\u0219or"}, "pci_value": -0.406751811504364, "policyRelevance": ["https://maytetoscano.github.io/Bioclima_OGC/def/policy/kmgbf-target-1", "https://maytetoscano.github.io/Bioclima_OGC/def/policy/kmgbf-target-8"]}}, {"type": "Feature", "id": "zone-00749", "geometry": {"type": "Polygon", "coordinates": [[[26.06261842955741, 67.60014775138664], [26.1292560456383, 67.60014775138664], [26.1292560456383, 67.66690630309544], [26.06261842955741, 67.66690630309544], [26.06261842955741, 67.60014775138664]]]}, "properties": {"category": "https://maytetoscano.github.io/Bioclima_OGC/def/indicator/zone-mild-advance", "categoryKey": "mild_advance", "categoryLabel": {"en": "Mild phenological advance", "es": "Adelanto fenol\u00f3gico leve", "zh": "\u7269\u5019\u8f7b\u5fae\u63d0\u524d", "ro": "Avans fenologic u\u0219or"}, "pci_value": -0.33558395504951477, "policyRelevance": ["https://maytetoscano.github.io/Bioclima_OGC/def/policy/kmgbf-target-1", "https://maytetoscano.github.io/Bioclima_OGC/def/policy/kmgbf-target-8"]}}, {"type": "Feature", "id": "zone-00750", "geometry": {"type": "Polygon", "coordinates": [[[26.329168893880972, 67.60014775138664], [26.39580650996186, 67.60014775138664], [26.39580650996186, 67.66690630309544], [26.329168893880972, 67.66690630309544], [26.329168893880972, 67.60014775138664]]]}, "properties": {"category": "https://maytetoscano.github.io/Bioclima_OGC/def/indicator/zone-mild-advance", "categoryKey": "mild_advance", "categoryLabel": {"en": "Mild phenological advance", "es": "Adelanto fenol\u00f3gico leve", "zh": "\u7269\u5019\u8f7b\u5fae\u63d0\u524d", "ro": "Avans fenologic u\u0219or"}, "pci_value": -0.34530109167099, "policyRelevance": ["https://maytetoscano.github.io/Bioclima_OGC/def/policy/kmgbf-target-1", "https://maytetoscano.github.io/Bioclima_OGC/def/policy/kmgbf-target-8"]}}, {"type": "Feature", "id": "zone-00751", "geometry": {"type": "Polygon", "coordinates": [[[26.595719358204537, 67.60014775138664], [26.662356974285427, 67.60014775138664], [26.662356974285427, 67.66690630309544], [26.595719358204537, 67.66690630309544], [26.595719358204537, 67.60014775138664]]]}, "properties": {"category": "https://maytetoscano.github.io/Bioclima_OGC/def/indicator/zone-mild-advance", "categoryKey": "mild_advance", "categoryLabel": {"en": "Mild phenological advance", "es": "Adelanto fenol\u00f3gico leve", "zh": "\u7269\u5019\u8f7b\u5fae\u63d0\u524d", "ro": "Avans fenologic u\u0219or"}, "pci_value": -0.36710765957832336, "policyRelevance": ["https://maytetoscano.github.io/Bioclima_OGC/def/policy/kmgbf-target-1", "https://maytetoscano.github.io/Bioclima_OGC/def/policy/kmgbf-target-8"]}}, {"type": "Feature", "id": "zone-00752", "geometry": {"type": "Polygon", "coordinates": [[[26.862269822528102, 67.60014775138664], [26.92890743860899, 67.60014775138664], [26.92890743860899, 67.66690630309544], [26.862269822528102, 67.66690630309544], [26.862269822528102, 67.60014775138664]]]}, "properties": {"category": "https://maytetoscano.github.io/Bioclima_OGC/def/indicator/zone-mild-advance", "categoryKey": "mild_advance", "categoryLabel": {"en": "Mild phenological advance", "es": "Adelanto fenol\u00f3gico leve", "zh": "\u7269\u5019\u8f7b\u5fae\u63d0\u524d", "ro": "Avans fenologic u\u0219or"}, "pci_value": -0.3806113004684448, "policyRelevance": ["https://maytetoscano.github.io/Bioclima_OGC/def/policy/kmgbf-target-1", "https://maytetoscano.github.io/Bioclima_OGC/def/policy/kmgbf-target-8"]}}, {"type": "Feature", "id": "zone-00753", "geometry": {"type": "Polygon", "coordinates": [[[27.128820286851663, 67.60014775138664], [27.195457902932553, 67.60014775138664], [27.195457902932553, 67.66690630309544], [27.128820286851663, 67.66690630309544], [27.128820286851663, 67.60014775138664]]]}, "properties": {"category": "https://maytetoscano.github.io/Bioclima_OGC/def/indicator/zone-strong-advance", "categoryKey": "strong_advance", "categoryLabel": {"en": "Strong phenological advance", "es": "Adelanto fenol\u00f3gico fuerte", "zh": "\u7269\u5019\u5f3a\u70c8\u63d0\u524d", "ro": "Avans fenologic puternic"}, "pci_value": -0.5146441459655762, "policyRelevance": ["https://maytetoscano.github.io/Bioclima_OGC/def/policy/kmgbf-target-1", "https://maytetoscano.github.io/Bioclima_OGC/def/policy/kmgbf-target-8"]}}, {"type": "Feature", "id": "zone-00754", "geometry": {"type": "Polygon", "coordinates": [[[27.395370751175225, 67.60014775138664], [27.462008367256114, 67.60014775138664], [27.462008367256114, 67.66690630309544], [27.395370751175225, 67.66690630309544], [27.395370751175225, 67.60014775138664]]]}, "properties": {"category": "https://maytetoscano.github.io/Bioclima_OGC/def/indicator/zone-mild-advance", "categoryKey": "mild_advance", "categoryLabel": {"en": "Mild phenological advance", "es": "Adelanto fenol\u00f3gico leve", "zh": "\u7269\u5019\u8f7b\u5fae\u63d0\u524d", "ro": "Avans fenologic u\u0219or"}, "pci_value": -0.35697993636131287, "policyRelevance": ["https://maytetoscano.github.io/Bioclima_OGC/def/policy/kmgbf-target-1", "https://maytetoscano.github.io/Bioclima_OGC/def/policy/kmgbf-target-8"]}}, {"type": "Feature", "id": "zone-00755", "geometry": {"type": "Polygon", "coordinates": [[[27.66192121549879, 67.60014775138664], [27.72855883157968, 67.60014775138664], [27.72855883157968, 67.66690630309544], [27.66192121549879, 67.66690630309544], [27.66192121549879, 67.60014775138664]]]}, "properties": {"category": "https://maytetoscano.github.io/Bioclima_OGC/def/indicator/zone-mild-advance", "categoryKey": "mild_advance", "categoryLabel": {"en": "Mild phenological advance", "es": "Adelanto fenol\u00f3gico leve", "zh": "\u7269\u5019\u8f7b\u5fae\u63d0\u524d", "ro": "Avans fenologic u\u0219or"}, "pci_value": -0.4058850407600403, "policyRelevance": ["https://maytetoscano.github.io/Bioclima_OGC/def/policy/kmgbf-target-1", "https://maytetoscano.github.io/Bioclima_OGC/def/policy/kmgbf-target-8"]}}, {"type": "Feature", "id": "zone-00756", "geometry": {"type": "Polygon", "coordinates": [[[28.46157260846948, 67.60014775138664], [28.52821022455037, 67.60014775138664], [28.52821022455037, 67.66690630309544], [28.46157260846948, 67.66690630309544], [28.46157260846948, 67.60014775138664]]]}, "properties": {"category": "https://maytetoscano.github.io/Bioclima_OGC/def/indicator/zone-mild-advance", "categoryKey": "mild_advance", "categoryLabel": {"en": "Mild phenological advance", "es": "Adelanto fenol\u00f3gico leve", "zh": "\u7269\u5019\u8f7b\u5fae\u63d0\u524d", "ro": "Avans fenologic u\u0219or"}, "pci_value": -0.45679745078086853, "policyRelevance": ["https://maytetoscano.github.io/Bioclima_OGC/def/policy/kmgbf-target-1", "https://maytetoscano.github.io/Bioclima_OGC/def/policy/kmgbf-target-8"]}}, {"type": "Feature", "id": "zone-00757", "geometry": {"type": "Polygon", "coordinates": [[[28.728123072793043, 67.60014775138664], [28.794760688873932, 67.60014775138664], [28.794760688873932, 67.66690630309544], [28.728123072793043, 67.66690630309544], [28.728123072793043, 67.60014775138664]]]}, "properties": {"category": "https://maytetoscano.github.io/Bioclima_OGC/def/indicator/zone-mild-advance", "categoryKey": "mild_advance", "categoryLabel": {"en": "Mild phenological advance", "es": "Adelanto fenol\u00f3gico leve", "zh": "\u7269\u5019\u8f7b\u5fae\u63d0\u524d", "ro": "Avans fenologic u\u0219or"}, "pci_value": -0.22135037183761597, "policyRelevance": ["https://maytetoscano.github.io/Bioclima_OGC/def/policy/kmgbf-target-1", "https://maytetoscano.github.io/Bioclima_OGC/def/policy/kmgbf-target-8"]}}, {"type": "Feature", "id": "zone-00758", "geometry": {"type": "Polygon", "coordinates": [[[28.994673537116608, 67.60014775138664], [29.061311153197497, 67.60014775138664], [29.061311153197497, 67.66690630309544], [28.994673537116608, 67.66690630309544], [28.994673537116608, 67.60014775138664]]]}, "properties": {"category": "https://maytetoscano.github.io/Bioclima_OGC/def/indicator/zone-stable", "categoryKey": "stable", "categoryLabel": {"en": "Stable phenology zone", "es": "Zona de fenolog\u00eda estable", "zh": "\u7269\u5019\u7a33\u5b9a\u533a", "ro": "Zon\u0103 cu fenologie stabil\u0103"}, "pci_value": -0.1526459902524948, "policyRelevance": ["https://maytetoscano.github.io/Bioclima_OGC/def/policy/kmgbf-target-1", "https://maytetoscano.github.io/Bioclima_OGC/def/policy/kmgbf-target-8"]}}, {"type": "Feature", "id": "zone-00759", "geometry": {"type": "Polygon", "coordinates": [[[29.261224001440173, 67.60014775138664], [29.327861617521062, 67.60014775138664], [29.327861617521062, 67.66690630309544], [29.261224001440173, 67.66690630309544], [29.261224001440173, 67.60014775138664]]]}, "properties": {"category": "https://maytetoscano.github.io/Bioclima_OGC/def/indicator/zone-mild-advance", "categoryKey": "mild_advance", "categoryLabel": {"en": "Mild phenological advance", "es": "Adelanto fenol\u00f3gico leve", "zh": "\u7269\u5019\u8f7b\u5fae\u63d0\u524d", "ro": "Avans fenologic u\u0219or"}, "pci_value": -0.2133667916059494, "policyRelevance": ["https://maytetoscano.github.io/Bioclima_OGC/def/policy/kmgbf-target-1", "https://maytetoscano.github.io/Bioclima_OGC/def/policy/kmgbf-target-8"]}}, {"type": "Feature", "id": "zone-00760", "geometry": {"type": "Polygon", "coordinates": [[[21.26471007173327, 67.86718195822189], [21.33134768781416, 67.86718195822189], [21.33134768781416, 67.9339405099307], [21.26471007173327, 67.9339405099307], [21.26471007173327, 67.86718195822189]]]}, "properties": {"category": "https://maytetoscano.github.io/Bioclima_OGC/def/indicator/zone-mild-advance", "categoryKey": "mild_advance", "categoryLabel": {"en": "Mild phenological advance", "es": "Adelanto fenol\u00f3gico leve", "zh": "\u7269\u5019\u8f7b\u5fae\u63d0\u524d", "ro": "Avans fenologic u\u0219or"}, "pci_value": -0.4091697037220001, "policyRelevance": ["https://maytetoscano.github.io/Bioclima_OGC/def/policy/kmgbf-target-1", "https://maytetoscano.github.io/Bioclima_OGC/def/policy/kmgbf-target-8"]}}, {"type": "Feature", "id": "zone-00761", "geometry": {"type": "Polygon", "coordinates": [[[21.53126053605683, 67.86718195822189], [21.59789815213772, 67.86718195822189], [21.59789815213772, 67.9339405099307], [21.53126053605683, 67.9339405099307], [21.53126053605683, 67.86718195822189]]]}, "properties": {"category": "https://maytetoscano.github.io/Bioclima_OGC/def/indicator/zone-mild-advance", "categoryKey": "mild_advance", "categoryLabel": {"en": "Mild phenological advance", "es": "Adelanto fenol\u00f3gico leve", "zh": "\u7269\u5019\u8f7b\u5fae\u63d0\u524d", "ro": "Avans fenologic u\u0219or"}, "pci_value": -0.36099451780319214, "policyRelevance": ["https://maytetoscano.github.io/Bioclima_OGC/def/policy/kmgbf-target-1", "https://maytetoscano.github.io/Bioclima_OGC/def/policy/kmgbf-target-8"]}}, {"type": "Feature", "id": "zone-00762", "geometry": {"type": "Polygon", "coordinates": [[[21.797811000380396, 67.86718195822189], [21.864448616461285, 67.86718195822189], [21.864448616461285, 67.9339405099307], [21.797811000380396, 67.9339405099307], [21.797811000380396, 67.86718195822189]]]}, "properties": {"category": "https://maytetoscano.github.io/Bioclima_OGC/def/indicator/zone-mild-advance", "categoryKey": "mild_advance", "categoryLabel": {"en": "Mild phenological advance", "es": "Adelanto fenol\u00f3gico leve", "zh": "\u7269\u5019\u8f7b\u5fae\u63d0\u524d", "ro": "Avans fenologic u\u0219or"}, "pci_value": -0.3913777470588684, "policyRelevance": ["https://maytetoscano.github.io/Bioclima_OGC/def/policy/kmgbf-target-1", "https://maytetoscano.github.io/Bioclima_OGC/def/policy/kmgbf-target-8"]}}, {"type": "Feature", "id": "zone-00763", "geometry": {"type": "Polygon", "coordinates": [[[22.06436146470396, 67.86718195822189], [22.13099908078485, 67.86718195822189], [22.13099908078485, 67.9339405099307], [22.06436146470396, 67.9339405099307], [22.06436146470396, 67.86718195822189]]]}, "properties": {"category": "https://maytetoscano.github.io/Bioclima_OGC/def/indicator/zone-mild-advance", "categoryKey": "mild_advance", "categoryLabel": {"en": "Mild phenological advance", "es": "Adelanto fenol\u00f3gico leve", "zh": "\u7269\u5019\u8f7b\u5fae\u63d0\u524d", "ro": "Avans fenologic u\u0219or"}, "pci_value": -0.30579379200935364, "policyRelevance": ["https://maytetoscano.github.io/Bioclima_OGC/def/policy/kmgbf-target-1", "https://maytetoscano.github.io/Bioclima_OGC/def/policy/kmgbf-target-8"]}}, {"type": "Feature", "id": "zone-00764", "geometry": {"type": "Polygon", "coordinates": [[[22.330911929027522, 67.86718195822189], [22.39754954510841, 67.86718195822189], [22.39754954510841, 67.9339405099307], [22.330911929027522, 67.9339405099307], [22.330911929027522, 67.86718195822189]]]}, "properties": {"category": "https://maytetoscano.github.io/Bioclima_OGC/def/indicator/zone-mild-advance", "categoryKey": "mild_advance", "categoryLabel": {"en": "Mild phenological advance", "es": "Adelanto fenol\u00f3gico leve", "zh": "\u7269\u5019\u8f7b\u5fae\u63d0\u524d", "ro": "Avans fenologic u\u0219or"}, "pci_value": -0.3156934380531311, "policyRelevance": ["https://maytetoscano.github.io/Bioclima_OGC/def/policy/kmgbf-target-1", "https://maytetoscano.github.io/Bioclima_OGC/def/policy/kmgbf-target-8"]}}, {"type": "Feature", "id": "zone-00765", "geometry": {"type": "Polygon", "coordinates": [[[22.597462393351083, 67.86718195822189], [22.664100009431973, 67.86718195822189], [22.664100009431973, 67.9339405099307], [22.597462393351083, 67.9339405099307], [22.597462393351083, 67.86718195822189]]]}, "properties": {"category": "https://maytetoscano.github.io/Bioclima_OGC/def/indicator/zone-mild-advance", "categoryKey": "mild_advance", "categoryLabel": {"en": "Mild phenological advance", "es": "Adelanto fenol\u00f3gico leve", "zh": "\u7269\u5019\u8f7b\u5fae\u63d0\u524d", "ro": "Avans fenologic u\u0219or"}, "pci_value": -0.2839415967464447, "policyRelevance": ["https://maytetoscano.github.io/Bioclima_OGC/def/policy/kmgbf-target-1", "https://maytetoscano.github.io/Bioclima_OGC/def/policy/kmgbf-target-8"]}}, {"type": "Feature", "id": "zone-00766", "geometry": {"type": "Polygon", "coordinates": [[[22.86401285767465, 67.86718195822189], [22.930650473755538, 67.86718195822189], [22.930650473755538, 67.9339405099307], [22.86401285767465, 67.9339405099307], [22.86401285767465, 67.86718195822189]]]}, "properties": {"category": "https://maytetoscano.github.io/Bioclima_OGC/def/indicator/zone-mild-advance", "categoryKey": "mild_advance", "categoryLabel": {"en": "Mild phenological advance", "es": "Adelanto fenol\u00f3gico leve", "zh": "\u7269\u5019\u8f7b\u5fae\u63d0\u524d", "ro": "Avans fenologic u\u0219or"}, "pci_value": -0.27249088883399963, "policyRelevance": ["https://maytetoscano.github.io/Bioclima_OGC/def/policy/kmgbf-target-1", "https://maytetoscano.github.io/Bioclima_OGC/def/policy/kmgbf-target-8"]}}, {"type": "Feature", "id": "zone-00767", "geometry": {"type": "Polygon", "coordinates": [[[23.130563321998213, 67.86718195822189], [23.197200938079103, 67.86718195822189], [23.197200938079103, 67.9339405099307], [23.130563321998213, 67.9339405099307], [23.130563321998213, 67.86718195822189]]]}, "properties": {"category": "https://maytetoscano.github.io/Bioclima_OGC/def/indicator/zone-mild-advance", "categoryKey": "mild_advance", "categoryLabel": {"en": "Mild phenological advance", "es": "Adelanto fenol\u00f3gico leve", "zh": "\u7269\u5019\u8f7b\u5fae\u63d0\u524d", "ro": "Avans fenologic u\u0219or"}, "pci_value": -0.312773734331131, "policyRelevance": ["https://maytetoscano.github.io/Bioclima_OGC/def/policy/kmgbf-target-1", "https://maytetoscano.github.io/Bioclima_OGC/def/policy/kmgbf-target-8"]}}, {"type": "Feature", "id": "zone-00768", "geometry": {"type": "Polygon", "coordinates": [[[23.397113786321775, 67.86718195822189], [23.463751402402664, 67.86718195822189], [23.463751402402664, 67.9339405099307], [23.397113786321775, 67.9339405099307], [23.397113786321775, 67.86718195822189]]]}, "properties": {"category": "https://maytetoscano.github.io/Bioclima_OGC/def/indicator/zone-mild-advance", "categoryKey": "mild_advance", "categoryLabel": {"en": "Mild phenological advance", "es": "Adelanto fenol\u00f3gico leve", "zh": "\u7269\u5019\u8f7b\u5fae\u63d0\u524d", "ro": "Avans fenologic u\u0219or"}, "pci_value": -0.3358120322227478, "policyRelevance": ["https://maytetoscano.github.io/Bioclima_OGC/def/policy/kmgbf-target-1", "https://maytetoscano.github.io/Bioclima_OGC/def/policy/kmgbf-target-8"]}}, {"type": "Feature", "id": "zone-00769", "geometry": {"type": "Polygon", "coordinates": [[[23.663664250645336, 67.86718195822189], [23.730301866726226, 67.86718195822189], [23.730301866726226, 67.9339405099307], [23.663664250645336, 67.9339405099307], [23.663664250645336, 67.86718195822189]]]}, "properties": {"category": "https://maytetoscano.github.io/Bioclima_OGC/def/indicator/zone-mild-advance", "categoryKey": "mild_advance", "categoryLabel": {"en": "Mild phenological advance", "es": "Adelanto fenol\u00f3gico leve", "zh": "\u7269\u5019\u8f7b\u5fae\u63d0\u524d", "ro": "Avans fenologic u\u0219or"}, "pci_value": -0.34484487771987915, "policyRelevance": ["https://maytetoscano.github.io/Bioclima_OGC/def/policy/kmgbf-target-1", "https://maytetoscano.github.io/Bioclima_OGC/def/policy/kmgbf-target-8"]}}, {"type": "Feature", "id": "zone-00770", "geometry": {"type": "Polygon", "coordinates": [[[23.9302147149689, 67.86718195822189], [23.99685233104979, 67.86718195822189], [23.99685233104979, 67.9339405099307], [23.9302147149689, 67.9339405099307], [23.9302147149689, 67.86718195822189]]]}, "properties": {"category": "https://maytetoscano.github.io/Bioclima_OGC/def/indicator/zone-stable", "categoryKey": "stable", "categoryLabel": {"en": "Stable phenology zone", "es": "Zona de fenolog\u00eda estable", "zh": "\u7269\u5019\u7a33\u5b9a\u533a", "ro": "Zon\u0103 cu fenologie stabil\u0103"}, "pci_value": -0.0972171500325203, "policyRelevance": ["https://maytetoscano.github.io/Bioclima_OGC/def/policy/kmgbf-target-1", "https://maytetoscano.github.io/Bioclima_OGC/def/policy/kmgbf-target-8"]}}, {"type": "Feature", "id": "zone-00771", "geometry": {"type": "Polygon", "coordinates": [[[24.196765179292466, 67.86718195822189], [24.263402795373356, 67.86718195822189], [24.263402795373356, 67.9339405099307], [24.196765179292466, 67.9339405099307], [24.196765179292466, 67.86718195822189]]]}, "properties": {"category": "https://maytetoscano.github.io/Bioclima_OGC/def/indicator/zone-mild-advance", "categoryKey": "mild_advance", "categoryLabel": {"en": "Mild phenological advance", "es": "Adelanto fenol\u00f3gico leve", "zh": "\u7269\u5019\u8f7b\u5fae\u63d0\u524d", "ro": "Avans fenologic u\u0219or"}, "pci_value": -0.38325729966163635, "policyRelevance": ["https://maytetoscano.github.io/Bioclima_OGC/def/policy/kmgbf-target-1", "https://maytetoscano.github.io/Bioclima_OGC/def/policy/kmgbf-target-8"]}}, {"type": "Feature", "id": "zone-00772", "geometry": {"type": "Polygon", "coordinates": [[[24.46331564361603, 67.86718195822189], [24.52995325969692, 67.86718195822189], [24.52995325969692, 67.9339405099307], [24.46331564361603, 67.9339405099307], [24.46331564361603, 67.86718195822189]]]}, "properties": {"category": "https://maytetoscano.github.io/Bioclima_OGC/def/indicator/zone-mild-advance", "categoryKey": "mild_advance", "categoryLabel": {"en": "Mild phenological advance", "es": "Adelanto fenol\u00f3gico leve", "zh": "\u7269\u5019\u8f7b\u5fae\u63d0\u524d", "ro": "Avans fenologic u\u0219or"}, "pci_value": -0.35355839133262634, "policyRelevance": ["https://maytetoscano.github.io/Bioclima_OGC/def/policy/kmgbf-target-1", "https://maytetoscano.github.io/Bioclima_OGC/def/policy/kmgbf-target-8"]}}, {"type": "Feature", "id": "zone-00773", "geometry": {"type": "Polygon", "coordinates": [[[24.729866107939593, 67.86718195822189], [24.796503724020482, 67.86718195822189], [24.796503724020482, 67.9339405099307], [24.729866107939593, 67.9339405099307], [24.729866107939593, 67.86718195822189]]]}, "properties": {"category": "https://maytetoscano.github.io/Bioclima_OGC/def/indicator/zone-mild-advance", "categoryKey": "mild_advance", "categoryLabel": {"en": "Mild phenological advance", "es": "Adelanto fenol\u00f3gico leve", "zh": "\u7269\u5019\u8f7b\u5fae\u63d0\u524d", "ro": "Avans fenologic u\u0219or"}, "pci_value": -0.33841240406036377, "policyRelevance": ["https://maytetoscano.github.io/Bioclima_OGC/def/policy/kmgbf-target-1", "https://maytetoscano.github.io/Bioclima_OGC/def/policy/kmgbf-target-8"]}}, {"type": "Feature", "id": "zone-00774", "geometry": {"type": "Polygon", "coordinates": [[[24.996416572263154, 67.86718195822189], [25.063054188344044, 67.86718195822189], [25.063054188344044, 67.9339405099307], [24.996416572263154, 67.9339405099307], [24.996416572263154, 67.86718195822189]]]}, "properties": {"category": "https://maytetoscano.github.io/Bioclima_OGC/def/indicator/zone-mild-advance", "categoryKey": "mild_advance", "categoryLabel": {"en": "Mild phenological advance", "es": "Adelanto fenol\u00f3gico leve", "zh": "\u7269\u5019\u8f7b\u5fae\u63d0\u524d", "ro": "Avans fenologic u\u0219or"}, "pci_value": -0.40109488368034363, "policyRelevance": ["https://maytetoscano.github.io/Bioclima_OGC/def/policy/kmgbf-target-1", "https://maytetoscano.github.io/Bioclima_OGC/def/policy/kmgbf-target-8"]}}, {"type": "Feature", "id": "zone-00775", "geometry": {"type": "Polygon", "coordinates": [[[25.26296703658672, 67.86718195822189], [25.32960465266761, 67.86718195822189], [25.32960465266761, 67.9339405099307], [25.26296703658672, 67.9339405099307], [25.26296703658672, 67.86718195822189]]]}, "properties": {"category": "https://maytetoscano.github.io/Bioclima_OGC/def/indicator/zone-mild-advance", "categoryKey": "mild_advance", "categoryLabel": {"en": "Mild phenological advance", "es": "Adelanto fenol\u00f3gico leve", "zh": "\u7269\u5019\u8f7b\u5fae\u63d0\u524d", "ro": "Avans fenologic u\u0219or"}, "pci_value": -0.42349451780319214, "policyRelevance": ["https://maytetoscano.github.io/Bioclima_OGC/def/policy/kmgbf-target-1", "https://maytetoscano.github.io/Bioclima_OGC/def/policy/kmgbf-target-8"]}}, {"type": "Feature", "id": "zone-00776", "geometry": {"type": "Polygon", "coordinates": [[[25.529517500910284, 67.86718195822189], [25.596155116991174, 67.86718195822189], [25.596155116991174, 67.9339405099307], [25.529517500910284, 67.9339405099307], [25.529517500910284, 67.86718195822189]]]}, "properties": {"category": "https://maytetoscano.github.io/Bioclima_OGC/def/indicator/zone-mild-advance", "categoryKey": "mild_advance", "categoryLabel": {"en": "Mild phenological advance", "es": "Adelanto fenol\u00f3gico leve", "zh": "\u7269\u5019\u8f7b\u5fae\u63d0\u524d", "ro": "Avans fenologic u\u0219or"}, "pci_value": -0.3471715450286865, "policyRelevance": ["https://maytetoscano.github.io/Bioclima_OGC/def/policy/kmgbf-target-1", "https://maytetoscano.github.io/Bioclima_OGC/def/policy/kmgbf-target-8"]}}, {"type": "Feature", "id": "zone-00777", "geometry": {"type": "Polygon", "coordinates": [[[25.79606796523385, 67.86718195822189], [25.86270558131474, 67.86718195822189], [25.86270558131474, 67.9339405099307], [25.79606796523385, 67.9339405099307], [25.79606796523385, 67.86718195822189]]]}, "properties": {"category": "https://maytetoscano.github.io/Bioclima_OGC/def/indicator/zone-mild-advance", "categoryKey": "mild_advance", "categoryLabel": {"en": "Mild phenological advance", "es": "Adelanto fenol\u00f3gico leve", "zh": "\u7269\u5019\u8f7b\u5fae\u63d0\u524d", "ro": "Avans fenologic u\u0219or"}, "pci_value": -0.38120436668395996, "policyRelevance": ["https://maytetoscano.github.io/Bioclima_OGC/def/policy/kmgbf-target-1", "https://maytetoscano.github.io/Bioclima_OGC/def/policy/kmgbf-target-8"]}}, {"type": "Feature", "id": "zone-00778", "geometry": {"type": "Polygon", "coordinates": [[[26.06261842955741, 67.86718195822189], [26.1292560456383, 67.86718195822189], [26.1292560456383, 67.9339405099307], [26.06261842955741, 67.9339405099307], [26.06261842955741, 67.86718195822189]]]}, "properties": {"category": "https://maytetoscano.github.io/Bioclima_OGC/def/indicator/zone-mild-advance", "categoryKey": "mild_advance", "categoryLabel": {"en": "Mild phenological advance", "es": "Adelanto fenol\u00f3gico leve", "zh": "\u7269\u5019\u8f7b\u5fae\u63d0\u524d", "ro": "Avans fenologic u\u0219or"}, "pci_value": -0.21354927122592926, "policyRelevance": ["https://maytetoscano.github.io/Bioclima_OGC/def/policy/kmgbf-target-1", "https://maytetoscano.github.io/Bioclima_OGC/def/policy/kmgbf-target-8"]}}, {"type": "Feature", "id": "zone-00779", "geometry": {"type": "Polygon", "coordinates": [[[26.329168893880972, 67.86718195822189], [26.39580650996186, 67.86718195822189], [26.39580650996186, 67.9339405099307], [26.329168893880972, 67.9339405099307], [26.329168893880972, 67.86718195822189]]]}, "properties": {"category": "https://maytetoscano.github.io/Bioclima_OGC/def/indicator/zone-mild-advance", "categoryKey": "mild_advance", "categoryLabel": {"en": "Mild phenological advance", "es": "Adelanto fenol\u00f3gico leve", "zh": "\u7269\u5019\u8f7b\u5fae\u63d0\u524d", "ro": "Avans fenologic u\u0219or"}, "pci_value": -0.2432025521993637, "policyRelevance": ["https://maytetoscano.github.io/Bioclima_OGC/def/policy/kmgbf-target-1", "https://maytetoscano.github.io/Bioclima_OGC/def/policy/kmgbf-target-8"]}}, {"type": "Feature", "id": "zone-00780", "geometry": {"type": "Polygon", "coordinates": [[[26.595719358204537, 67.86718195822189], [26.662356974285427, 67.86718195822189], [26.662356974285427, 67.9339405099307], [26.595719358204537, 67.9339405099307], [26.595719358204537, 67.86718195822189]]]}, "properties": {"category": "https://maytetoscano.github.io/Bioclima_OGC/def/indicator/zone-mild-advance", "categoryKey": "mild_advance", "categoryLabel": {"en": "Mild phenological advance", "es": "Adelanto fenol\u00f3gico leve", "zh": "\u7269\u5019\u8f7b\u5fae\u63d0\u524d", "ro": "Avans fenologic u\u0219or"}, "pci_value": -0.41541969776153564, "policyRelevance": ["https://maytetoscano.github.io/Bioclima_OGC/def/policy/kmgbf-target-1", "https://maytetoscano.github.io/Bioclima_OGC/def/policy/kmgbf-target-8"]}}, {"type": "Feature", "id": "zone-00781", "geometry": {"type": "Polygon", "coordinates": [[[26.862269822528102, 67.86718195822189], [26.92890743860899, 67.86718195822189], [26.92890743860899, 67.9339405099307], [26.862269822528102, 67.9339405099307], [26.862269822528102, 67.86718195822189]]]}, "properties": {"category": "https://maytetoscano.github.io/Bioclima_OGC/def/indicator/zone-mild-advance", "categoryKey": "mild_advance", "categoryLabel": {"en": "Mild phenological advance", "es": "Adelanto fenol\u00f3gico leve", "zh": "\u7269\u5019\u8f7b\u5fae\u63d0\u524d", "ro": "Avans fenologic u\u0219or"}, "pci_value": -0.32025548815727234, "policyRelevance": ["https://maytetoscano.github.io/Bioclima_OGC/def/policy/kmgbf-target-1", "https://maytetoscano.github.io/Bioclima_OGC/def/policy/kmgbf-target-8"]}}, {"type": "Feature", "id": "zone-00782", "geometry": {"type": "Polygon", "coordinates": [[[27.128820286851663, 67.86718195822189], [27.195457902932553, 67.86718195822189], [27.195457902932553, 67.9339405099307], [27.128820286851663, 67.9339405099307], [27.128820286851663, 67.86718195822189]]]}, "properties": {"category": "https://maytetoscano.github.io/Bioclima_OGC/def/indicator/zone-mild-advance", "categoryKey": "mild_advance", "categoryLabel": {"en": "Mild phenological advance", "es": "Adelanto fenol\u00f3gico leve", "zh": "\u7269\u5019\u8f7b\u5fae\u63d0\u524d", "ro": "Avans fenologic u\u0219or"}, "pci_value": -0.3542427122592926, "policyRelevance": ["https://maytetoscano.github.io/Bioclima_OGC/def/policy/kmgbf-target-1", "https://maytetoscano.github.io/Bioclima_OGC/def/policy/kmgbf-target-8"]}}, {"type": "Feature", "id": "zone-00783", "geometry": {"type": "Polygon", "coordinates": [[[27.395370751175225, 67.86718195822189], [27.462008367256114, 67.86718195822189], [27.462008367256114, 67.9339405099307], [27.395370751175225, 67.9339405099307], [27.395370751175225, 67.86718195822189]]]}, "properties": {"category": "https://maytetoscano.github.io/Bioclima_OGC/def/indicator/zone-mild-advance", "categoryKey": "mild_advance", "categoryLabel": {"en": "Mild phenological advance", "es": "Adelanto fenol\u00f3gico leve", "zh": "\u7269\u5019\u8f7b\u5fae\u63d0\u524d", "ro": "Avans fenologic u\u0219or"}, "pci_value": -0.41081205010414124, "policyRelevance": ["https://maytetoscano.github.io/Bioclima_OGC/def/policy/kmgbf-target-1", "https://maytetoscano.github.io/Bioclima_OGC/def/policy/kmgbf-target-8"]}}, {"type": "Feature", "id": "zone-00784", "geometry": {"type": "Polygon", "coordinates": [[[27.66192121549879, 67.86718195822189], [27.72855883157968, 67.86718195822189], [27.72855883157968, 67.9339405099307], [27.66192121549879, 67.9339405099307], [27.66192121549879, 67.86718195822189]]]}, "properties": {"category": "https://maytetoscano.github.io/Bioclima_OGC/def/indicator/zone-mild-advance", "categoryKey": "mild_advance", "categoryLabel": {"en": "Mild phenological advance", "es": "Adelanto fenol\u00f3gico leve", "zh": "\u7269\u5019\u8f7b\u5fae\u63d0\u524d", "ro": "Avans fenologic u\u0219or"}, "pci_value": -0.4241788387298584, "policyRelevance": ["https://maytetoscano.github.io/Bioclima_OGC/def/policy/kmgbf-target-1", "https://maytetoscano.github.io/Bioclima_OGC/def/policy/kmgbf-target-8"]}}, {"type": "Feature", "id": "zone-00785", "geometry": {"type": "Polygon", "coordinates": [[[27.928471679822355, 67.86718195822189], [27.995109295903244, 67.86718195822189], [27.995109295903244, 67.9339405099307], [27.928471679822355, 67.9339405099307], [27.928471679822355, 67.86718195822189]]]}, "properties": {"category": "https://maytetoscano.github.io/Bioclima_OGC/def/indicator/zone-mild-advance", "categoryKey": "mild_advance", "categoryLabel": {"en": "Mild phenological advance", "es": "Adelanto fenol\u00f3gico leve", "zh": "\u7269\u5019\u8f7b\u5fae\u63d0\u524d", "ro": "Avans fenologic u\u0219or"}, "pci_value": -0.34484487771987915, "policyRelevance": ["https://maytetoscano.github.io/Bioclima_OGC/def/policy/kmgbf-target-1", "https://maytetoscano.github.io/Bioclima_OGC/def/policy/kmgbf-target-8"]}}, {"type": "Feature", "id": "zone-00786", "geometry": {"type": "Polygon", "coordinates": [[[28.19502214414592, 67.86718195822189], [28.26165976022681, 67.86718195822189], [28.26165976022681, 67.9339405099307], [28.19502214414592, 67.9339405099307], [28.19502214414592, 67.86718195822189]]]}, "properties": {"category": "https://maytetoscano.github.io/Bioclima_OGC/def/indicator/zone-mild-advance", "categoryKey": "mild_advance", "categoryLabel": {"en": "Mild phenological advance", "es": "Adelanto fenol\u00f3gico leve", "zh": "\u7269\u5019\u8f7b\u5fae\u63d0\u524d", "ro": "Avans fenologic u\u0219or"}, "pci_value": -0.43102189898490906, "policyRelevance": ["https://maytetoscano.github.io/Bioclima_OGC/def/policy/kmgbf-target-1", "https://maytetoscano.github.io/Bioclima_OGC/def/policy/kmgbf-target-8"]}}, {"type": "Feature", "id": "zone-00787", "geometry": {"type": "Polygon", "coordinates": [[[28.46157260846948, 67.86718195822189], [28.52821022455037, 67.86718195822189], [28.52821022455037, 67.9339405099307], [28.46157260846948, 67.9339405099307], [28.46157260846948, 67.86718195822189]]]}, "properties": {"category": "https://maytetoscano.github.io/Bioclima_OGC/def/indicator/zone-mild-advance", "categoryKey": "mild_advance", "categoryLabel": {"en": "Mild phenological advance", "es": "Adelanto fenol\u00f3gico leve", "zh": "\u7269\u5019\u8f7b\u5fae\u63d0\u524d", "ro": "Avans fenologic u\u0219or"}, "pci_value": -0.4464872181415558, "policyRelevance": ["https://maytetoscano.github.io/Bioclima_OGC/def/policy/kmgbf-target-1", "https://maytetoscano.github.io/Bioclima_OGC/def/policy/kmgbf-target-8"]}}, {"type": "Feature", "id": "zone-00788", "geometry": {"type": "Polygon", "coordinates": [[[21.53126053605683, 68.13421616505713], [21.59789815213772, 68.13421616505713], [21.59789815213772, 68.20097471676593], [21.53126053605683, 68.20097471676593], [21.53126053605683, 68.13421616505713]]]}, "properties": {"category": "https://maytetoscano.github.io/Bioclima_OGC/def/indicator/zone-mild-advance", "categoryKey": "mild_advance", "categoryLabel": {"en": "Mild phenological advance", "es": "Adelanto fenol\u00f3gico leve", "zh": "\u7269\u5019\u8f7b\u5fae\u63d0\u524d", "ro": "Avans fenologic u\u0219or"}, "pci_value": -0.38955292105674744, "policyRelevance": ["https://maytetoscano.github.io/Bioclima_OGC/def/policy/kmgbf-target-1", "https://maytetoscano.github.io/Bioclima_OGC/def/policy/kmgbf-target-8"]}}, {"type": "Feature", "id": "zone-00789", "geometry": {"type": "Polygon", "coordinates": [[[21.797811000380396, 68.13421616505713], [21.864448616461285, 68.13421616505713], [21.864448616461285, 68.20097471676593], [21.797811000380396, 68.20097471676593], [21.797811000380396, 68.13421616505713]]]}, "properties": {"category": "https://maytetoscano.github.io/Bioclima_OGC/def/indicator/zone-mild-advance", "categoryKey": "mild_advance", "categoryLabel": {"en": "Mild phenological advance", "es": "Adelanto fenol\u00f3gico leve", "zh": "\u7269\u5019\u8f7b\u5fae\u63d0\u524d", "ro": "Avans fenologic u\u0219or"}, "pci_value": -0.363503634929657, "policyRelevance": ["https://maytetoscano.github.io/Bioclima_OGC/def/policy/kmgbf-target-1", "https://maytetoscano.github.io/Bioclima_OGC/def/policy/kmgbf-target-8"]}}, {"type": "Feature", "id": "zone-00790", "geometry": {"type": "Polygon", "coordinates": [[[22.06436146470396, 68.13421616505713], [22.13099908078485, 68.13421616505713], [22.13099908078485, 68.20097471676593], [22.06436146470396, 68.20097471676593], [22.06436146470396, 68.13421616505713]]]}, "properties": {"category": "https://maytetoscano.github.io/Bioclima_OGC/def/indicator/zone-mild-advance", "categoryKey": "mild_advance", "categoryLabel": {"en": "Mild phenological advance", "es": "Adelanto fenol\u00f3gico leve", "zh": "\u7269\u5019\u8f7b\u5fae\u63d0\u524d", "ro": "Avans fenologic u\u0219or"}, "pci_value": -0.35109490156173706, "policyRelevance": ["https://maytetoscano.github.io/Bioclima_OGC/def/policy/kmgbf-target-1", "https://maytetoscano.github.io/Bioclima_OGC/def/policy/kmgbf-target-8"]}}, {"type": "Feature", "id": "zone-00791", "geometry": {"type": "Polygon", "coordinates": [[[22.330911929027522, 68.13421616505713], [22.39754954510841, 68.13421616505713], [22.39754954510841, 68.20097471676593], [22.330911929027522, 68.20097471676593], [22.330911929027522, 68.13421616505713]]]}, "properties": {"category": "https://maytetoscano.github.io/Bioclima_OGC/def/indicator/zone-mild-advance", "categoryKey": "mild_advance", "categoryLabel": {"en": "Mild phenological advance", "es": "Adelanto fenol\u00f3gico leve", "zh": "\u7269\u5019\u8f7b\u5fae\u63d0\u524d", "ro": "Avans fenologic u\u0219or"}, "pci_value": -0.25428831577301025, "policyRelevance": ["https://maytetoscano.github.io/Bioclima_OGC/def/policy/kmgbf-target-1", "https://maytetoscano.github.io/Bioclima_OGC/def/policy/kmgbf-target-8"]}}, {"type": "Feature", "id": "zone-00792", "geometry": {"type": "Polygon", "coordinates": [[[22.597462393351083, 68.13421616505713], [22.664100009431973, 68.13421616505713], [22.664100009431973, 68.20097471676593], [22.597462393351083, 68.20097471676593], [22.597462393351083, 68.13421616505713]]]}, "properties": {"category": "https://maytetoscano.github.io/Bioclima_OGC/def/indicator/zone-mild-advance", "categoryKey": "mild_advance", "categoryLabel": {"en": "Mild phenological advance", "es": "Adelanto fenol\u00f3gico leve", "zh": "\u7269\u5019\u8f7b\u5fae\u63d0\u524d", "ro": "Avans fenologic u\u0219or"}, "pci_value": -0.2117244452238083, "policyRelevance": ["https://maytetoscano.github.io/Bioclima_OGC/def/policy/kmgbf-target-1", "https://maytetoscano.github.io/Bioclima_OGC/def/policy/kmgbf-target-8"]}}, {"type": "Feature", "id": "zone-00793", "geometry": {"type": "Polygon", "coordinates": [[[22.86401285767465, 68.13421616505713], [22.930650473755538, 68.13421616505713], [22.930650473755538, 68.20097471676593], [22.86401285767465, 68.20097471676593], [22.86401285767465, 68.13421616505713]]]}, "properties": {"category": "https://maytetoscano.github.io/Bioclima_OGC/def/indicator/zone-stable", "categoryKey": "stable", "categoryLabel": {"en": "Stable phenology zone", "es": "Zona de fenolog\u00eda estable", "zh": "\u7269\u5019\u7a33\u5b9a\u533a", "ro": "Zon\u0103 cu fenologie stabil\u0103"}, "pci_value": -0.16338518261909485, "policyRelevance": ["https://maytetoscano.github.io/Bioclima_OGC/def/policy/kmgbf-target-1", "https://maytetoscano.github.io/Bioclima_OGC/def/policy/kmgbf-target-8"]}}, {"type": "Feature", "id": "zone-00794", "geometry": {"type": "Polygon", "coordinates": [[[23.130563321998213, 68.13421616505713], [23.197200938079103, 68.13421616505713], [23.197200938079103, 68.20097471676593], [23.130563321998213, 68.20097471676593], [23.130563321998213, 68.13421616505713]]]}, "properties": {"category": "https://maytetoscano.github.io/Bioclima_OGC/def/indicator/zone-mild-advance", "categoryKey": "mild_advance", "categoryLabel": {"en": "Mild phenological advance", "es": "Adelanto fenol\u00f3gico leve", "zh": "\u7269\u5019\u8f7b\u5fae\u63d0\u524d", "ro": "Avans fenologic u\u0219or"}, "pci_value": -0.3441149592399597, "policyRelevance": ["https://maytetoscano.github.io/Bioclima_OGC/def/policy/kmgbf-target-1", "https://maytetoscano.github.io/Bioclima_OGC/def/policy/kmgbf-target-8"]}}, {"type": "Feature", "id": "zone-00795", "geometry": {"type": "Polygon", "coordinates": [[[23.397113786321775, 68.13421616505713], [23.463751402402664, 68.13421616505713], [23.463751402402664, 68.20097471676593], [23.397113786321775, 68.20097471676593], [23.397113786321775, 68.13421616505713]]]}, "properties": {"category": "https://maytetoscano.github.io/Bioclima_OGC/def/indicator/zone-mild-advance", "categoryKey": "mild_advance", "categoryLabel": {"en": "Mild phenological advance", "es": "Adelanto fenol\u00f3gico leve", "zh": "\u7269\u5019\u8f7b\u5fae\u63d0\u524d", "ro": "Avans fenologic u\u0219or"}, "pci_value": -0.2908759117126465, "policyRelevance": ["https://maytetoscano.github.io/Bioclima_OGC/def/policy/kmgbf-target-1", "https://maytetoscano.github.io/Bioclima_OGC/def/policy/kmgbf-target-8"]}}, {"type": "Feature", "id": "zone-00796", "geometry": {"type": "Polygon", "coordinates": [[[23.663664250645336, 68.13421616505713], [23.730301866726226, 68.13421616505713], [23.730301866726226, 68.20097471676593], [23.663664250645336, 68.20097471676593], [23.663664250645336, 68.13421616505713]]]}, "properties": {"category": "https://maytetoscano.github.io/Bioclima_OGC/def/indicator/zone-mild-advance", "categoryKey": "mild_advance", "categoryLabel": {"en": "Mild phenological advance", "es": "Adelanto fenol\u00f3gico leve", "zh": "\u7269\u5019\u8f7b\u5fae\u63d0\u524d", "ro": "Avans fenologic u\u0219or"}, "pci_value": -0.3025091290473938, "policyRelevance": ["https://maytetoscano.github.io/Bioclima_OGC/def/policy/kmgbf-target-1", "https://maytetoscano.github.io/Bioclima_OGC/def/policy/kmgbf-target-8"]}}, {"type": "Feature", "id": "zone-00797", "geometry": {"type": "Polygon", "coordinates": [[[23.9302147149689, 68.13421616505713], [23.99685233104979, 68.13421616505713], [23.99685233104979, 68.20097471676593], [23.9302147149689, 68.20097471676593], [23.9302147149689, 68.13421616505713]]]}, "properties": {"category": "https://maytetoscano.github.io/Bioclima_OGC/def/indicator/zone-mild-advance", "categoryKey": "mild_advance", "categoryLabel": {"en": "Mild phenological advance", "es": "Adelanto fenol\u00f3gico leve", "zh": "\u7269\u5019\u8f7b\u5fae\u63d0\u524d", "ro": "Avans fenologic u\u0219or"}, "pci_value": -0.2541058361530304, "policyRelevance": ["https://maytetoscano.github.io/Bioclima_OGC/def/policy/kmgbf-target-1", "https://maytetoscano.github.io/Bioclima_OGC/def/policy/kmgbf-target-8"]}}, {"type": "Feature", "id": "zone-00798", "geometry": {"type": "Polygon", "coordinates": [[[24.196765179292466, 68.13421616505713], [24.263402795373356, 68.13421616505713], [24.263402795373356, 68.20097471676593], [24.196765179292466, 68.20097471676593], [24.196765179292466, 68.13421616505713]]]}, "properties": {"category": "https://maytetoscano.github.io/Bioclima_OGC/def/indicator/zone-mild-advance", "categoryKey": "mild_advance", "categoryLabel": {"en": "Mild phenological advance", "es": "Adelanto fenol\u00f3gico leve", "zh": "\u7269\u5019\u8f7b\u5fae\u63d0\u524d", "ro": "Avans fenologic u\u0219or"}, "pci_value": -0.25082117319107056, "policyRelevance": ["https://maytetoscano.github.io/Bioclima_OGC/def/policy/kmgbf-target-1", "https://maytetoscano.github.io/Bioclima_OGC/def/policy/kmgbf-target-8"]}}, {"type": "Feature", "id": "zone-00799", "geometry": {"type": "Polygon", "coordinates": [[[24.46331564361603, 68.13421616505713], [24.52995325969692, 68.13421616505713], [24.52995325969692, 68.20097471676593], [24.46331564361603, 68.20097471676593], [24.46331564361603, 68.13421616505713]]]}, "properties": {"category": "https://maytetoscano.github.io/Bioclima_OGC/def/indicator/zone-mild-advance", "categoryKey": "mild_advance", "categoryLabel": {"en": "Mild phenological advance", "es": "Adelanto fenol\u00f3gico leve", "zh": "\u7269\u5019\u8f7b\u5fae\u63d0\u524d", "ro": "Avans fenologic u\u0219or"}, "pci_value": -0.2589872181415558, "policyRelevance": ["https://maytetoscano.github.io/Bioclima_OGC/def/policy/kmgbf-target-1", "https://maytetoscano.github.io/Bioclima_OGC/def/policy/kmgbf-target-8"]}}, {"type": "Feature", "id": "zone-00800", "geometry": {"type": "Polygon", "coordinates": [[[24.729866107939593, 68.13421616505713], [24.796503724020482, 68.13421616505713], [24.796503724020482, 68.20097471676593], [24.729866107939593, 68.20097471676593], [24.729866107939593, 68.13421616505713]]]}, "properties": {"category": "https://maytetoscano.github.io/Bioclima_OGC/def/indicator/zone-mild-advance", "categoryKey": "mild_advance", "categoryLabel": {"en": "Mild phenological advance", "es": "Adelanto fenol\u00f3gico leve", "zh": "\u7269\u5019\u8f7b\u5fae\u63d0\u524d", "ro": "Avans fenologic u\u0219or"}, "pci_value": -0.2598540186882019, "policyRelevance": ["https://maytetoscano.github.io/Bioclima_OGC/def/policy/kmgbf-target-1", "https://maytetoscano.github.io/Bioclima_OGC/def/policy/kmgbf-target-8"]}}, {"type": "Feature", "id": "zone-00801", "geometry": {"type": "Polygon", "coordinates": [[[24.996416572263154, 68.13421616505713], [25.063054188344044, 68.13421616505713], [25.063054188344044, 68.20097471676593], [24.996416572263154, 68.20097471676593], [24.996416572263154, 68.13421616505713]]]}, "properties": {"category": "https://maytetoscano.github.io/Bioclima_OGC/def/indicator/zone-mild-advance", "categoryKey": "mild_advance", "categoryLabel": {"en": "Mild phenological advance", "es": "Adelanto fenol\u00f3gico leve", "zh": "\u7269\u5019\u8f7b\u5fae\u63d0\u524d", "ro": "Avans fenologic u\u0219or"}, "pci_value": -0.3456660509109497, "policyRelevance": ["https://maytetoscano.github.io/Bioclima_OGC/def/policy/kmgbf-target-1", "https://maytetoscano.github.io/Bioclima_OGC/def/policy/kmgbf-target-8"]}}, {"type": "Feature", "id": "zone-00802", "geometry": {"type": "Polygon", "coordinates": [[[25.26296703658672, 68.13421616505713], [25.32960465266761, 68.13421616505713], [25.32960465266761, 68.20097471676593], [25.26296703658672, 68.20097471676593], [25.26296703658672, 68.13421616505713]]]}, "properties": {"category": "https://maytetoscano.github.io/Bioclima_OGC/def/indicator/zone-mild-advance", "categoryKey": "mild_advance", "categoryLabel": {"en": "Mild phenological advance", "es": "Adelanto fenol\u00f3gico leve", "zh": "\u7269\u5019\u8f7b\u5fae\u63d0\u524d", "ro": "Avans fenologic u\u0219or"}, "pci_value": -0.3958485424518585, "policyRelevance": ["https://maytetoscano.github.io/Bioclima_OGC/def/policy/kmgbf-target-1", "https://maytetoscano.github.io/Bioclima_OGC/def/policy/kmgbf-target-8"]}}, {"type": "Feature", "id": "zone-00803", "geometry": {"type": "Polygon", "coordinates": [[[25.529517500910284, 68.13421616505713], [25.596155116991174, 68.13421616505713], [25.596155116991174, 68.20097471676593], [25.529517500910284, 68.20097471676593], [25.529517500910284, 68.13421616505713]]]}, "properties": {"category": "https://maytetoscano.github.io/Bioclima_OGC/def/indicator/zone-mild-advance", "categoryKey": "mild_advance", "categoryLabel": {"en": "Mild phenological advance", "es": "Adelanto fenol\u00f3gico leve", "zh": "\u7269\u5019\u8f7b\u5fae\u63d0\u524d", "ro": "Avans fenologic u\u0219or"}, "pci_value": -0.4025547504425049, "policyRelevance": ["https://maytetoscano.github.io/Bioclima_OGC/def/policy/kmgbf-target-1", "https://maytetoscano.github.io/Bioclima_OGC/def/policy/kmgbf-target-8"]}}, {"type": "Feature", "id": "zone-00804", "geometry": {"type": "Polygon", "coordinates": [[[25.79606796523385, 68.13421616505713], [25.86270558131474, 68.13421616505713], [25.86270558131474, 68.20097471676593], [25.79606796523385, 68.20097471676593], [25.79606796523385, 68.13421616505713]]]}, "properties": {"category": "https://maytetoscano.github.io/Bioclima_OGC/def/indicator/zone-mild-advance", "categoryKey": "mild_advance", "categoryLabel": {"en": "Mild phenological advance", "es": "Adelanto fenol\u00f3gico leve", "zh": "\u7269\u5019\u8f7b\u5fae\u63d0\u524d", "ro": "Avans fenologic u\u0219or"}, "pci_value": -0.35287410020828247, "policyRelevance": ["https://maytetoscano.github.io/Bioclima_OGC/def/policy/kmgbf-target-1", "https://maytetoscano.github.io/Bioclima_OGC/def/policy/kmgbf-target-8"]}}, {"type": "Feature", "id": "zone-00805", "geometry": {"type": "Polygon", "coordinates": [[[26.06261842955741, 68.13421616505713], [26.1292560456383, 68.13421616505713], [26.1292560456383, 68.20097471676593], [26.06261842955741, 68.20097471676593], [26.06261842955741, 68.13421616505713]]]}, "properties": {"category": "https://maytetoscano.github.io/Bioclima_OGC/def/indicator/zone-mild-advance", "categoryKey": "mild_advance", "categoryLabel": {"en": "Mild phenological advance", "es": "Adelanto fenol\u00f3gico leve", "zh": "\u7269\u5019\u8f7b\u5fae\u63d0\u524d", "ro": "Avans fenologic u\u0219or"}, "pci_value": -0.48407846689224243, "policyRelevance": ["https://maytetoscano.github.io/Bioclima_OGC/def/policy/kmgbf-target-1", "https://maytetoscano.github.io/Bioclima_OGC/def/policy/kmgbf-target-8"]}}, {"type": "Feature", "id": "zone-00806", "geometry": {"type": "Polygon", "coordinates": [[[26.329168893880972, 68.13421616505713], [26.39580650996186, 68.13421616505713], [26.39580650996186, 68.20097471676593], [26.329168893880972, 68.20097471676593], [26.329168893880972, 68.13421616505713]]]}, "properties": {"category": "https://maytetoscano.github.io/Bioclima_OGC/def/indicator/zone-mild-advance", "categoryKey": "mild_advance", "categoryLabel": {"en": "Mild phenological advance", "es": "Adelanto fenol\u00f3gico leve", "zh": "\u7269\u5019\u8f7b\u5fae\u63d0\u524d", "ro": "Avans fenologic u\u0219or"}, "pci_value": -0.38156935572624207, "policyRelevance": ["https://maytetoscano.github.io/Bioclima_OGC/def/policy/kmgbf-target-1", "https://maytetoscano.github.io/Bioclima_OGC/def/policy/kmgbf-target-8"]}}, {"type": "Feature", "id": "zone-00807", "geometry": {"type": "Polygon", "coordinates": [[[26.595719358204537, 68.13421616505713], [26.662356974285427, 68.13421616505713], [26.662356974285427, 68.20097471676593], [26.595719358204537, 68.20097471676593], [26.595719358204537, 68.13421616505713]]]}, "properties": {"category": "https://maytetoscano.github.io/Bioclima_OGC/def/indicator/zone-mild-advance", "categoryKey": "mild_advance", "categoryLabel": {"en": "Mild phenological advance", "es": "Adelanto fenol\u00f3gico leve", "zh": "\u7269\u5019\u8f7b\u5fae\u63d0\u524d", "ro": "Avans fenologic u\u0219or"}, "pci_value": -0.4022810161113739, "policyRelevance": ["https://maytetoscano.github.io/Bioclima_OGC/def/policy/kmgbf-target-1", "https://maytetoscano.github.io/Bioclima_OGC/def/policy/kmgbf-target-8"]}}, {"type": "Feature", "id": "zone-00808", "geometry": {"type": "Polygon", "coordinates": [[[26.862269822528102, 68.13421616505713], [26.92890743860899, 68.13421616505713], [26.92890743860899, 68.20097471676593], [26.862269822528102, 68.20097471676593], [26.862269822528102, 68.13421616505713]]]}, "properties": {"category": "https://maytetoscano.github.io/Bioclima_OGC/def/indicator/zone-mild-advance", "categoryKey": "mild_advance", "categoryLabel": {"en": "Mild phenological advance", "es": "Adelanto fenol\u00f3gico leve", "zh": "\u7269\u5019\u8f7b\u5fae\u63d0\u524d", "ro": "Avans fenologic u\u0219or"}, "pci_value": -0.4149635136127472, "policyRelevance": ["https://maytetoscano.github.io/Bioclima_OGC/def/policy/kmgbf-target-1", "https://maytetoscano.github.io/Bioclima_OGC/def/policy/kmgbf-target-8"]}}, {"type": "Feature", "id": "zone-00809", "geometry": {"type": "Polygon", "coordinates": [[[27.128820286851663, 68.13421616505713], [27.195457902932553, 68.13421616505713], [27.195457902932553, 68.20097471676593], [27.128820286851663, 68.20097471676593], [27.128820286851663, 68.13421616505713]]]}, "properties": {"category": "https://maytetoscano.github.io/Bioclima_OGC/def/indicator/zone-stable", "categoryKey": "stable", "categoryLabel": {"en": "Stable phenology zone", "es": "Zona de fenolog\u00eda estable", "zh": "\u7269\u5019\u7a33\u5b9a\u533a", "ro": "Zon\u0103 cu fenologie stabil\u0103"}, "pci_value": -0.11190693080425262, "policyRelevance": ["https://maytetoscano.github.io/Bioclima_OGC/def/policy/kmgbf-target-1", "https://maytetoscano.github.io/Bioclima_OGC/def/policy/kmgbf-target-8"]}}, {"type": "Feature", "id": "zone-00810", "geometry": {"type": "Polygon", "coordinates": [[[27.395370751175225, 68.13421616505713], [27.462008367256114, 68.13421616505713], [27.462008367256114, 68.20097471676593], [27.395370751175225, 68.20097471676593], [27.395370751175225, 68.13421616505713]]]}, "properties": {"category": "https://maytetoscano.github.io/Bioclima_OGC/def/indicator/zone-stable", "categoryKey": "stable", "categoryLabel": {"en": "Stable phenology zone", "es": "Zona de fenolog\u00eda estable", "zh": "\u7269\u5019\u7a33\u5b9a\u533a", "ro": "Zon\u0103 cu fenologie stabil\u0103"}, "pci_value": -0.17062044143676758, "policyRelevance": ["https://maytetoscano.github.io/Bioclima_OGC/def/policy/kmgbf-target-1", "https://maytetoscano.github.io/Bioclima_OGC/def/policy/kmgbf-target-8"]}}, {"type": "Feature", "id": "zone-00811", "geometry": {"type": "Polygon", "coordinates": [[[27.66192121549879, 68.13421616505713], [27.72855883157968, 68.13421616505713], [27.72855883157968, 68.20097471676593], [27.66192121549879, 68.20097471676593], [27.66192121549879, 68.13421616505713]]]}, "properties": {"category": "https://maytetoscano.github.io/Bioclima_OGC/def/indicator/zone-mild-advance", "categoryKey": "mild_advance", "categoryLabel": {"en": "Mild phenological advance", "es": "Adelanto fenol\u00f3gico leve", "zh": "\u7269\u5019\u8f7b\u5fae\u63d0\u524d", "ro": "Avans fenologic u\u0219or"}, "pci_value": -0.2073448896408081, "policyRelevance": ["https://maytetoscano.github.io/Bioclima_OGC/def/policy/kmgbf-target-1", "https://maytetoscano.github.io/Bioclima_OGC/def/policy/kmgbf-target-8"]}}, {"type": "Feature", "id": "zone-00812", "geometry": {"type": "Polygon", "coordinates": [[[27.928471679822355, 68.13421616505713], [27.995109295903244, 68.13421616505713], [27.995109295903244, 68.20097471676593], [27.928471679822355, 68.20097471676593], [27.928471679822355, 68.13421616505713]]]}, "properties": {"category": "https://maytetoscano.github.io/Bioclima_OGC/def/indicator/zone-mild-advance", "categoryKey": "mild_advance", "categoryLabel": {"en": "Mild phenological advance", "es": "Adelanto fenol\u00f3gico leve", "zh": "\u7269\u5019\u8f7b\u5fae\u63d0\u524d", "ro": "Avans fenologic u\u0219or"}, "pci_value": -0.21281933784484863, "policyRelevance": ["https://maytetoscano.github.io/Bioclima_OGC/def/policy/kmgbf-target-1", "https://maytetoscano.github.io/Bioclima_OGC/def/policy/kmgbf-target-8"]}}, {"type": "Feature", "id": "zone-00813", "geometry": {"type": "Polygon", "coordinates": [[[28.19502214414592, 68.13421616505713], [28.26165976022681, 68.13421616505713], [28.26165976022681, 68.20097471676593], [28.19502214414592, 68.20097471676593], [28.19502214414592, 68.13421616505713]]]}, "properties": {"category": "https://maytetoscano.github.io/Bioclima_OGC/def/indicator/zone-mild-advance", "categoryKey": "mild_advance", "categoryLabel": {"en": "Mild phenological advance", "es": "Adelanto fenol\u00f3gico leve", "zh": "\u7269\u5019\u8f7b\u5fae\u63d0\u524d", "ro": "Avans fenologic u\u0219or"}, "pci_value": -0.27814781665802, "policyRelevance": ["https://maytetoscano.github.io/Bioclima_OGC/def/policy/kmgbf-target-1", "https://maytetoscano.github.io/Bioclima_OGC/def/policy/kmgbf-target-8"]}}, {"type": "Feature", "id": "zone-00814", "geometry": {"type": "Polygon", "coordinates": [[[21.26471007173327, 68.40125037189237], [21.33134768781416, 68.40125037189237], [21.33134768781416, 68.46800892360118], [21.26471007173327, 68.46800892360118], [21.26471007173327, 68.40125037189237]]]}, "properties": {"category": "https://maytetoscano.github.io/Bioclima_OGC/def/indicator/zone-mild-advance", "categoryKey": "mild_advance", "categoryLabel": {"en": "Mild phenological advance", "es": "Adelanto fenol\u00f3gico leve", "zh": "\u7269\u5019\u8f7b\u5fae\u63d0\u524d", "ro": "Avans fenologic u\u0219or"}, "pci_value": -0.2949361205101013, "policyRelevance": ["https://maytetoscano.github.io/Bioclima_OGC/def/policy/kmgbf-target-1", "https://maytetoscano.github.io/Bioclima_OGC/def/policy/kmgbf-target-8"]}}, {"type": "Feature", "id": "zone-00815", "geometry": {"type": "Polygon", "coordinates": [[[21.797811000380396, 68.40125037189237], [21.864448616461285, 68.40125037189237], [21.864448616461285, 68.46800892360118], [21.797811000380396, 68.46800892360118], [21.797811000380396, 68.40125037189237]]]}, "properties": {"category": "https://maytetoscano.github.io/Bioclima_OGC/def/indicator/zone-mild-advance", "categoryKey": "mild_advance", "categoryLabel": {"en": "Mild phenological advance", "es": "Adelanto fenol\u00f3gico leve", "zh": "\u7269\u5019\u8f7b\u5fae\u63d0\u524d", "ro": "Avans fenologic u\u0219or"}, "pci_value": -0.32728102803230286, "policyRelevance": ["https://maytetoscano.github.io/Bioclima_OGC/def/policy/kmgbf-target-1", "https://maytetoscano.github.io/Bioclima_OGC/def/policy/kmgbf-target-8"]}}, {"type": "Feature", "id": "zone-00816", "geometry": {"type": "Polygon", "coordinates": [[[22.06436146470396, 68.40125037189237], [22.13099908078485, 68.40125037189237], [22.13099908078485, 68.46800892360118], [22.06436146470396, 68.46800892360118], [22.06436146470396, 68.40125037189237]]]}, "properties": {"category": "https://maytetoscano.github.io/Bioclima_OGC/def/indicator/zone-mild-advance", "categoryKey": "mild_advance", "categoryLabel": {"en": "Mild phenological advance", "es": "Adelanto fenol\u00f3gico leve", "zh": "\u7269\u5019\u8f7b\u5fae\u63d0\u524d", "ro": "Avans fenologic u\u0219or"}, "pci_value": -0.3511861264705658, "policyRelevance": ["https://maytetoscano.github.io/Bioclima_OGC/def/policy/kmgbf-target-1", "https://maytetoscano.github.io/Bioclima_OGC/def/policy/kmgbf-target-8"]}}, {"type": "Feature", "id": "zone-00817", "geometry": {"type": "Polygon", "coordinates": [[[22.330911929027522, 68.40125037189237], [22.39754954510841, 68.40125037189237], [22.39754954510841, 68.46800892360118], [22.330911929027522, 68.46800892360118], [22.330911929027522, 68.40125037189237]]]}, "properties": {"category": "https://maytetoscano.github.io/Bioclima_OGC/def/indicator/zone-mild-advance", "categoryKey": "mild_advance", "categoryLabel": {"en": "Mild phenological advance", "es": "Adelanto fenol\u00f3gico leve", "zh": "\u7269\u5019\u8f7b\u5fae\u63d0\u524d", "ro": "Avans fenologic u\u0219or"}, "pci_value": -0.2252737283706665, "policyRelevance": ["https://maytetoscano.github.io/Bioclima_OGC/def/policy/kmgbf-target-1", "https://maytetoscano.github.io/Bioclima_OGC/def/policy/kmgbf-target-8"]}}, {"type": "Feature", "id": "zone-00818", "geometry": {"type": "Polygon", "coordinates": [[[22.597462393351083, 68.40125037189237], [22.664100009431973, 68.40125037189237], [22.664100009431973, 68.46800892360118], [22.597462393351083, 68.46800892360118], [22.597462393351083, 68.40125037189237]]]}, "properties": {"category": "https://maytetoscano.github.io/Bioclima_OGC/def/indicator/zone-mild-advance", "categoryKey": "mild_advance", "categoryLabel": {"en": "Mild phenological advance", "es": "Adelanto fenol\u00f3gico leve", "zh": "\u7269\u5019\u8f7b\u5fae\u63d0\u524d", "ro": "Avans fenologic u\u0219or"}, "pci_value": -0.41614964604377747, "policyRelevance": ["https://maytetoscano.github.io/Bioclima_OGC/def/policy/kmgbf-target-1", "https://maytetoscano.github.io/Bioclima_OGC/def/policy/kmgbf-target-8"]}}, {"type": "Feature", "id": "zone-00819", "geometry": {"type": "Polygon", "coordinates": [[[22.86401285767465, 68.40125037189237], [22.930650473755538, 68.40125037189237], [22.930650473755538, 68.46800892360118], [22.86401285767465, 68.46800892360118], [22.86401285767465, 68.40125037189237]]]}, "properties": {"category": "https://maytetoscano.github.io/Bioclima_OGC/def/indicator/zone-mild-advance", "categoryKey": "mild_advance", "categoryLabel": {"en": "Mild phenological advance", "es": "Adelanto fenol\u00f3gico leve", "zh": "\u7269\u5019\u8f7b\u5fae\u63d0\u524d", "ro": "Avans fenologic u\u0219or"}, "pci_value": -0.3413321077823639, "policyRelevance": ["https://maytetoscano.github.io/Bioclima_OGC/def/policy/kmgbf-target-1", "https://maytetoscano.github.io/Bioclima_OGC/def/policy/kmgbf-target-8"]}}, {"type": "Feature", "id": "zone-00820", "geometry": {"type": "Polygon", "coordinates": [[[23.130563321998213, 68.40125037189237], [23.197200938079103, 68.40125037189237], [23.197200938079103, 68.46800892360118], [23.130563321998213, 68.46800892360118], [23.130563321998213, 68.40125037189237]]]}, "properties": {"category": "https://maytetoscano.github.io/Bioclima_OGC/def/indicator/zone-mild-advance", "categoryKey": "mild_advance", "categoryLabel": {"en": "Mild phenological advance", "es": "Adelanto fenol\u00f3gico leve", "zh": "\u7269\u5019\u8f7b\u5fae\u63d0\u524d", "ro": "Avans fenologic u\u0219or"}, "pci_value": -0.3156934380531311, "policyRelevance": ["https://maytetoscano.github.io/Bioclima_OGC/def/policy/kmgbf-target-1", "https://maytetoscano.github.io/Bioclima_OGC/def/policy/kmgbf-target-8"]}}, {"type": "Feature", "id": "zone-00821", "geometry": {"type": "Polygon", "coordinates": [[[23.397113786321775, 68.40125037189237], [23.463751402402664, 68.40125037189237], [23.463751402402664, 68.46800892360118], [23.397113786321775, 68.46800892360118], [23.397113786321775, 68.40125037189237]]]}, "properties": {"category": "https://maytetoscano.github.io/Bioclima_OGC/def/indicator/zone-mild-advance", "categoryKey": "mild_advance", "categoryLabel": {"en": "Mild phenological advance", "es": "Adelanto fenol\u00f3gico leve", "zh": "\u7269\u5019\u8f7b\u5fae\u63d0\u524d", "ro": "Avans fenologic u\u0219or"}, "pci_value": -0.21186131238937378, "policyRelevance": ["https://maytetoscano.github.io/Bioclima_OGC/def/policy/kmgbf-target-1", "https://maytetoscano.github.io/Bioclima_OGC/def/policy/kmgbf-target-8"]}}, {"type": "Feature", "id": "zone-00822", "geometry": {"type": "Polygon", "coordinates": [[[23.663664250645336, 68.40125037189237], [23.730301866726226, 68.40125037189237], [23.730301866726226, 68.46800892360118], [23.663664250645336, 68.46800892360118], [23.663664250645336, 68.40125037189237]]]}, "properties": {"category": "https://maytetoscano.github.io/Bioclima_OGC/def/indicator/zone-mild-advance", "categoryKey": "mild_advance", "categoryLabel": {"en": "Mild phenological advance", "es": "Adelanto fenol\u00f3gico leve", "zh": "\u7269\u5019\u8f7b\u5fae\u63d0\u524d", "ro": "Avans fenologic u\u0219or"}, "pci_value": -0.34292882680892944, "policyRelevance": ["https://maytetoscano.github.io/Bioclima_OGC/def/policy/kmgbf-target-1", "https://maytetoscano.github.io/Bioclima_OGC/def/policy/kmgbf-target-8"]}}, {"type": "Feature", "id": "zone-00823", "geometry": {"type": "Polygon", "coordinates": [[[23.9302147149689, 68.40125037189237], [23.99685233104979, 68.40125037189237], [23.99685233104979, 68.46800892360118], [23.9302147149689, 68.46800892360118], [23.9302147149689, 68.40125037189237]]]}, "properties": {"category": "https://maytetoscano.github.io/Bioclima_OGC/def/indicator/zone-stable", "categoryKey": "stable", "categoryLabel": {"en": "Stable phenology zone", "es": "Zona de fenolog\u00eda estable", "zh": "\u7269\u5019\u7a33\u5b9a\u533a", "ro": "Zon\u0103 cu fenologie stabil\u0103"}, "pci_value": -0.14899635314941406, "policyRelevance": ["https://maytetoscano.github.io/Bioclima_OGC/def/policy/kmgbf-target-1", "https://maytetoscano.github.io/Bioclima_OGC/def/policy/kmgbf-target-8"]}}, {"type": "Feature", "id": "zone-00824", "geometry": {"type": "Polygon", "coordinates": [[[24.196765179292466, 68.40125037189237], [24.263402795373356, 68.40125037189237], [24.263402795373356, 68.46800892360118], [24.196765179292466, 68.46800892360118], [24.196765179292466, 68.40125037189237]]]}, "properties": {"category": "https://maytetoscano.github.io/Bioclima_OGC/def/indicator/zone-mild-advance", "categoryKey": "mild_advance", "categoryLabel": {"en": "Mild phenological advance", "es": "Adelanto fenol\u00f3gico leve", "zh": "\u7269\u5019\u8f7b\u5fae\u63d0\u524d", "ro": "Avans fenologic u\u0219or"}, "pci_value": -0.2378193438053131, "policyRelevance": ["https://maytetoscano.github.io/Bioclima_OGC/def/policy/kmgbf-target-1", "https://maytetoscano.github.io/Bioclima_OGC/def/policy/kmgbf-target-8"]}}, {"type": "Feature", "id": "zone-00825", "geometry": {"type": "Polygon", "coordinates": [[[24.46331564361603, 68.40125037189237], [24.52995325969692, 68.40125037189237], [24.52995325969692, 68.46800892360118], [24.46331564361603, 68.46800892360118], [24.46331564361603, 68.40125037189237]]]}, "properties": {"category": "https://maytetoscano.github.io/Bioclima_OGC/def/indicator/zone-mild-advance", "categoryKey": "mild_advance", "categoryLabel": {"en": "Mild phenological advance", "es": "Adelanto fenol\u00f3gico leve", "zh": "\u7269\u5019\u8f7b\u5fae\u63d0\u524d", "ro": "Avans fenologic u\u0219or"}, "pci_value": -0.2480839341878891, "policyRelevance": ["https://maytetoscano.github.io/Bioclima_OGC/def/policy/kmgbf-target-1", "https://maytetoscano.github.io/Bioclima_OGC/def/policy/kmgbf-target-8"]}}, {"type": "Feature", "id": "zone-00826", "geometry": {"type": "Polygon", "coordinates": [[[24.729866107939593, 68.40125037189237], [24.796503724020482, 68.40125037189237], [24.796503724020482, 68.46800892360118], [24.729866107939593, 68.46800892360118], [24.729866107939593, 68.40125037189237]]]}, "properties": {"category": "https://maytetoscano.github.io/Bioclima_OGC/def/indicator/zone-mild-advance", "categoryKey": "mild_advance", "categoryLabel": {"en": "Mild phenological advance", "es": "Adelanto fenol\u00f3gico leve", "zh": "\u7269\u5019\u8f7b\u5fae\u63d0\u524d", "ro": "Avans fenologic u\u0219or"}, "pci_value": -0.26916059851646423, "policyRelevance": ["https://maytetoscano.github.io/Bioclima_OGC/def/policy/kmgbf-target-1", "https://maytetoscano.github.io/Bioclima_OGC/def/policy/kmgbf-target-8"]}}, {"type": "Feature", "id": "zone-00827", "geometry": {"type": "Polygon", "coordinates": [[[24.996416572263154, 68.40125037189237], [25.063054188344044, 68.40125037189237], [25.063054188344044, 68.46800892360118], [24.996416572263154, 68.46800892360118], [24.996416572263154, 68.40125037189237]]]}, "properties": {"category": "https://maytetoscano.github.io/Bioclima_OGC/def/indicator/zone-mild-advance", "categoryKey": "mild_advance", "categoryLabel": {"en": "Mild phenological advance", "es": "Adelanto fenol\u00f3gico leve", "zh": "\u7269\u5019\u8f7b\u5fae\u63d0\u524d", "ro": "Avans fenologic u\u0219or"}, "pci_value": -0.2504105865955353, "policyRelevance": ["https://maytetoscano.github.io/Bioclima_OGC/def/policy/kmgbf-target-1", "https://maytetoscano.github.io/Bioclima_OGC/def/policy/kmgbf-target-8"]}}, {"type": "Feature", "id": "zone-00828", "geometry": {"type": "Polygon", "coordinates": [[[25.26296703658672, 68.40125037189237], [25.32960465266761, 68.40125037189237], [25.32960465266761, 68.46800892360118], [25.26296703658672, 68.46800892360118], [25.26296703658672, 68.40125037189237]]]}, "properties": {"category": "https://maytetoscano.github.io/Bioclima_OGC/def/indicator/zone-mild-advance", "categoryKey": "mild_advance", "categoryLabel": {"en": "Mild phenological advance", "es": "Adelanto fenol\u00f3gico leve", "zh": "\u7269\u5019\u8f7b\u5fae\u63d0\u524d", "ro": "Avans fenologic u\u0219or"}, "pci_value": -0.27979013323783875, "policyRelevance": ["https://maytetoscano.github.io/Bioclima_OGC/def/policy/kmgbf-target-1", "https://maytetoscano.github.io/Bioclima_OGC/def/policy/kmgbf-target-8"]}}, {"type": "Feature", "id": "zone-00829", "geometry": {"type": "Polygon", "coordinates": [[[25.529517500910284, 68.40125037189237], [25.596155116991174, 68.40125037189237], [25.596155116991174, 68.46800892360118], [25.529517500910284, 68.46800892360118], [25.529517500910284, 68.40125037189237]]]}, "properties": {"category": "https://maytetoscano.github.io/Bioclima_OGC/def/indicator/zone-mild-advance", "categoryKey": "mild_advance", "categoryLabel": {"en": "Mild phenological advance", "es": "Adelanto fenol\u00f3gico leve", "zh": "\u7269\u5019\u8f7b\u5fae\u63d0\u524d", "ro": "Avans fenologic u\u0219or"}, "pci_value": -0.42372262477874756, "policyRelevance": ["https://maytetoscano.github.io/Bioclima_OGC/def/policy/kmgbf-target-1", "https://maytetoscano.github.io/Bioclima_OGC/def/policy/kmgbf-target-8"]}}, {"type": "Feature", "id": "zone-00830", "geometry": {"type": "Polygon", "coordinates": [[[25.79606796523385, 68.40125037189237], [25.86270558131474, 68.40125037189237], [25.86270558131474, 68.46800892360118], [25.79606796523385, 68.46800892360118], [25.79606796523385, 68.40125037189237]]]}, "properties": {"category": "https://maytetoscano.github.io/Bioclima_OGC/def/indicator/zone-mild-advance", "categoryKey": "mild_advance", "categoryLabel": {"en": "Mild phenological advance", "es": "Adelanto fenol\u00f3gico leve", "zh": "\u7269\u5019\u8f7b\u5fae\u63d0\u524d", "ro": "Avans fenologic u\u0219or"}, "pci_value": -0.2305200695991516, "policyRelevance": ["https://maytetoscano.github.io/Bioclima_OGC/def/policy/kmgbf-target-1", "https://maytetoscano.github.io/Bioclima_OGC/def/policy/kmgbf-target-8"]}}, {"type": "Feature", "id": "zone-00831", "geometry": {"type": "Polygon", "coordinates": [[[26.06261842955741, 68.40125037189237], [26.1292560456383, 68.40125037189237], [26.1292560456383, 68.46800892360118], [26.06261842955741, 68.46800892360118], [26.06261842955741, 68.40125037189237]]]}, "properties": {"category": "https://maytetoscano.github.io/Bioclima_OGC/def/indicator/zone-mild-advance", "categoryKey": "mild_advance", "categoryLabel": {"en": "Mild phenological advance", "es": "Adelanto fenol\u00f3gico leve", "zh": "\u7269\u5019\u8f7b\u5fae\u63d0\u524d", "ro": "Avans fenologic u\u0219or"}, "pci_value": -0.40027371048927307, "policyRelevance": ["https://maytetoscano.github.io/Bioclima_OGC/def/policy/kmgbf-target-1", "https://maytetoscano.github.io/Bioclima_OGC/def/policy/kmgbf-target-8"]}}, {"type": "Feature", "id": "zone-00832", "geometry": {"type": "Polygon", "coordinates": [[[26.329168893880972, 68.40125037189237], [26.39580650996186, 68.40125037189237], [26.39580650996186, 68.46800892360118], [26.329168893880972, 68.46800892360118], [26.329168893880972, 68.40125037189237]]]}, "properties": {"category": "https://maytetoscano.github.io/Bioclima_OGC/def/indicator/zone-mild-advance", "categoryKey": "mild_advance", "categoryLabel": {"en": "Mild phenological advance", "es": "Adelanto fenol\u00f3gico leve", "zh": "\u7269\u5019\u8f7b\u5fae\u63d0\u524d", "ro": "Avans fenologic u\u0219or"}, "pci_value": -0.2589872181415558, "policyRelevance": ["https://maytetoscano.github.io/Bioclima_OGC/def/policy/kmgbf-target-1", "https://maytetoscano.github.io/Bioclima_OGC/def/policy/kmgbf-target-8"]}}, {"type": "Feature", "id": "zone-00833", "geometry": {"type": "Polygon", "coordinates": [[[26.595719358204537, 68.40125037189237], [26.662356974285427, 68.40125037189237], [26.662356974285427, 68.46800892360118], [26.595719358204537, 68.46800892360118], [26.595719358204537, 68.40125037189237]]]}, "properties": {"category": "https://maytetoscano.github.io/Bioclima_OGC/def/indicator/zone-mild-advance", "categoryKey": "mild_advance", "categoryLabel": {"en": "Mild phenological advance", "es": "Adelanto fenol\u00f3gico leve", "zh": "\u7269\u5019\u8f7b\u5fae\u63d0\u524d", "ro": "Avans fenologic u\u0219or"}, "pci_value": -0.3889598548412323, "policyRelevance": ["https://maytetoscano.github.io/Bioclima_OGC/def/policy/kmgbf-target-1", "https://maytetoscano.github.io/Bioclima_OGC/def/policy/kmgbf-target-8"]}}, {"type": "Feature", "id": "zone-00834", "geometry": {"type": "Polygon", "coordinates": [[[26.862269822528102, 68.40125037189237], [26.92890743860899, 68.40125037189237], [26.92890743860899, 68.46800892360118], [26.862269822528102, 68.46800892360118], [26.862269822528102, 68.40125037189237]]]}, "properties": {"category": "https://maytetoscano.github.io/Bioclima_OGC/def/indicator/zone-strong-advance", "categoryKey": "strong_advance", "categoryLabel": {"en": "Strong phenological advance", "es": "Adelanto fenol\u00f3gico fuerte", "zh": "\u7269\u5019\u5f3a\u70c8\u63d0\u524d", "ro": "Avans fenologic puternic"}, "pci_value": -0.5083029270172119, "policyRelevance": ["https://maytetoscano.github.io/Bioclima_OGC/def/policy/kmgbf-target-1", "https://maytetoscano.github.io/Bioclima_OGC/def/policy/kmgbf-target-8"]}}, {"type": "Feature", "id": "zone-00835", "geometry": {"type": "Polygon", "coordinates": [[[27.395370751175225, 68.40125037189237], [27.462008367256114, 68.40125037189237], [27.462008367256114, 68.46800892360118], [27.395370751175225, 68.46800892360118], [27.395370751175225, 68.40125037189237]]]}, "properties": {"category": "https://maytetoscano.github.io/Bioclima_OGC/def/indicator/zone-mild-advance", "categoryKey": "mild_advance", "categoryLabel": {"en": "Mild phenological advance", "es": "Adelanto fenol\u00f3gico leve", "zh": "\u7269\u5019\u8f7b\u5fae\u63d0\u524d", "ro": "Avans fenologic u\u0219or"}, "pci_value": -0.3927919566631317, "policyRelevance": ["https://maytetoscano.github.io/Bioclima_OGC/def/policy/kmgbf-target-1", "https://maytetoscano.github.io/Bioclima_OGC/def/policy/kmgbf-target-8"]}}, {"type": "Feature", "id": "zone-00836", "geometry": {"type": "Polygon", "coordinates": [[[27.66192121549879, 68.40125037189237], [27.72855883157968, 68.40125037189237], [27.72855883157968, 68.46800892360118], [27.66192121549879, 68.46800892360118], [27.66192121549879, 68.40125037189237]]]}, "properties": {"category": "https://maytetoscano.github.io/Bioclima_OGC/def/indicator/zone-mild-advance", "categoryKey": "mild_advance", "categoryLabel": {"en": "Mild phenological advance", "es": "Adelanto fenol\u00f3gico leve", "zh": "\u7269\u5019\u8f7b\u5fae\u63d0\u524d", "ro": "Avans fenologic u\u0219or"}, "pci_value": -0.27668794989585876, "policyRelevance": ["https://maytetoscano.github.io/Bioclima_OGC/def/policy/kmgbf-target-1", "https://maytetoscano.github.io/Bioclima_OGC/def/policy/kmgbf-target-8"]}}, {"type": "Feature", "id": "zone-00837", "geometry": {"type": "Polygon", "coordinates": [[[19.665407285791886, 68.66828457872761], [19.732044901872776, 68.66828457872761], [19.732044901872776, 68.73504313043641], [19.665407285791886, 68.73504313043641], [19.665407285791886, 68.66828457872761]]]}, "properties": {"category": "https://maytetoscano.github.io/Bioclima_OGC/def/indicator/zone-mild-advance", "categoryKey": "mild_advance", "categoryLabel": {"en": "Mild phenological advance", "es": "Adelanto fenol\u00f3gico leve", "zh": "\u7269\u5019\u8f7b\u5fae\u63d0\u524d", "ro": "Avans fenologic u\u0219or"}, "pci_value": -0.27860400080680847, "policyRelevance": ["https://maytetoscano.github.io/Bioclima_OGC/def/policy/kmgbf-target-1", "https://maytetoscano.github.io/Bioclima_OGC/def/policy/kmgbf-target-8"]}}, {"type": "Feature", "id": "zone-00838", "geometry": {"type": "Polygon", "coordinates": [[[19.93195775011545, 68.66828457872761], [19.99859536619634, 68.66828457872761], [19.99859536619634, 68.73504313043641], [19.93195775011545, 68.73504313043641], [19.93195775011545, 68.66828457872761]]]}, "properties": {"category": "https://maytetoscano.github.io/Bioclima_OGC/def/indicator/zone-mild-advance", "categoryKey": "mild_advance", "categoryLabel": {"en": "Mild phenological advance", "es": "Adelanto fenol\u00f3gico leve", "zh": "\u7269\u5019\u8f7b\u5fae\u63d0\u524d", "ro": "Avans fenologic u\u0219or"}, "pci_value": -0.38695254921913147, "policyRelevance": ["https://maytetoscano.github.io/Bioclima_OGC/def/policy/kmgbf-target-1", "https://maytetoscano.github.io/Bioclima_OGC/def/policy/kmgbf-target-8"]}}, {"type": "Feature", "id": "zone-00839", "geometry": {"type": "Polygon", "coordinates": [[[20.198508214439013, 68.66828457872761], [20.265145830519902, 68.66828457872761], [20.265145830519902, 68.73504313043641], [20.198508214439013, 68.73504313043641], [20.198508214439013, 68.66828457872761]]]}, "properties": {"category": "https://maytetoscano.github.io/Bioclima_OGC/def/indicator/zone-mild-advance", "categoryKey": "mild_advance", "categoryLabel": {"en": "Mild phenological advance", "es": "Adelanto fenol\u00f3gico leve", "zh": "\u7269\u5019\u8f7b\u5fae\u63d0\u524d", "ro": "Avans fenologic u\u0219or"}, "pci_value": -0.4802919626235962, "policyRelevance": ["https://maytetoscano.github.io/Bioclima_OGC/def/policy/kmgbf-target-1", "https://maytetoscano.github.io/Bioclima_OGC/def/policy/kmgbf-target-8"]}}, {"type": "Feature", "id": "zone-00840", "geometry": {"type": "Polygon", "coordinates": [[[20.731609143086143, 68.66828457872761], [20.798246759167032, 68.66828457872761], [20.798246759167032, 68.73504313043641], [20.731609143086143, 68.73504313043641], [20.731609143086143, 68.66828457872761]]]}, "properties": {"category": "https://maytetoscano.github.io/Bioclima_OGC/def/indicator/zone-strong-advance", "categoryKey": "strong_advance", "categoryLabel": {"en": "Strong phenological advance", "es": "Adelanto fenol\u00f3gico fuerte", "zh": "\u7269\u5019\u5f3a\u70c8\u63d0\u524d", "ro": "Avans fenologic puternic"}, "pci_value": -0.6584144830703735, "policyRelevance": ["https://maytetoscano.github.io/Bioclima_OGC/def/policy/kmgbf-target-1", "https://maytetoscano.github.io/Bioclima_OGC/def/policy/kmgbf-target-8"]}}, {"type": "Feature", "id": "zone-00841", "geometry": {"type": "Polygon", "coordinates": [[[22.330911929027522, 68.66828457872761], [22.39754954510841, 68.66828457872761], [22.39754954510841, 68.73504313043641], [22.330911929027522, 68.73504313043641], [22.330911929027522, 68.66828457872761]]]}, "properties": {"category": "https://maytetoscano.github.io/Bioclima_OGC/def/indicator/zone-stable", "categoryKey": "stable", "categoryLabel": {"en": "Stable phenology zone", "es": "Zona de fenolog\u00eda estable", "zh": "\u7269\u5019\u7a33\u5b9a\u533a", "ro": "Zon\u0103 cu fenologie stabil\u0103"}, "pci_value": -0.09972627460956573, "policyRelevance": ["https://maytetoscano.github.io/Bioclima_OGC/def/policy/kmgbf-target-1", "https://maytetoscano.github.io/Bioclima_OGC/def/policy/kmgbf-target-8"]}}, {"type": "Feature", "id": "zone-00842", "geometry": {"type": "Polygon", "coordinates": [[[22.597462393351083, 68.66828457872761], [22.664100009431973, 68.66828457872761], [22.664100009431973, 68.73504313043641], [22.597462393351083, 68.73504313043641], [22.597462393351083, 68.66828457872761]]]}, "properties": {"category": "https://maytetoscano.github.io/Bioclima_OGC/def/indicator/zone-mild-advance", "categoryKey": "mild_advance", "categoryLabel": {"en": "Mild phenological advance", "es": "Adelanto fenol\u00f3gico leve", "zh": "\u7269\u5019\u8f7b\u5fae\u63d0\u524d", "ro": "Avans fenologic u\u0219or"}, "pci_value": -0.298175185918808, "policyRelevance": ["https://maytetoscano.github.io/Bioclima_OGC/def/policy/kmgbf-target-1", "https://maytetoscano.github.io/Bioclima_OGC/def/policy/kmgbf-target-8"]}}, {"type": "Feature", "id": "zone-00843", "geometry": {"type": "Polygon", "coordinates": [[[22.86401285767465, 68.66828457872761], [22.930650473755538, 68.66828457872761], [22.930650473755538, 68.73504313043641], [22.86401285767465, 68.73504313043641], [22.86401285767465, 68.66828457872761]]]}, "properties": {"category": "https://maytetoscano.github.io/Bioclima_OGC/def/indicator/zone-mild-advance", "categoryKey": "mild_advance", "categoryLabel": {"en": "Mild phenological advance", "es": "Adelanto fenol\u00f3gico leve", "zh": "\u7269\u5019\u8f7b\u5fae\u63d0\u524d", "ro": "Avans fenologic u\u0219or"}, "pci_value": -0.20538321137428284, "policyRelevance": ["https://maytetoscano.github.io/Bioclima_OGC/def/policy/kmgbf-target-1", "https://maytetoscano.github.io/Bioclima_OGC/def/policy/kmgbf-target-8"]}}, {"type": "Feature", "id": "zone-00844", "geometry": {"type": "Polygon", "coordinates": [[[23.130563321998213, 68.66828457872761], [23.197200938079103, 68.66828457872761], [23.197200938079103, 68.73504313043641], [23.130563321998213, 68.73504313043641], [23.130563321998213, 68.66828457872761]]]}, "properties": {"category": "https://maytetoscano.github.io/Bioclima_OGC/def/indicator/zone-mild-advance", "categoryKey": "mild_advance", "categoryLabel": {"en": "Mild phenological advance", "es": "Adelanto fenol\u00f3gico leve", "zh": "\u7269\u5019\u8f7b\u5fae\u63d0\u524d", "ro": "Avans fenologic u\u0219or"}, "pci_value": -0.2047901451587677, "policyRelevance": ["https://maytetoscano.github.io/Bioclima_OGC/def/policy/kmgbf-target-1", "https://maytetoscano.github.io/Bioclima_OGC/def/policy/kmgbf-target-8"]}}, {"type": "Feature", "id": "zone-00845", "geometry": {"type": "Polygon", "coordinates": [[[23.397113786321775, 68.66828457872761], [23.463751402402664, 68.66828457872761], [23.463751402402664, 68.73504313043641], [23.397113786321775, 68.73504313043641], [23.397113786321775, 68.66828457872761]]]}, "properties": {"category": "https://maytetoscano.github.io/Bioclima_OGC/def/indicator/zone-stable", "categoryKey": "stable", "categoryLabel": {"en": "Stable phenology zone", "es": "Zona de fenolog\u00eda estable", "zh": "\u7269\u5019\u7a33\u5b9a\u533a", "ro": "Zon\u0103 cu fenologie stabil\u0103"}, "pci_value": -0.10711678862571716, "policyRelevance": ["https://maytetoscano.github.io/Bioclima_OGC/def/policy/kmgbf-target-1", "https://maytetoscano.github.io/Bioclima_OGC/def/policy/kmgbf-target-8"]}}, {"type": "Feature", "id": "zone-00846", "geometry": {"type": "Polygon", "coordinates": [[[23.663664250645336, 68.66828457872761], [23.730301866726226, 68.66828457872761], [23.730301866726226, 68.73504313043641], [23.663664250645336, 68.73504313043641], [23.663664250645336, 68.66828457872761]]]}, "properties": {"category": "https://maytetoscano.github.io/Bioclima_OGC/def/indicator/zone-mild-advance", "categoryKey": "mild_advance", "categoryLabel": {"en": "Mild phenological advance", "es": "Adelanto fenol\u00f3gico leve", "zh": "\u7269\u5019\u8f7b\u5fae\u63d0\u524d", "ro": "Avans fenologic u\u0219or"}, "pci_value": -0.2238594889640808, "policyRelevance": ["https://maytetoscano.github.io/Bioclima_OGC/def/policy/kmgbf-target-1", "https://maytetoscano.github.io/Bioclima_OGC/def/policy/kmgbf-target-8"]}}, {"type": "Feature", "id": "zone-00847", "geometry": {"type": "Polygon", "coordinates": [[[24.196765179292466, 68.66828457872761], [24.263402795373356, 68.66828457872761], [24.263402795373356, 68.73504313043641], [24.196765179292466, 68.73504313043641], [24.196765179292466, 68.66828457872761]]]}, "properties": {"category": "https://maytetoscano.github.io/Bioclima_OGC/def/indicator/zone-stable", "categoryKey": "stable", "categoryLabel": {"en": "Stable phenology zone", "es": "Zona de fenolog\u00eda estable", "zh": "\u7269\u5019\u7a33\u5b9a\u533a", "ro": "Zon\u0103 cu fenologie stabil\u0103"}, "pci_value": -0.1142335757613182, "policyRelevance": ["https://maytetoscano.github.io/Bioclima_OGC/def/policy/kmgbf-target-1", "https://maytetoscano.github.io/Bioclima_OGC/def/policy/kmgbf-target-8"]}}, {"type": "Feature", "id": "zone-00848", "geometry": {"type": "Polygon", "coordinates": [[[24.46331564361603, 68.66828457872761], [24.52995325969692, 68.66828457872761], [24.52995325969692, 68.73504313043641], [24.46331564361603, 68.73504313043641], [24.46331564361603, 68.66828457872761]]]}, "properties": {"category": "https://maytetoscano.github.io/Bioclima_OGC/def/indicator/zone-stable", "categoryKey": "stable", "categoryLabel": {"en": "Stable phenology zone", "es": "Zona de fenolog\u00eda estable", "zh": "\u7269\u5019\u7a33\u5b9a\u533a", "ro": "Zon\u0103 cu fenologie stabil\u0103"}, "pci_value": -0.19867700338363647, "policyRelevance": ["https://maytetoscano.github.io/Bioclima_OGC/def/policy/kmgbf-target-1", "https://maytetoscano.github.io/Bioclima_OGC/def/policy/kmgbf-target-8"]}}, {"type": "Feature", "id": "zone-00849", "geometry": {"type": "Polygon", "coordinates": [[[24.729866107939593, 68.66828457872761], [24.796503724020482, 68.66828457872761], [24.796503724020482, 68.73504313043641], [24.729866107939593, 68.73504313043641], [24.729866107939593, 68.66828457872761]]]}, "properties": {"category": "https://maytetoscano.github.io/Bioclima_OGC/def/indicator/zone-stable", "categoryKey": "stable", "categoryLabel": {"en": "Stable phenology zone", "es": "Zona de fenolog\u00eda estable", "zh": "\u7269\u5019\u7a33\u5b9a\u533a", "ro": "Zon\u0103 cu fenologie stabil\u0103"}, "pci_value": -0.19644160568714142, "policyRelevance": ["https://maytetoscano.github.io/Bioclima_OGC/def/policy/kmgbf-target-1", "https://maytetoscano.github.io/Bioclima_OGC/def/policy/kmgbf-target-8"]}}, {"type": "Feature", "id": "zone-00850", "geometry": {"type": "Polygon", "coordinates": [[[24.996416572263154, 68.66828457872761], [25.063054188344044, 68.66828457872761], [25.063054188344044, 68.73504313043641], [24.996416572263154, 68.73504313043641], [24.996416572263154, 68.66828457872761]]]}, "properties": {"category": "https://maytetoscano.github.io/Bioclima_OGC/def/indicator/zone-mild-advance", "categoryKey": "mild_advance", "categoryLabel": {"en": "Mild phenological advance", "es": "Adelanto fenol\u00f3gico leve", "zh": "\u7269\u5019\u8f7b\u5fae\u63d0\u524d", "ro": "Avans fenologic u\u0219or"}, "pci_value": -0.31934306025505066, "policyRelevance": ["https://maytetoscano.github.io/Bioclima_OGC/def/policy/kmgbf-target-1", "https://maytetoscano.github.io/Bioclima_OGC/def/policy/kmgbf-target-8"]}}, {"type": "Feature", "id": "zone-00851", "geometry": {"type": "Polygon", "coordinates": [[[22.86401285767465, 68.93531878556286], [22.930650473755538, 68.93531878556286], [22.930650473755538, 69.00207733727166], [22.86401285767465, 69.00207733727166], [22.86401285767465, 68.93531878556286]]]}, "properties": {"category": "https://maytetoscano.github.io/Bioclima_OGC/def/indicator/zone-stable", "categoryKey": "stable", "categoryLabel": {"en": "Stable phenology zone", "es": "Zona de fenolog\u00eda estable", "zh": "\u7269\u5019\u7a33\u5b9a\u533a", "ro": "Zon\u0103 cu fenologie stabil\u0103"}, "pci_value": -0.1351277381181717, "policyRelevance": ["https://maytetoscano.github.io/Bioclima_OGC/def/policy/kmgbf-target-1", "https://maytetoscano.github.io/Bioclima_OGC/def/policy/kmgbf-target-8"]}}, {"type": "Feature", "id": "zone-00852", "geometry": {"type": "Polygon", "coordinates": [[[23.130563321998213, 68.93531878556286], [23.197200938079103, 68.93531878556286], [23.197200938079103, 69.00207733727166], [23.130563321998213, 69.00207733727166], [23.130563321998213, 68.93531878556286]]]}, "properties": {"category": "https://maytetoscano.github.io/Bioclima_OGC/def/indicator/zone-mild-advance", "categoryKey": "mild_advance", "categoryLabel": {"en": "Mild phenological advance", "es": "Adelanto fenol\u00f3gico leve", "zh": "\u7269\u5019\u8f7b\u5fae\u63d0\u524d", "ro": "Avans fenologic u\u0219or"}, "pci_value": -0.23239050805568695, "policyRelevance": ["https://maytetoscano.github.io/Bioclima_OGC/def/policy/kmgbf-target-1", "https://maytetoscano.github.io/Bioclima_OGC/def/policy/kmgbf-target-8"]}}, {"type": "Feature", "id": "zone-00853", "geometry": {"type": "Polygon", "coordinates": [[[23.397113786321775, 68.93531878556286], [23.463751402402664, 68.93531878556286], [23.463751402402664, 69.00207733727166], [23.397113786321775, 69.00207733727166], [23.397113786321775, 68.93531878556286]]]}, "properties": {"category": "https://maytetoscano.github.io/Bioclima_OGC/def/indicator/zone-mild-advance", "categoryKey": "mild_advance", "categoryLabel": {"en": "Mild phenological advance", "es": "Adelanto fenol\u00f3gico leve", "zh": "\u7269\u5019\u8f7b\u5fae\u63d0\u524d", "ro": "Avans fenologic u\u0219or"}, "pci_value": -0.23330292105674744, "policyRelevance": ["https://maytetoscano.github.io/Bioclima_OGC/def/policy/kmgbf-target-1", "https://maytetoscano.github.io/Bioclima_OGC/def/policy/kmgbf-target-8"]}}, {"type": "Feature", "id": "zone-00854", "geometry": {"type": "Polygon", "coordinates": [[[23.663664250645336, 68.93531878556286], [23.730301866726226, 68.93531878556286], [23.730301866726226, 69.00207733727166], [23.663664250645336, 69.00207733727166], [23.663664250645336, 68.93531878556286]]]}, "properties": {"category": "https://maytetoscano.github.io/Bioclima_OGC/def/indicator/zone-mild-advance", "categoryKey": "mild_advance", "categoryLabel": {"en": "Mild phenological advance", "es": "Adelanto fenol\u00f3gico leve", "zh": "\u7269\u5019\u8f7b\u5fae\u63d0\u524d", "ro": "Avans fenologic u\u0219or"}, "pci_value": -0.21154196560382843, "policyRelevance": ["https://maytetoscano.github.io/Bioclima_OGC/def/policy/kmgbf-target-1", "https://maytetoscano.github.io/Bioclima_OGC/def/policy/kmgbf-target-8"]}}, {"type": "Feature", "id": "zone-00855", "geometry": {"type": "Polygon", "coordinates": [[[23.9302147149689, 68.93531878556286], [23.99685233104979, 68.93531878556286], [23.99685233104979, 69.00207733727166], [23.9302147149689, 69.00207733727166], [23.9302147149689, 68.93531878556286]]]}, "properties": {"category": "https://maytetoscano.github.io/Bioclima_OGC/def/indicator/zone-mild-advance", "categoryKey": "mild_advance", "categoryLabel": {"en": "Mild phenological advance", "es": "Adelanto fenol\u00f3gico leve", "zh": "\u7269\u5019\u8f7b\u5fae\u63d0\u524d", "ro": "Avans fenologic u\u0219or"}, "pci_value": -0.2500912547111511, "policyRelevance": ["https://maytetoscano.github.io/Bioclima_OGC/def/policy/kmgbf-target-1", "https://maytetoscano.github.io/Bioclima_OGC/def/policy/kmgbf-target-8"]}}, {"type": "Feature", "id": "zone-00856", "geometry": {"type": "Polygon", "coordinates": [[[24.46331564361603, 68.93531878556286], [24.52995325969692, 68.93531878556286], [24.52995325969692, 69.00207733727166], [24.46331564361603, 69.00207733727166], [24.46331564361603, 68.93531878556286]]]}, "properties": {"category": "https://maytetoscano.github.io/Bioclima_OGC/def/indicator/zone-strong-advance", "categoryKey": "strong_advance", "categoryLabel": {"en": "Strong phenological advance", "es": "Adelanto fenol\u00f3gico fuerte", "zh": "\u7269\u5019\u5f3a\u70c8\u63d0\u524d", "ro": "Avans fenologic puternic"}, "pci_value": -0.5336678624153137, "policyRelevance": ["https://maytetoscano.github.io/Bioclima_OGC/def/policy/kmgbf-target-1", "https://maytetoscano.github.io/Bioclima_OGC/def/policy/kmgbf-target-8"]}}]}